[19Apr2026 02:21:28.660] [main/INFO] [cpw.mods.modlauncher.Launcher/MODLAUNCHER]: ModLauncher running: args [--launchTarget, forgeserver, --fml.forgeVersion, 47.4.4, --fml.mcVersion, 1.20.1, --fml.forgeGroup, net.minecraftforge, --fml.mcpVersion, 20230612.114412, nogui]
[19Apr2026 02:21:28.664] [main/INFO] [cpw.mods.modlauncher.Launcher/MODLAUNCHER]: ModLauncher 10.0.9+10.0.9+main.dcd20f30 starting: java version 17.0.18 by Ubuntu; OS Linux arch amd64 version 6.8.0-1044-azure
[19Apr2026 02:21:29.653] [main/INFO] [net.minecraftforge.fml.loading.ImmediateWindowHandler/]: ImmediateWindowProvider not loading because launch target is forgeserver
[19Apr2026 02:21:29.660] [main/INFO] [settingdust.lazyyyyy.forge.core.LazyyyyyHacksInjector/]: Constructing
[19Apr2026 02:21:29.661] [main/INFO] [settingdust.lazyyyyy.forge.core.LazyyyyyHacksInjector/]: Injecting bootstrap
[19Apr2026 02:21:29.740] [main/INFO] [settingdust.lazyyyyy.forge.core.LazyyyyyHacksInjector/]: Transforming Resolver#makeGraph
[19Apr2026 02:21:29.792] [main/INFO] [settingdust.lazyyyyy.forge.core.LazyyyyyHacksInjector/]: Injecting mc bootstrap
[19Apr2026 02:21:29.921] [main/INFO] [mixin-booster/]: Mixin Booster org.sinytra.mixinbooster.MixinTransformationService is definitely up to no good...
[19Apr2026 02:21:29.993] [main/INFO] [mixin-booster/]: Crimes against java were committed by org.sinytra.mixinbooster.MixinTransformationService
[19Apr2026 02:21:30.013] [main/INFO] [mixin-booster/]: Original mixin transformation service successfully crobbed by mixin-booster!
[19Apr2026 02:21:30.051] [main/INFO] [settingdust.lazyyyyy.forge.core.LazyyyyyHacksInjector/]: Initializing
[19Apr2026 02:21:30.111] [main/INFO] [mixin/]: SpongePowered MIXIN Subsystem Version=0.8.5 Source=union:/workspaces/SERVER-TEMPLATE/servidor_minecraft/mods/mixin-booster-0.1.3+1.20.1.jar%23259%23262!/ Service=ModLauncher Env=SERVER
[19Apr2026 02:21:31.535] [main/WARN] [net.minecraftforge.fml.loading.moddiscovery.ModFileParser/LOADING]: Mod file /workspaces/SERVER-TEMPLATE/servidor_minecraft/libraries/net/minecraftforge/fmlcore/1.20.1-47.4.4/fmlcore-1.20.1-47.4.4.jar is missing mods.toml file
[19Apr2026 02:21:31.537] [main/WARN] [net.minecraftforge.fml.loading.moddiscovery.ModFileParser/LOADING]: Mod file /workspaces/SERVER-TEMPLATE/servidor_minecraft/libraries/net/minecraftforge/javafmllanguage/1.20.1-47.4.4/javafmllanguage-1.20.1-47.4.4.jar is missing mods.toml file
[19Apr2026 02:21:31.538] [main/WARN] [net.minecraftforge.fml.loading.moddiscovery.ModFileParser/LOADING]: Mod file /workspaces/SERVER-TEMPLATE/servidor_minecraft/libraries/net/minecraftforge/lowcodelanguage/1.20.1-47.4.4/lowcodelanguage-1.20.1-47.4.4.jar is missing mods.toml file
[19Apr2026 02:21:31.539] [main/WARN] [net.minecraftforge.fml.loading.moddiscovery.ModFileParser/LOADING]: Mod file /workspaces/SERVER-TEMPLATE/servidor_minecraft/libraries/net/minecraftforge/mclanguage/1.20.1-47.4.4/mclanguage-1.20.1-47.4.4.jar is missing mods.toml file
[19Apr2026 02:21:32.894] [main/WARN] [net.minecraftforge.jarjar.selection.JarSelector/]: Attempted to select two dependency jars from JarJar which have the same identification: Mod File:  and Mod File: . Using Mod File: 
[19Apr2026 02:21:32.897] [main/WARN] [net.minecraftforge.jarjar.selection.JarSelector/]: Attempted to select a dependency jar for JarJar which was passed in as source: invincible. Using Mod File: /workspaces/SERVER-TEMPLATE/servidor_minecraft/mods/epic-fight-invincible-lib-20.14.8.2-mc1.20.1-forge.jar
[19Apr2026 02:21:32.897] [main/WARN] [net.minecraftforge.jarjar.selection.JarSelector/]: Attempted to select a dependency jar for JarJar which was passed in as source: geckolib. Using Mod File: /workspaces/SERVER-TEMPLATE/servidor_minecraft/mods/geckolib-forge-1.20.1-4.8.3.jar
[19Apr2026 02:21:32.897] [main/WARN] [net.minecraftforge.jarjar.selection.JarSelector/]: Attempted to select a dependency jar for JarJar which was passed in as source: curios. Using Mod File: /workspaces/SERVER-TEMPLATE/servidor_minecraft/mods/curios-forge-5.14.1+1.20.1.jar
[19Apr2026 02:21:32.897] [main/WARN] [net.minecraftforge.jarjar.selection.JarSelector/]: Attempted to select a dependency jar for JarJar which was passed in as source: expandability. Using Mod File: /workspaces/SERVER-TEMPLATE/servidor_minecraft/mods/expandability-9.0.4.jar
[19Apr2026 02:21:32.897] [main/INFO] [net.minecraftforge.fml.loading.moddiscovery.JarInJarDependencyLocator/]: Found 41 dependencies adding them to mods collection
[19Apr2026 02:21:36.652] [main/INFO] [mixin/]: Compatibility level set to JAVA_17
[19Apr2026 02:21:36.957] [main/INFO] [mixin/]: Successfully loaded Mixin Connector [com.sonicether.soundphysics.MixinConnector]
[19Apr2026 02:21:36.975] [main/INFO] [cpw.mods.modlauncher.LaunchServiceHandler/MODLAUNCHER]: Launching target 'forgeserver' with arguments [nogui]
[19Apr2026 02:21:37.245] [main/INFO] [ModernFix/]: Loaded configuration file for ModernFix 5.26.2+mc1.20.1: 98 options available, 3 override(s) found
[19Apr2026 02:21:37.246] [main/WARN] [ModernFix/]: Option 'mixin.perf.faster_structure_location' overriden (by user configuration) to 'false'
[19Apr2026 02:21:37.246] [main/WARN] [ModernFix/]: Option 'mixin.perf.dynamic_entity_renderers' overriden (by user configuration) to 'true'
[19Apr2026 02:21:37.246] [main/WARN] [ModernFix/]: Option 'mixin.feature.warn_missing_perf_mods' overriden (by user configuration) to 'false'
[19Apr2026 02:21:37.247] [main/INFO] [ModernFix/]: Applying Nashorn fix
[19Apr2026 02:21:37.265] [main/INFO] [ModernFix/]: Applied Forge config corruption patch
[19Apr2026 02:21:37.394] [main/INFO] [one.pkg.config.SewliaConfig/]: All configurations saved
[19Apr2026 02:21:37.397] [main/INFO] [one.pkg.config.SewliaConfig/]: Reloaded configuration: ModConfig
[19Apr2026 02:21:37.397] [main/INFO] [one.pkg.config.SewliaConfig/]: Successfully initialized configuration manager, loaded 1 configuration classes
[19Apr2026 02:21:37.400] [main/WARN] [settingdust.lazyyyyy.forge.core.faster_mixin.injected.FasterMixinServiceWrapper/]: Failed to read refmap mixins.epicskills.refmap.json from file:///workspaces/SERVER-TEMPLATE/servidor_minecraft/mods/epicfight-skilltree-forge-20.2.7-1.20.1.jar for config mixins.epicskills.json. Find from all resources will spend extra time. Check the debug log for detail of reason. If the file is missing, let the author of the mod moving the refmap into the jar declare it
[19Apr2026 02:21:37.410] [main/WARN] [mixin/]: Reference map 'mixins.epicskills.refmap.json' for mixins.epicskills.json could not be read. If this is a development environment you can ignore this message
[19Apr2026 02:21:37.482] [main/WARN] [settingdust.lazyyyyy.forge.core.faster_mixin.injected.FasterMixinServiceWrapper/]: Failed to read refmap nitrogen_internals.refmap.json from jij:/workspaces/SERVER-TEMPLATE/servidor_minecraft/mods/aether-1.20.1-1.5.2-neoforge.jar%23264!/META-INF/jarjar/nitrogen_internals-1.20.1-1.0.12-neoforge.jar for config nitrogen_internals.mixins.json. Find from all resources will spend extra time. Check the debug log for detail of reason. If the file is missing, let the author of the mod moving the refmap into the jar declare it
[19Apr2026 02:21:37.486] [main/WARN] [mixin/]: Reference map 'nitrogen_internals.refmap.json' for nitrogen_internals.mixins.json could not be read. If this is a development environment you can ignore this message
[19Apr2026 02:21:37.487] [main/WARN] [settingdust.lazyyyyy.forge.core.faster_mixin.injected.FasterMixinServiceWrapper/]: Failed to read refmap epicfight_arachne.refmap.json from file:///workspaces/SERVER-TEMPLATE/servidor_minecraft/mods/epicfight_arachne-1.0.0.jar for config epicfight_arachne.mixins.json. Find from all resources will spend extra time. Check the debug log for detail of reason. If the file is missing, let the author of the mod moving the refmap into the jar declare it
[19Apr2026 02:21:37.492] [main/WARN] [mixin/]: Reference map 'epicfight_arachne.refmap.json' for epicfight_arachne.mixins.json could not be read. If this is a development environment you can ignore this message
[19Apr2026 02:21:37.498] [main/WARN] [settingdust.lazyyyyy.forge.core.faster_mixin.injected.FasterMixinServiceWrapper/]: Failed to read refmap puzzlesaccessapi.common.refmap.json from jij:/workspaces/SERVER-TEMPLATE/servidor_minecraft/mods/PuzzlesLib-v8.1.33-1.20.1-Forge.jar%23378!/META-INF/jarjar/puzzlesaccessapi-forge-20.1.1.jar for config puzzlesaccessapi.common.mixins.json. Find from all resources will spend extra time. Check the debug log for detail of reason. If the file is missing, let the author of the mod moving the refmap into the jar declare it
[19Apr2026 02:21:37.504] [main/WARN] [mixin/]: Reference map 'puzzlesaccessapi.common.refmap.json' for puzzlesaccessapi.common.mixins.json could not be read. If this is a development environment you can ignore this message
[19Apr2026 02:21:37.508] [main/WARN] [settingdust.lazyyyyy.forge.core.faster_mixin.injected.FasterMixinServiceWrapper/]: Failed to read refmap fast_tpa.mixins.refmap.json from file:///workspaces/SERVER-TEMPLATE/servidor_minecraft/mods/fast_tpa-forge1.20.1-1.3.0.jar for config fast_tpa.mixins.json. Find from all resources will spend extra time. Check the debug log for detail of reason. If the file is missing, let the author of the mod moving the refmap into the jar declare it
[19Apr2026 02:21:37.512] [main/WARN] [mixin/]: Reference map 'fast_tpa.mixins.refmap.json' for fast_tpa.mixins.json could not be read. If this is a development environment you can ignore this message
[19Apr2026 02:21:37.554] [main/INFO] [Puzzles Lib/]: Loading 169 mods:
	- aether 1.20.1-1.5.2-neoforge
		|-- cumulus_menus 1.20.1-1.0.1-neoforge
		\-- nitrogen_internals 1.20.1-1.0.12-neoforge
	- alexsmobs 1.22.9
	- aquamirae 6.3.3
	- architectury 9.2.14
	- armourers_workshop 3.2.7-beta
	- artifacts 9.5.19
	- ash_of_sin_better_ai 1.1.4
	- ash_of_sin_custom_anti_seat_entity 1.0.1
	- ash_of_sin_no_more_invalid_statistic 1.0.0
	- ash_of_sin_no_more_too_many_structures 1.0.4
	- ash_of_sin_soul_like_boss_battle 1.0.7
	- atistructures 1.4.0
	- attributefix 21.0.5
	- attributeslib 1.3.7
	- azurelib 3.1.8
	- ba_bt 1.20.1-3.0.0-beta3.2.1
	- balm 7.3.38
		\-- kuma_api 20.1.12
	- beb 6.0.0
	- better_structure_block 2.1.0
	- better_trident_model 1.1.0
		\-- simplebedrockmodel 2.1.4-forge+mc1.20.1
	- betterendcities 1.0.0-1.20.1
	- betterendisland 1.20-Forge-2.0.6
	- betterfortresses 1.20-Forge-2.0.6
	- beyonddimensions 0.7.12
	- biomespy 1.3.3
	- biomeswevegone 1.7.5
	- bookofdragons 1.31-1.20.1
	- bookshelf 20.2.15
	- bosses_of_mass_destruction 1.1.2
	- bountiful 6.0.4+1.20.1
	- bountiful_npc 1.0.4
	- cataclysm 3.27
	- cataclysm_dimension 1.6.2
	- cerbons_api 1.1.0
	- cinematiccataclysm 1.0.1
	- citadel 2.6.3
	- cloth_config 11.1.136
	- combat_evolution 2.1.5
	- configured 2.2.3
	- corgilib 4.0.3.4
	- coroutil 1.20.1-1.3.7
	- cosmeticarmorreworked 1.20.1-v1a
	- cristellib 1.1.6
	- cupboard 1.20.1-3.7
	- curios 5.14.1+1.20.1
	- dodge_parry_reward 20.14.3
	- dodosmobs 2.64
	- domesticationinnovation 1.7.1
	- dummmmmmy 1.20-2.0.9
	- dungeons_arise 2.1.58-1.20.x
	- efn 3.2.5
		\-- mixinsquared 0.2.0-beta.6
	- efn_enhance 1.0.7
	- efs_iss 1.0.3
	- enchantinginfuser 8.0.3
	- entityrespawner 1.0.2
	- epic_fight_avalon 20.12.6.4
	- epicfight 20.14.16
	- epicfight_arachne 1.0.0
	- epicfight_leonidas 1.0.1
	- epicfightx 1.1.9
	- epicskills 20.2.7
	- expandability 9.0.4
	- explorerscompass 1.20.1-1.3.3-forge
	- falchionmoveset 20.14.0
	- fancy_trail 1.1.5
	- fantasy_armor 1.2.4-1.20.1
	- fast_event 1.1.1
	- fast_tpa 1.3.0
	- fdlib 1.0.9
	- ferritecore 6.0.1
	- forge 47.4.4
	- ftbessentials 2001.2.4
	- ftblibrary 2001.2.12
	- ftbquests 2001.4.21
	- ftbteams 2001.3.2
	- ftbxmodcompat 2.1.3
	- fullstackwatchdog 1.0.1+1.19.2-forge
	- geckolib 4.8.3
	- hungerstrike 8.0.0
	- iceberg 1.1.25
	- immersive_optimization 0.1.4
	- incontrol 1.20-9.4.6
	- indestructible 20.13.0
	- invincible 20.14.8.2
	- irons_spellbooks 1.20.1-3.15.4
	- jade 11.13.2+forge
	- jadeaddons 5.5.0+forge
	- jei 15.20.0.130
	- jeresources 1.4.0.247
	- kambrik 6.1.1+1.20.1
	- killcam 1.0.3
	- kotlinforforge 4.12.0
	- krypton_fnp 0.2.28.2-1.20.1
	- lazyyyyy 0.14.19
	- limitedchunks 1.8
	- lionfishapi 2.7
	- lithostitched 1.4.11
	- logbegone 1.0.8
	- lootr 0.7.35.94
	- lost_aether_content 1.2.3
	- magistuarmory 10.11
	- mimic 1.0.5
	- minecraft 1.20.1
	- mixinbooster 0.1.3+1.20.1
	- modernfix 5.26.2+mc1.20.1
	- moonlight 1.20-2.16.28
	- mowziesmobs 1.8.2
	- mr_trek 1-B0.6
	- naturescompass 1.20.1-1.12.0-forge
	- noworldgenwarning 1.0.0
	- obscure_api 18
	- ohthetreesyoullgrow 1.6.0
	- p1nero_bow 20.14.1.6
	- p1nero_dl 2.3.0
	- p1nero_ec 20.14.0.8
	- packetfixer 3.3.2
	- patchouli 1.20.1-85-FORGE
	- pbf1 1.1.2
	- placebo 8.6.3
	- playeranimator 1.0.2-rc1+1.20
	- prism 1.0.5
	- puzzleslib 8.1.33
		\-- puzzlesaccessapi 20.1.1
	- quark 4.0-462
	- quick_pack 1.3.0
	- radiantgear 2.2.0+1.20.1
	- resourcefulconfig 2.1.3
	- ribbits 1.20.1-Forge-3.0.5
	- servercore 1.5.2+1.20.1
	- smsn 1.4.0-1.20.1
	- sound_physics_remastered 1.20.1-1.5.1
	- spark 1.10.53
	- spiral_tower_village 0.0.3
	- structure_gel 2.16.2
	- structure_layout_optimizer 1.0.11
	- summoningrituals 1.20.1-2.0.8
	- super_golem 20.12.2
	- super_warden 20.13.0
	- supplementaries 1.20-3.1.43
	- sword_soaring 20.14.2.7
	- t_and_t 0.0NONE
	- tabstats 1.0.5
	- taxfreelevels 1.4.17
	- tcr_bosses 1.1.6
	- tcrcore 2.5.1
		|-- epic_fight_ponder 1.0.0
		|-- flywheel 1.0.2
		\-- ponder 1.0.91
	- tcrmeshes 1.0.0
	- tectonic 2.4.1
	- terrablender 3.0.1.10
	- tlc 1.0.2
	- travelerstitles 1.20-Forge-4.0.2
	- tudigong 1.3.5
	- uniqueaccessories 1.3.3
	- waystones 14.1.20
	- wom 2.0.15
	- wraithon 1.1.11
	- xaerominimap 25.3.10
		\-- xaerolib 1.1.0
	- xaeroworldmap 1.40.11
	- yet_another_config_lib_v3 3.6.6+1.20.1-forge
	- yungsapi 1.20-Forge-4.0.6
	- zeta 1.0-31
[19Apr2026 02:21:37.786] [main/WARN] [settingdust.lazyyyyy.forge.core.faster_mixin.injected.FasterMixinServiceWrapper/]: Failed to read refmap epicfight_animation.refmap.json from file:///workspaces/SERVER-TEMPLATE/servidor_minecraft/mods/epicfight-extra-1.1.9-mc1.20.1-forge-all.jar for config epicfightx.mixins.json. Find from all resources will spend extra time. Check the debug log for detail of reason. If the file is missing, let the author of the mod moving the refmap into the jar declare it
[19Apr2026 02:21:37.790] [main/WARN] [mixin/]: Reference map 'epicfight_animation.refmap.json' for epicfightx.mixins.json could not be read. If this is a development environment you can ignore this message
[19Apr2026 02:21:37.792] [main/WARN] [settingdust.lazyyyyy.forge.core.faster_mixin.injected.FasterMixinServiceWrapper/]: Failed to read refmap cristellib-forge-refmap.json from file:///workspaces/SERVER-TEMPLATE/servidor_minecraft/mods/cristellib-1.1.6-forge.jar for config cristellib.mixins.json. Find from all resources will spend extra time. Check the debug log for detail of reason. If the file is missing, let the author of the mod moving the refmap into the jar declare it
[19Apr2026 02:21:37.797] [main/WARN] [mixin/]: Reference map 'cristellib-forge-refmap.json' for cristellib.mixins.json could not be read. If this is a development environment you can ignore this message
[19Apr2026 02:21:37.799] [main/WARN] [settingdust.lazyyyyy.forge.core.faster_mixin.injected.FasterMixinServiceWrapper/]: Failed to read refmap epigfight_leonidas.refmap.json from file:///workspaces/SERVER-TEMPLATE/servidor_minecraft/mods/epicfight_leonidas-1.0.1.jar for config epicfight_leonidas.mixins.json. Find from all resources will spend extra time. Check the debug log for detail of reason. If the file is missing, let the author of the mod moving the refmap into the jar declare it
[19Apr2026 02:21:37.803] [main/WARN] [mixin/]: Reference map 'epigfight_leonidas.refmap.json' for epicfight_leonidas.mixins.json could not be read. If this is a development environment you can ignore this message
[19Apr2026 02:21:37.808] [main/WARN] [settingdust.lazyyyyy.forge.core.faster_mixin.injected.FasterMixinServiceWrapper/]: Failed to read refmap mimic.refmap.json from file:///workspaces/SERVER-TEMPLATE/servidor_minecraft/mods/mimic-1.0.5.jar for config mimic.mixins.json. Find from all resources will spend extra time. Check the debug log for detail of reason. If the file is missing, let the author of the mod moving the refmap into the jar declare it
[19Apr2026 02:21:37.814] [main/WARN] [mixin/]: Reference map 'mimic.refmap.json' for mimic.mixins.json could not be read. If this is a development environment you can ignore this message
[19Apr2026 02:21:37.834] [main/WARN] [settingdust.lazyyyyy.forge.core.faster_mixin.injected.FasterMixinServiceWrapper/]: Failed to read refmap CerbonsAPI-Forge-1.20.1-forge-refmap.json from file:///workspaces/SERVER-TEMPLATE/servidor_minecraft/mods/CerbonsAPI-Forge-1.20.1-1.1.0.jar for config cerbons_api.mixins.json. Find from all resources will spend extra time. Check the debug log for detail of reason. If the file is missing, let the author of the mod moving the refmap into the jar declare it
[19Apr2026 02:21:37.838] [main/WARN] [mixin/]: Reference map 'CerbonsAPI-Forge-1.20.1-forge-refmap.json' for cerbons_api.mixins.json could not be read. If this is a development environment you can ignore this message
[19Apr2026 02:21:37.844] [main/WARN] [settingdust.lazyyyyy.forge.core.faster_mixin.injected.FasterMixinServiceWrapper/]: Failed to read refmap entityrespawner.refmap.json from file:///workspaces/SERVER-TEMPLATE/servidor_minecraft/mods/entityrespawner-1.0.2.jar for config entityrespawner.mixins.json. Find from all resources will spend extra time. Check the debug log for detail of reason. If the file is missing, let the author of the mod moving the refmap into the jar declare it
[19Apr2026 02:21:37.848] [main/WARN] [mixin/]: Reference map 'entityrespawner.refmap.json' for entityrespawner.mixins.json could not be read. If this is a development environment you can ignore this message
[19Apr2026 02:21:37.849] [main/WARN] [settingdust.lazyyyyy.forge.core.faster_mixin.injected.FasterMixinServiceWrapper/]: Failed to read refmap limitedchunks.refmap.json from file:///workspaces/SERVER-TEMPLATE/servidor_minecraft/mods/limitedchunks-1.20.1-4.1.jar for config limitedchunks.mixins.json. Find from all resources will spend extra time. Check the debug log for detail of reason. If the file is missing, let the author of the mod moving the refmap into the jar declare it
[19Apr2026 02:21:37.852] [main/WARN] [mixin/]: Reference map 'limitedchunks.refmap.json' for limitedchunks.mixins.json could not be read. If this is a development environment you can ignore this message
[19Apr2026 02:21:37.860] [main/WARN] [settingdust.lazyyyyy.forge.core.faster_mixin.injected.FasterMixinServiceWrapper/]: Failed to read refmap TaxFreeLevels-common-refmap.json from file:///workspaces/SERVER-TEMPLATE/servidor_minecraft/mods/TaxFreeLevels-1.4.17-forge-1.20.1.jar for config taxfreelevels-common-forge.mixins.json. Find from all resources will spend extra time. Check the debug log for detail of reason. If the file is missing, let the author of the mod moving the refmap into the jar declare it
[19Apr2026 02:21:37.863] [main/WARN] [mixin/]: Reference map 'TaxFreeLevels-common-refmap.json' for taxfreelevels-common-forge.mixins.json could not be read. If this is a development environment you can ignore this message
[19Apr2026 02:21:37.867] [main/WARN] [settingdust.lazyyyyy.forge.core.faster_mixin.injected.FasterMixinServiceWrapper/]: Failed to read refmap tcrmeshes.refmap.json from file:///workspaces/SERVER-TEMPLATE/servidor_minecraft/mods/tcrmeshes-1.0.0.jar for config tcrmeshes.mixins.json. Find from all resources will spend extra time. Check the debug log for detail of reason. If the file is missing, let the author of the mod moving the refmap into the jar declare it
[19Apr2026 02:21:37.870] [main/WARN] [mixin/]: Reference map 'tcrmeshes.refmap.json' for tcrmeshes.mixins.json could not be read. If this is a development environment you can ignore this message
[19Apr2026 02:21:37.872] [main/WARN] [settingdust.lazyyyyy.forge.core.faster_mixin.injected.FasterMixinServiceWrapper/]: Failed to read refmap ef_bow.refmap.json from file:///workspaces/SERVER-TEMPLATE/servidor_minecraft/mods/p1nero_bow-forge1.20.1-20.14.1.6.jar for config p1nero_bow.mixins.json. Find from all resources will spend extra time. Check the debug log for detail of reason. If the file is missing, let the author of the mod moving the refmap into the jar declare it
[19Apr2026 02:21:37.876] [main/WARN] [mixin/]: Reference map 'ef_bow.refmap.json' for p1nero_bow.mixins.json could not be read. If this is a development environment you can ignore this message
[19Apr2026 02:21:37.879] [main/WARN] [settingdust.lazyyyyy.forge.core.faster_mixin.injected.FasterMixinServiceWrapper/]: Failed to read refmap tudigong.refmap.json from file:///workspaces/SERVER-TEMPLATE/servidor_minecraft/mods/tudigong-forge-1.20.1-1.3.5.jar for config tudigong.mixins.json. Find from all resources will spend extra time. Check the debug log for detail of reason. If the file is missing, let the author of the mod moving the refmap into the jar declare it
[19Apr2026 02:21:37.883] [main/WARN] [mixin/]: Reference map 'tudigong.refmap.json' for tudigong.mixins.json could not be read. If this is a development environment you can ignore this message
[19Apr2026 02:21:37.913] [main/WARN] [settingdust.lazyyyyy.forge.core.faster_mixin.injected.FasterMixinServiceWrapper/]: Failed to read refmap p1nero_battle_field1.refmap.json from file:///workspaces/SERVER-TEMPLATE/servidor_minecraft/mods/pbf1-1.1.2.jar for config pbf1.mixins.json. Find from all resources will spend extra time. Check the debug log for detail of reason. If the file is missing, let the author of the mod moving the refmap into the jar declare it
[19Apr2026 02:21:37.916] [main/WARN] [mixin/]: Reference map 'p1nero_battle_field1.refmap.json' for pbf1.mixins.json could not be read. If this is a development environment you can ignore this message
[19Apr2026 02:21:37.924] [main/WARN] [settingdust.lazyyyyy.forge.core.faster_mixin.injected.FasterMixinServiceWrapper/]: Failed to read refmap super_golem.mixin-refmap.json from file:///workspaces/SERVER-TEMPLATE/servidor_minecraft/mods/super_golem-20.12.2.jar for config super_golem.mixins.json. Find from all resources will spend extra time. Check the debug log for detail of reason. If the file is missing, let the author of the mod moving the refmap into the jar declare it
[19Apr2026 02:21:37.929] [main/WARN] [mixin/]: Reference map 'super_golem.mixin-refmap.json' for super_golem.mixins.json could not be read. If this is a development environment you can ignore this message
[19Apr2026 02:21:37.930] [main/WARN] [settingdust.lazyyyyy.forge.core.faster_mixin.injected.FasterMixinServiceWrapper/]: Failed to read refmap super_warden.mixin-refmap.json from file:///workspaces/SERVER-TEMPLATE/servidor_minecraft/mods/super_warden-20.13.0.jar for config super_warden.mixins.json. Find from all resources will spend extra time. Check the debug log for detail of reason. If the file is missing, let the author of the mod moving the refmap into the jar declare it
[19Apr2026 02:21:37.934] [main/WARN] [mixin/]: Reference map 'super_warden.mixin-refmap.json' for super_warden.mixins.json could not be read. If this is a development environment you can ignore this message
[19Apr2026 02:21:37.937] [main/WARN] [settingdust.lazyyyyy.forge.core.faster_mixin.injected.FasterMixinServiceWrapper/]: Failed to read refmap coroutil.refmap.json from file:///workspaces/SERVER-TEMPLATE/servidor_minecraft/mods/coroutil-forge-1.20.1-1.3.7.jar for config coroutil.mixins.json. Find from all resources will spend extra time. Check the debug log for detail of reason. If the file is missing, let the author of the mod moving the refmap into the jar declare it
[19Apr2026 02:21:37.940] [main/WARN] [mixin/]: Reference map 'coroutil.refmap.json' for coroutil.mixins.json could not be read. If this is a development environment you can ignore this message
[19Apr2026 02:21:37.984] [main/INFO] [dev.tonimatas.packetfixer.mixins.v1_19_4_forge.MixinPlugin/]: Packet Fixer forge 1.19.4-1.20.1 has been applied successfully.
[19Apr2026 02:21:38.047] [main/WARN] [mixin/]: Error loading class: xaero/common/patreon/Patreon (java.lang.ClassNotFoundException: xaero.common.patreon.Patreon)
[19Apr2026 02:21:38.048] [main/WARN] [mixin/]: @Mixin target xaero.common.patreon.Patreon was not found smsn.mixins.json:xaero.minimap.PatreonMixin from mod (unknown)
[19Apr2026 02:21:38.052] [main/WARN] [mixin/]: Error loading class: xaero/map/patreon/Patreon (java.lang.ClassNotFoundException: xaero.map.patreon.Patreon)
[19Apr2026 02:21:38.052] [main/WARN] [mixin/]: @Mixin target xaero.map.patreon.Patreon was not found smsn.mixins.json:xaero.world_map.PatreonMixin from mod (unknown)
[19Apr2026 02:21:38.385] [main/INFO] [KryptonFNP ModMixinBootstrap/]: Mixin one.pkg.kfnp.mixin.network.experimental.RconClientMixin disabled
[19Apr2026 02:21:38.385] [main/INFO] [KryptonFNP ModMixinBootstrap/]: Mixin one.pkg.kfnp.mixin.network.microopt.FriendlyByteBufUtfMixin enabled
[19Apr2026 02:21:38.386] [main/INFO] [KryptonFNP ModMixinBootstrap/]: Mixin one.pkg.kfnp.mixin.network.microopt.FriendlyByteBufVarIntMixin enabled
[19Apr2026 02:21:38.386] [main/INFO] [KryptonFNP ModMixinBootstrap/]: Mixin one.pkg.kfnp.mixin.network.microopt.FriendlyByteBufVarLongMixin enabled
[19Apr2026 02:21:38.387] [main/INFO] [KryptonFNP ModMixinBootstrap/]: Mixin one.pkg.kfnp.mixin.network.microopt.ServerEntityMixin enabled
[19Apr2026 02:21:38.387] [main/INFO] [KryptonFNP ModMixinBootstrap/]: Mixin one.pkg.kfnp.mixin.network.pipeline.LegacyQueryHandlerMixin enabled
[19Apr2026 02:21:38.388] [main/INFO] [KryptonFNP ModMixinBootstrap/]: Mixin one.pkg.kfnp.mixin.network.pipeline.Varint21FrameDecoderMixin enabled
[19Apr2026 02:21:38.388] [main/INFO] [KryptonFNP ModMixinBootstrap/]: Mixin one.pkg.kfnp.mixin.network.pipeline.compression.ConnectionMixin enabled
[19Apr2026 02:21:38.389] [main/INFO] [KryptonFNP ModMixinBootstrap/]: Mixin one.pkg.kfnp.mixin.network.pipeline.encryption.ConnectionMixin enabled
[19Apr2026 02:21:38.389] [main/INFO] [KryptonFNP ModMixinBootstrap/]: Mixin one.pkg.kfnp.mixin.network.pipeline.encryption.ServerLoginPacketListenerImplMixin enabled
[19Apr2026 02:21:39.285] [main/INFO] [net.minecraftforge.coremod.CoreMod.placebo/COREMODLOG]: Patching IForgeItemStack#getEnchantmentLevel
[19Apr2026 02:21:39.305] [main/INFO] [net.minecraftforge.coremod.CoreMod.placebo/COREMODLOG]: Patching IForgeItemStack#getEnchantmentLevel
[19Apr2026 02:21:39.352] [main/WARN] [mixin/]: Error loading class: com/simibubi/create/content/equipment/armor/BacktankBlockEntity (java.lang.ClassNotFoundException: com.simibubi.create.content.equipment.armor.BacktankBlockEntity)
[19Apr2026 02:21:39.352] [main/WARN] [mixin/]: @Mixin target com.simibubi.create.content.equipment.armor.BacktankBlockEntity was not found jadeaddons.mixins.json:create.BacktankBlockEntityAccess from mod (unknown)
[19Apr2026 02:21:39.438] [main/WARN] [mixin/]: Error loading class: net/minecraft/client/player/KeyboardInput (java.lang.ClassNotFoundException: net.minecraft.client.player.KeyboardInput)
[19Apr2026 02:21:39.439] [main/WARN] [mixin/]: @Mixin target net.minecraft.client.player.KeyboardInput was not found fdlib.mixins.json:KeyboardInputMixin from mod (unknown)
[19Apr2026 02:21:39.520] [main/INFO] [settingdust.lazyyyyy.LazyyyyyMixinPlugin/]: Disabled 'lazy_entity_renderers.EntityRenderDispatcherMixin' due to config
[19Apr2026 02:21:39.520] [main/INFO] [settingdust.lazyyyyy.LazyyyyyMixinPlugin/]: Disabled 'lazy_entity_renderers.curios.Curios_ClientProxyMixin' due to config
[19Apr2026 02:21:39.521] [main/INFO] [settingdust.lazyyyyy.LazyyyyyMixinPlugin/]: Disabled 'lazy_entity_renderers.habitat.HabitatChestItemMixin' due to config
[19Apr2026 02:21:39.522] [main/INFO] [settingdust.lazyyyyy.LazyyyyyMixinPlugin/]: Disabled 'lazy_entity_renderers.supplementaries.SignPostBlockTileRendererMixin' due to config
[19Apr2026 02:21:39.522] [main/INFO] [settingdust.lazyyyyy.LazyyyyyMixinPlugin/]: Disabled 'lazy_entity_renderers.what_are_you_voting_for_2023.ClientEventBusSubscriberMixin' due to config
[19Apr2026 02:21:39.525] [main/INFO] [settingdust.lazyyyyy.LazyyyyyMixinPlugin/]: Disabled 'pack_resources_cache.ForgePathPackResourcesMixin' due to config
[19Apr2026 02:21:39.525] [main/INFO] [settingdust.lazyyyyy.LazyyyyyMixinPlugin/]: Disabled 'pack_resources_cache.PathPackResourcesMixin' due to config
[19Apr2026 02:21:39.526] [main/INFO] [settingdust.lazyyyyy.LazyyyyyMixinPlugin/]: Disabled 'pack_resources_cache.dynamic_trees.FlatTreeResourcePackMixin' due to config
[19Apr2026 02:21:39.528] [main/INFO] [settingdust.lazyyyyy.LazyyyyyMixinPlugin/]: Disabled 'pack_resources_cache.sinytra_connector.ModNioResourcePackMixin' due to config
[19Apr2026 02:21:39.536] [main/WARN] [mixin/]: Error loading class: net/jitl/client/ClientLoginChecker (java.lang.ClassNotFoundException: net.jitl.client.ClientLoginChecker)
[19Apr2026 02:21:39.537] [main/WARN] [mixin/]: @Mixin target net.jitl.client.ClientLoginChecker was not found lazyyyyy.forge.mixins.json:jitl.fix_login_crash.ClientLoginCheckerMixin from mod (unknown)
[19Apr2026 02:21:39.541] [main/WARN] [mixin/]: Error loading class: com/ultramega/cabletiers/registry/ClientEventHandler (java.lang.ClassNotFoundException: com.ultramega.cabletiers.registry.ClientEventHandler)
[19Apr2026 02:21:39.542] [main/WARN] [mixin/]: @Mixin target com.ultramega.cabletiers.registry.ClientEventHandler was not found lazyyyyy.forge.mixins.json:lazy_model_bake.cable_tiers.ClientEventHandlerMixin from mod (unknown)
[19Apr2026 02:21:39.546] [main/WARN] [mixin/]: Error loading class: com/refinedmods/refinedstorage/setup/ClientSetup (java.lang.ClassNotFoundException: com.refinedmods.refinedstorage.setup.ClientSetup)
[19Apr2026 02:21:39.547] [main/WARN] [mixin/]: @Mixin target com.refinedmods.refinedstorage.setup.ClientSetup was not found lazyyyyy.forge.mixins.json:lazy_model_bake.refined_storage.ClientSetupMixin from mod (unknown)
[19Apr2026 02:21:39.822] [main/INFO] [STDOUT/]: [org.arc.epic_ponder.mixinloader.CompatInfos:shouldMixin:48]: [Ares Hud Mixin Loader]Apply Default Mixin: org.arc.epic_ponder.mixin.epicfight.AnimationPlayerMixin.class -> yesman.epicfight.api.animation.AnimationPlayer.class
[19Apr2026 02:21:39.823] [main/INFO] [STDOUT/]: [org.arc.epic_ponder.mixinloader.CompatInfos:shouldMixin:48]: [Ares Hud Mixin Loader]Apply Default Mixin: org.arc.epic_ponder.mixin.epicfight.MixinCapabilityItem.class -> yesman.epicfight.world.capabilities.item.CapabilityItem.class
[19Apr2026 02:21:39.823] [main/INFO] [STDOUT/]: [org.arc.epic_ponder.mixinloader.CompatInfos:shouldMixin:48]: [Ares Hud Mixin Loader]Apply Default Mixin: org.arc.epic_ponder.mixin.epicfight.MixinCapabilityItem.class -> yesman.epicfight.world.capabilities.item.WeaponCapability.class
[19Apr2026 02:21:39.824] [main/INFO] [STDOUT/]: [org.arc.epic_ponder.mixinloader.CompatInfos:shouldMixin:48]: [Ares Hud Mixin Loader]Apply Default Mixin: org.arc.epic_ponder.mixin.epicfight.MixinLevelUtil.class -> yesman.epicfight.api.utils.LevelUtil.class
[19Apr2026 02:21:39.824] [main/INFO] [STDOUT/]: [org.arc.epic_ponder.mixinloader.CompatInfos:shouldMixin:48]: [Ares Hud Mixin Loader]Apply Default Mixin: org.arc.epic_ponder.mixin.epicfight.WeaponCapabilityAccessor.class -> yesman.epicfight.world.capabilities.item.WeaponCapability.class
[19Apr2026 02:21:39.825] [main/INFO] [STDOUT/]: [org.arc.epic_ponder.mixinloader.CompatInfos:shouldMixin:48]: [Ares Hud Mixin Loader]Apply Default Mixin: org.arc.epic_ponder.mixin.epicfight.client.RenderEngineEventsMixin.class -> yesman.epicfight.client.events.engine.RenderEngine$Events.class
[19Apr2026 02:21:39.825] [main/INFO] [STDOUT/]: [org.arc.epic_ponder.mixinloader.CompatInfos:shouldMixin:48]: [Ares Hud Mixin Loader]Apply Default Mixin: org.arc.epic_ponder.mixin.ponder.MixinPonderTooltipHandler.class -> net.createmod.ponder.foundation.PonderTooltipHandler.class
[19Apr2026 02:21:39.826] [main/INFO] [STDOUT/]: [org.arc.epic_ponder.mixinloader.CompatInfos:shouldMixin:48]: [Ares Hud Mixin Loader]Apply Default Mixin: org.arc.epic_ponder.mixin.ponder.MixinSchematicLevelHitbox.class -> net.createmod.catnip.levelWrappers.SchematicLevel.class
[19Apr2026 02:21:40.032] [main/WARN] [mixin/]: Error loading class: com/github/alexmodguy/alexscaves/server/event/CommonEvents (java.lang.ClassNotFoundException: com.github.alexmodguy.alexscaves.server.event.CommonEvents)
[19Apr2026 02:21:40.032] [main/WARN] [mixin/]: @Mixin target com.github.alexmodguy.alexscaves.server.event.CommonEvents was not found wolfcompass.mixins.json:AlexCaveFix from mod (unknown)
[19Apr2026 02:21:40.260] [main/WARN] [mixin/]: Error loading class: vectorwing/farmersdelight/common/block/TomatoVineBlock (java.lang.ClassNotFoundException: vectorwing.farmersdelight.common.block.TomatoVineBlock)
[19Apr2026 02:21:40.289] [main/INFO] [net.minecraftforge.coremod.CoreMod.placebo/COREMODLOG]: Patching IForgeItemStack#getEnchantmentLevel
[19Apr2026 02:21:40.290] [main/INFO] [net.minecraftforge.coremod.CoreMod.placebo/COREMODLOG]: Patching IForgeItemStack#getEnchantmentLevel
[19Apr2026 02:21:40.320] [main/INFO] [STDOUT/]: [com.hm.efn.mixinloader.CompatInfos:shouldMixin:97]: [EFN Mixin Loader]Apply Default Mixin: com.hm.efn.mixin.ActionAnimationMixin.class -> yesman.epicfight.api.animation.types.ActionAnimation.class
[19Apr2026 02:21:40.321] [main/INFO] [STDOUT/]: [com.hm.efn.mixinloader.CompatInfos:shouldMixin:97]: [EFN Mixin Loader]Apply Default Mixin: com.hm.efn.mixin.AnimationPlayerMixin.class -> yesman.epicfight.api.animation.AnimationPlayer.class
[19Apr2026 02:21:40.321] [main/INFO] [STDOUT/]: [com.hm.efn.mixinloader.CompatInfos:shouldMixin:97]: [EFN Mixin Loader]Apply Default Mixin: com.hm.efn.mixin.ArmaturesAccessor.class -> yesman.epicfight.gameasset.Armatures.class
[19Apr2026 02:21:40.322] [main/INFO] [STDOUT/]: [com.hm.efn.mixinloader.CompatInfos:shouldMixin:97]: [EFN Mixin Loader]Apply Default Mixin: com.hm.efn.mixin.GuardSkillMixin.class -> yesman.epicfight.skill.guard.GuardSkill.class
[19Apr2026 02:21:40.322] [main/INFO] [STDOUT/]: [com.hm.efn.mixinloader.CompatInfos:shouldMixin:97]: [EFN Mixin Loader]Apply Default Mixin: com.hm.efn.mixin.MixinEpicFightCameraAPI.class -> yesman.epicfight.api.client.camera.EpicFightCameraAPI.class
[19Apr2026 02:21:40.324] [main/INFO] [STDOUT/]: [com.hm.efn.mixinloader.CompatInfos:shouldMixin:97]: [EFN Mixin Loader]Apply Default Mixin: com.hm.efn.mixin.MixinInputManager.class -> com.p1nero.invincible.client.InputManager.class
[19Apr2026 02:21:40.324] [main/INFO] [STDOUT/]: [com.hm.efn.mixinloader.CompatInfos:shouldMixin:97]: [EFN Mixin Loader]Apply Default Mixin: com.hm.efn.mixin.MixinMob.class -> net.minecraft.world.entity.Mob.class
[19Apr2026 02:21:40.325] [main/INFO] [STDOUT/]: [com.hm.efn.mixinloader.CompatInfos:shouldMixin:97]: [EFN Mixin Loader]Apply Default Mixin: com.hm.efn.mixin.MixinPatchedItemInHandLayer.class -> yesman.epicfight.client.renderer.patched.layer.PatchedItemInHandLayer.class
[19Apr2026 02:21:40.325] [main/INFO] [STDOUT/]: [com.hm.efn.mixinloader.CompatInfos:shouldMixin:97]: [EFN Mixin Loader]Apply Default Mixin: com.hm.efn.mixin.NearestAttackableTargetGoalMixin.class -> net.minecraft.world.entity.ai.goal.target.NearestAttackableTargetGoal.class
[19Apr2026 02:21:40.326] [main/INFO] [STDOUT/]: [com.hm.efn.mixinloader.CompatInfos:shouldMixin:97]: [EFN Mixin Loader]Apply Default Mixin: com.hm.efn.mixin.ServerPlayerPatchMixin.class -> yesman.epicfight.world.capabilities.entitypatch.player.ServerPlayerPatch.class
[19Apr2026 02:21:40.326] [main/INFO] [STDOUT/]: [com.hm.efn.mixinloader.CompatInfos:shouldMixin:97]: [EFN Mixin Loader]Apply Default Mixin: com.hm.efn.mixin.SkillMixin.class -> yesman.epicfight.skill.Skill.class
[19Apr2026 02:21:40.327] [main/INFO] [STDOUT/]: [com.hm.efn.mixinloader.CompatInfos:shouldMixin:97]: [EFN Mixin Loader]Apply Default Mixin: com.hm.efn.mixin.UtilMixin.class -> net.minecraft.Util.class
[19Apr2026 02:21:40.328] [main/INFO] [STDOUT/]: [com.hm.efn.mixinloader.CompatInfos:shouldMixin:97]: [EFN Mixin Loader]Apply Default Mixin: com.hm.efn.mixin.compat.aaa.EffekRendererMixin.class -> mod.chloeprime.aaaparticles.client.render.EffekRenderer.class
[19Apr2026 02:21:40.328] [main/INFO] [STDOUT/]: [com.hm.efn.mixinloader.CompatInfos:shouldMixin:92]: [EFN Mixin Loader]Apply Compat Mixin: com.hm.efn.mixin.compat.cataclysm.MixinIABossMonster.class -> com.github.L_Ender.cataclysm.entity.InternalAnimationMonster.IABossMonsters.IABoss_monster.class
[19Apr2026 02:21:40.329] [main/INFO] [STDOUT/]: [com.hm.efn.mixinloader.CompatInfos:shouldMixin:92]: [EFN Mixin Loader]Apply Compat Mixin: com.hm.efn.mixin.compat.cataclysm.MixinLLibraryBossMonster.class -> com.github.L_Ender.cataclysm.entity.AnimationMonster.BossMonsters.LLibrary_Boss_Monster.class
[19Apr2026 02:21:40.329] [main/INFO] [STDOUT/]: [com.hm.efn.mixinloader.CompatInfos:shouldMixin:92]: [EFN Mixin Loader]Apply Compat Mixin: com.hm.efn.mixin.compat.citadel.AnimationHandlerMixin.class -> com.github.alexthe666.citadel.animation.AnimationHandler.class
[19Apr2026 02:21:40.330] [main/INFO] [STDOUT/]: [com.hm.efn.mixinloader.CompatInfos:shouldMixin:92]: [EFN Mixin Loader]Apply Compat Mixin: com.hm.efn.mixin.compat.geckolib.AnimationProcessorMixin.class -> software.bernie.geckolib.core.animation.AnimationProcessor.class
[19Apr2026 02:21:40.330] [main/INFO] [STDOUT/]: [com.hm.efn.mixinloader.CompatInfos:shouldMixin:92]: [EFN Mixin Loader]Apply Compat Mixin: com.hm.efn.mixin.compat.lionfishapi.AnimationHandlerMixin.class -> com.github.L_Ender.lionfishapi.server.animation.AnimationHandler.class
[19Apr2026 02:21:40.343] [main/WARN] [mixin/]: Error loading class: mod/chloeprime/aaaparticles/client/render/EffekRenderer (java.lang.ClassNotFoundException: mod.chloeprime.aaaparticles.client.render.EffekRenderer)
[19Apr2026 02:21:40.343] [main/WARN] [mixin/]: @Mixin target mod.chloeprime.aaaparticles.client.render.EffekRenderer was not found efn.mixins.json:compat.aaa.EffekRendererMixin from mod (unknown)
[19Apr2026 02:21:40.419] [main/WARN] [mixin/]: Error loading class: net/p3pp3rf1y/sophisticatedcore/util/InventoryHelper (java.lang.ClassNotFoundException: net.p3pp3rf1y.sophisticatedcore.util.InventoryHelper)
[19Apr2026 02:21:40.419] [main/WARN] [mixin/]: @Mixin target net.p3pp3rf1y.sophisticatedcore.util.InventoryHelper was not found tcrcore.mixins.json:BackpackInventoryHelperMixin from mod (unknown)
[19Apr2026 02:21:40.444] [main/WARN] [mixin/]: Error loading class: net/p3pp3rf1y/sophisticatedcore/upgrades/magnet/MagnetUpgradeWrapper (java.lang.ClassNotFoundException: net.p3pp3rf1y.sophisticatedcore.upgrades.magnet.MagnetUpgradeWrapper)
[19Apr2026 02:21:40.444] [main/WARN] [mixin/]: @Mixin target net.p3pp3rf1y.sophisticatedcore.upgrades.magnet.MagnetUpgradeWrapper was not found tcrcore.mixins.json:MagnetUpgradeWrapperMixin from mod (unknown)
[19Apr2026 02:21:40.530] [main/INFO] [settingdust.lazyyyyy.LazyyyyyMixinPlugin/]: Disabled 'lazy_entity_renderers.entity_model_features.EMFManagerMixin' due to config
[19Apr2026 02:21:40.530] [main/INFO] [settingdust.lazyyyyy.LazyyyyyMixinPlugin/]: Disabled 'pack_resources_cache.FilePackResourcesMixin' due to config
[19Apr2026 02:21:40.531] [main/INFO] [settingdust.lazyyyyy.LazyyyyyMixinPlugin/]: Disabled 'pack_resources_cache.PathPackResourcesMixin' due to config
[19Apr2026 02:21:40.532] [main/INFO] [settingdust.lazyyyyy.LazyyyyyMixinPlugin/]: Disabled 'pack_resources_cache.VanillaPackResourcesMixin' due to config
[19Apr2026 02:21:40.536] [main/WARN] [mixin/]: Error loading class: net/sweenus/simplyswords/config/Config (java.lang.ClassNotFoundException: net.sweenus.simplyswords.config.Config)
[19Apr2026 02:21:40.537] [main/WARN] [mixin/]: @Mixin target net.sweenus.simplyswords.config.Config was not found lazyyyyy.mixins.json:simply_swords.faster_config.ConfigMixin from mod (unknown)
[19Apr2026 02:21:40.880] [main/ERROR] [net.minecraftforge.fml.loading.RuntimeDistCleaner/DISTXFORM]: Attempted to load class com/mojang/blaze3d/vertex/PoseStack$Pose for invalid dist DEDICATED_SERVER
[19Apr2026 02:21:40.882] [main/WARN] [mixin/]: Error loading class: com/mojang/blaze3d/vertex/PoseStack$Pose (java.lang.RuntimeException: Attempted to load class com/mojang/blaze3d/vertex/PoseStack$Pose for invalid dist DEDICATED_SERVER)
[19Apr2026 02:21:40.994] [main/WARN] [mixin/]: Error loading class: com/mojang/blaze3d/platform/InputConstants$Key (java.lang.ClassNotFoundException: com.mojang.blaze3d.platform.InputConstants$Key)
[19Apr2026 02:21:41.003] [main/WARN] [mixin/]: Error loading class: net/minecraft/client/renderer/entity/EntityRendererProvider$Context (java.lang.ClassNotFoundException: net.minecraft.client.renderer.entity.EntityRendererProvider$Context)
[19Apr2026 02:21:41.015] [main/WARN] [mixin/]: Error loading class: net/minecraft/client/gui/layouts/GridLayout$RowHelper (java.lang.ClassNotFoundException: net.minecraft.client.gui.layouts.GridLayout$RowHelper)
[19Apr2026 02:21:41.043] [main/INFO] [MixinExtras|Service/]: Initializing MixinExtras via com.llamalad7.mixinextras.service.MixinExtrasServiceImpl(version=0.5.3).
[19Apr2026 02:21:41.891] [main/INFO] [net.minecraft.server.Bootstrap/]: ModernFix reached bootstrap stage (19.19 s after launch)
[19Apr2026 02:21:42.306] [main/WARN] [mixin/]: @Final field delegatesByName:Ljava/util/Map; in modernfix-modernfix.mixins.json:perf.forge_registry_alloc.ForgeRegistryMixin from mod (unknown) should be final
[19Apr2026 02:21:42.307] [main/WARN] [mixin/]: @Final field delegatesByValue:Ljava/util/Map; in modernfix-modernfix.mixins.json:perf.forge_registry_alloc.ForgeRegistryMixin from mod (unknown) should be final
[19Apr2026 02:21:43.909] [main/INFO] [net.minecraft.server.Bootstrap/]: Vanilla bootstrap took 2013 milliseconds
[19Apr2026 02:21:44.744] [main/INFO] [net.minecraftforge.coremod.CoreMod.placebo/COREMODLOG]: Patching IForgeItemStack#getEnchantmentLevel
[19Apr2026 02:21:44.745] [main/INFO] [net.minecraftforge.coremod.CoreMod.placebo/COREMODLOG]: Patching IForgeItemStack#getEnchantmentLevel
[19Apr2026 02:21:44.945] [main/WARN] [mixin/]: @Final field f_31427_:[I in mixins.epicfight.json:common.MixinWitherBoss from mod (unknown) should be final
[19Apr2026 02:21:44.945] [main/WARN] [mixin/]: @Final field f_31428_:[I in mixins.epicfight.json:common.MixinWitherBoss from mod (unknown) should be final
[19Apr2026 02:21:46.124] [main/WARN] [net.minecraft.network.syncher.SynchedEntityData/]: defineId called for: class net.minecraft.world.entity.LivingEntity from class yesman.epicfight.world.capabilities.entitypatch.LivingEntityPatch
[19Apr2026 02:21:46.124] [main/WARN] [net.minecraft.network.syncher.SynchedEntityData/]: defineId called for: class net.minecraft.world.entity.LivingEntity from class yesman.epicfight.world.capabilities.entitypatch.LivingEntityPatch
[19Apr2026 02:21:46.124] [main/WARN] [net.minecraft.network.syncher.SynchedEntityData/]: defineId called for: class net.minecraft.world.entity.LivingEntity from class yesman.epicfight.world.capabilities.entitypatch.LivingEntityPatch
[19Apr2026 02:21:46.124] [main/WARN] [net.minecraft.network.syncher.SynchedEntityData/]: defineId called for: class net.minecraft.world.entity.LivingEntity from class yesman.epicfight.world.capabilities.entitypatch.LivingEntityPatch
[19Apr2026 02:21:46.125] [main/WARN] [net.minecraft.network.syncher.SynchedEntityData/]: defineId called for: class net.minecraft.world.entity.LivingEntity from class yesman.epicfight.world.capabilities.entitypatch.LivingEntityPatch
[19Apr2026 02:21:46.125] [main/WARN] [net.minecraft.network.syncher.SynchedEntityData/]: defineId called for: class net.minecraft.world.entity.LivingEntity from class yesman.epicfight.world.capabilities.entitypatch.LivingEntityPatch
[19Apr2026 02:21:46.125] [main/WARN] [net.minecraft.network.syncher.SynchedEntityData/]: defineId called for: class net.minecraft.world.entity.LivingEntity from class yesman.epicfight.world.capabilities.entitypatch.LivingEntityPatch
[19Apr2026 02:21:46.125] [main/WARN] [net.minecraft.network.syncher.SynchedEntityData/]: defineId called for: class net.minecraft.world.entity.LivingEntity from class yesman.epicfight.world.capabilities.entitypatch.LivingEntityPatch
[19Apr2026 02:21:46.125] [main/WARN] [net.minecraft.network.syncher.SynchedEntityData/]: defineId called for: class net.minecraft.world.entity.LivingEntity from class yesman.epicfight.world.capabilities.entitypatch.LivingEntityPatch
[19Apr2026 02:21:46.125] [main/WARN] [net.minecraft.network.syncher.SynchedEntityData/]: defineId called for: class net.minecraft.world.entity.LivingEntity from class yesman.epicfight.world.capabilities.entitypatch.LivingEntityPatch
[19Apr2026 02:21:46.125] [main/WARN] [net.minecraft.network.syncher.SynchedEntityData/]: defineId called for: class net.minecraft.world.entity.LivingEntity from class yesman.epicfight.world.capabilities.entitypatch.LivingEntityPatch
[19Apr2026 02:21:46.126] [main/WARN] [net.minecraft.network.syncher.SynchedEntityData/]: defineId called for: class net.minecraft.world.entity.LivingEntity from class yesman.epicfight.world.capabilities.entitypatch.LivingEntityPatch
[19Apr2026 02:21:46.195] [main/WARN] [mixin/]: Method overwrite conflict for scheduleRandomTick in corgilib-common.mixins.json:chunk.MixinChunkAccess from mod (unknown), previously written by dev.corgitaco.ohthetreesyoullgrow.mixin.chunk.MixinChunkAccess. Skipping method.
[19Apr2026 02:21:46.196] [main/WARN] [mixin/]: Method overwrite conflict for getScheduledRandomTicks in corgilib-common.mixins.json:chunk.MixinChunkAccess from mod (unknown), previously written by dev.corgitaco.ohthetreesyoullgrow.mixin.chunk.MixinChunkAccess. Skipping method.
[19Apr2026 02:21:47.431] [main/WARN] [mixin/]: Static binding violation: PRIVATE @Overwrite method m_47505_ in modernfix-modernfix.mixins.json:perf.remove_biome_temperature_cache.BiomeMixin from mod (unknown) cannot reduce visibiliy of PUBLIC target method, visibility will be upgraded.
[19Apr2026 02:21:47.973] [modloading-worker-0/WARN] [one.pkg.kfnp.shared.ModSharedBootstrap/]: ================= KRYPTON FNP =================
[19Apr2026 02:21:47.974] [modloading-worker-0/WARN] [one.pkg.kfnp.shared.ModSharedBootstrap/]: Do not send messages about your game malfunctioning due to KryptonFNP in places the author cannot see.
[19Apr2026 02:21:47.974] [modloading-worker-0/WARN] [one.pkg.kfnp.shared.ModSharedBootstrap/]: The author is unaware of this bug and therefore cannot fix it!
[19Apr2026 02:21:47.974] [modloading-worker-0/WARN] [one.pkg.kfnp.shared.ModSharedBootstrap/]: Please send feedback via CurseForge, Github, or Discord so the author can quickly locate the issue!
[19Apr2026 02:21:47.975] [modloading-worker-0/WARN] [one.pkg.kfnp.shared.ModSharedBootstrap/]: ===============================================
[19Apr2026 02:21:47.975] [modloading-worker-0/INFO] [one.pkg.kfnp.shared.ModSharedBootstrap/]: Krypton is now accelerating your Minecraft server's networking stack 🚀
[19Apr2026 02:21:48.067] [modloading-worker-0/INFO] [one.pkg.kfnp.shared.ModSharedBootstrap/]: Compression will use libdeflate (Linux x86_64), encryption will use OpenSSL 3.x.x (Linux x86_64)
[19Apr2026 02:21:48.408] [modloading-worker-0/INFO] [STDOUT/]: [org.arc.killcam.event.TickChange:init:40]: KillCam Tick system has been initialized.
[19Apr2026 02:21:48.445] [modloading-worker-0/INFO] [STDOUT/]: [io.ejekta.kambrik.KambrikModForge:<clinit>:22]: Service loaders found: [io.ejekta.kambrik.bridge.KambrikSharedApiForge@5546fcaa]
[19Apr2026 02:21:48.591] [modloading-worker-0/INFO] [com.aetherteam.cumulus.Cumulus/]: Disabling Cumulus as it is on server.
[19Apr2026 02:21:48.668] [modloading-worker-0/INFO] [me.wesley1808.servercore.common.ServerCore/]: [ServerCore] Loaded V1.5.2+1.20.1!
[19Apr2026 02:21:48.676] [modloading-worker-0/INFO] [Puzzles Lib/]: Constructing common components for enchantinginfuser:main
[19Apr2026 02:21:48.817] [modloading-worker-0/INFO] [net.minecraftforge.common.ForgeMod/FORGEMOD]: Forge mod loading, version 47.4.4, for MC 1.20.1 with MCP 20230612.114412
[19Apr2026 02:21:48.818] [modloading-worker-0/INFO] [net.minecraftforge.common.MinecraftForge/FORGE]: MinecraftForge v47.4.4 Initialized
[19Apr2026 02:21:48.827] [modloading-worker-0/INFO] [epicfight/]: Loaded mod compat: GeckolibCompat
[19Apr2026 02:21:48.827] [modloading-worker-0/WARN] [yesman.epicfight.main.EpicFightMod/]: Azure Lib version 3 is not supported yet.
[19Apr2026 02:21:48.830] [modloading-worker-0/INFO] [epicfight/]: Loaded mod compat: CuriosCompat
[19Apr2026 02:21:48.836] [modloading-worker-0/INFO] [epicfight/]: Loaded mod compat: PlayerAnimatorCompat
[19Apr2026 02:21:49.007] [modloading-worker-0/INFO] [thedarkcolour.kotlinforforge.test.KotlinForForge/]: Kotlin For Forge Enabled!
[19Apr2026 02:21:49.131] [modloading-worker-0/INFO] [Puzzles Lib/]: Constructing common components for puzzleslib:main
[19Apr2026 02:21:49.150] [modloading-worker-0/INFO] [xaero.common.HudMod/]: Registering common data for channel xaerominimap:main!
[19Apr2026 02:21:49.262] [modloading-worker-0/INFO] [xaero.common.HudMod/]: Loading primary common config for channel xaerominimap:main!
[19Apr2026 02:21:49.269] [modloading-worker-0/INFO] [xaero.common.HudMod/]: Loading server config profiles for channel xaerominimap:main!
[19Apr2026 02:21:49.319] [modloading-worker-0/INFO] [zeta/]: Doing super early config setup for zeta
[19Apr2026 02:21:49.464] [modloading-worker-0/INFO] [xaero.map.WorldMap/]: Registering common data for channel xaeroworldmap:main!
[19Apr2026 02:21:49.473] [modloading-worker-0/INFO] [xaero.map.WorldMap/]: Loading primary common config for channel xaeroworldmap:main!
[19Apr2026 02:21:49.475] [modloading-worker-0/INFO] [xaero.map.WorldMap/]: Loading server config profiles for channel xaeroworldmap:main!
[19Apr2026 02:21:49.668] [modloading-worker-0/INFO] [Bookshelf/]: Fixing MC-151457. Crafting remainder for minecraft:pufferfish_bucket is now minecraft:bucket.
[19Apr2026 02:21:49.669] [modloading-worker-0/INFO] [Bookshelf/]: Fixing MC-151457. Crafting remainder for minecraft:salmon_bucket is now minecraft:bucket.
[19Apr2026 02:21:49.670] [modloading-worker-0/INFO] [Bookshelf/]: Fixing MC-151457. Crafting remainder for minecraft:cod_bucket is now minecraft:bucket.
[19Apr2026 02:21:49.671] [modloading-worker-0/INFO] [net.magister.bookofdragons.BookOfDragons/]: Registering Book of Dragons configuration...
[19Apr2026 02:21:49.672] [modloading-worker-0/INFO] [Bookshelf/]: Fixing MC-151457. Crafting remainder for minecraft:tropical_fish_bucket is now minecraft:bucket.
[19Apr2026 02:21:49.674] [modloading-worker-0/INFO] [Bookshelf/]: Fixing MC-151457. Crafting remainder for minecraft:axolotl_bucket is now minecraft:bucket.
[19Apr2026 02:21:49.675] [modloading-worker-0/INFO] [Bookshelf/]: Fixing MC-151457. Crafting remainder for minecraft:powder_snow_bucket is now minecraft:bucket.
[19Apr2026 02:21:49.675] [modloading-worker-0/INFO] [Bookshelf/]: Fixing MC-151457. Crafting remainder for minecraft:tadpole_bucket is now minecraft:bucket.
[19Apr2026 02:21:49.686] [modloading-worker-0/INFO] [net.magister.bookofdragons.config.RoostConfig/]: [RoostConfig] Loaded archetype 'cliff' with 2 dragons
[19Apr2026 02:21:49.689] [modloading-worker-0/INFO] [net.magister.bookofdragons.config.RoostConfig/]: [RoostConfig] Loaded archetype 'cave' with 2 dragons
[19Apr2026 02:21:49.689] [modloading-worker-0/INFO] [net.magister.bookofdragons.config.RoostConfig/]: [RoostConfig] Loaded archetype 'glade' with 2 dragons
[19Apr2026 02:21:49.691] [modloading-worker-0/INFO] [net.magister.bookofdragons.config.RoostConfig/]: [RoostConfig] Loaded archetype 'wetland' with 1 dragons
[19Apr2026 02:21:49.691] [modloading-worker-0/INFO] [net.magister.bookofdragons.config.RoostConfig/]: [RoostConfig] Loaded archetype 'barrens' with 2 dragons
[19Apr2026 02:21:49.692] [modloading-worker-0/INFO] [net.magister.bookofdragons.config.RoostConfig/]: [RoostConfig] Loaded 5 roost archetypes: [cave, glade, cliff, wetland, barrens]
[19Apr2026 02:21:49.698] [modloading-worker-0/INFO] [net.magister.bookofdragons.entity.data.DragonVariantConfig/]: Loaded dragon variants from config: /workspaces/SERVER-TEMPLATE/servidor_minecraft/config/bookofdragons/dragon_variants.json
[19Apr2026 02:21:49.699] [modloading-worker-0/INFO] [net.magister.bookofdragons.BookOfDragons/]: Configuration system initialized successfully!
[19Apr2026 02:21:49.989] [modloading-worker-0/INFO] [dev.architectury.networking.forge.NetworkManagerImpl/]: Registering C2S receiver with id architectury:sync_ids
[19Apr2026 02:21:49.990] [modloading-worker-0/INFO] [dev.architectury.networking.forge.NetworkManagerImpl/]: Registering C2S receiver with id ftblibrary:edit_nbt_response
[19Apr2026 02:21:50.007] [modloading-worker-0/INFO] [dev.architectury.networking.forge.NetworkManagerImpl/]: Registering C2S receiver with id ftbteams:open_gui
[19Apr2026 02:21:50.009] [modloading-worker-0/INFO] [dev.architectury.networking.forge.NetworkManagerImpl/]: Registering C2S receiver with id ftbteams:update_settings
[19Apr2026 02:21:50.013] [modloading-worker-0/INFO] [dev.architectury.networking.forge.NetworkManagerImpl/]: Registering C2S receiver with id ftbteams:send_message
[19Apr2026 02:21:50.016] [modloading-worker-0/INFO] [dev.architectury.networking.forge.NetworkManagerImpl/]: Registering C2S receiver with id ftbteams:create_party
[19Apr2026 02:21:50.022] [modloading-worker-0/INFO] [dev.architectury.networking.forge.NetworkManagerImpl/]: Registering C2S receiver with id ftbteams:player_gui_operation
[19Apr2026 02:21:50.058] [modloading-worker-0/INFO] [com.cupboard.Cupboard/]: Loaded config for: cupboard.json
[19Apr2026 02:21:50.106] [modloading-worker-0/INFO] [dev.architectury.networking.forge.NetworkManagerImpl/]: Registering C2S receiver with id ftbquests:submit_task
[19Apr2026 02:21:50.110] [modloading-worker-0/INFO] [dev.architectury.networking.forge.NetworkManagerImpl/]: Registering C2S receiver with id ftbquests:claim_reward
[19Apr2026 02:21:50.112] [modloading-worker-0/INFO] [dev.architectury.networking.forge.NetworkManagerImpl/]: Registering C2S receiver with id ftbquests:get_emergency_items
[19Apr2026 02:21:50.115] [modloading-worker-0/INFO] [dev.architectury.networking.forge.NetworkManagerImpl/]: Registering C2S receiver with id ftbquests:claim_all_rewards
[19Apr2026 02:21:50.116] [modloading-worker-0/INFO] [dev.architectury.networking.forge.NetworkManagerImpl/]: Registering C2S receiver with id ftbquests:claim_choice_reward
[19Apr2026 02:21:50.124] [modloading-worker-0/INFO] [dev.architectury.networking.forge.NetworkManagerImpl/]: Registering C2S receiver with id ftbquests:toggle_pinned
[19Apr2026 02:21:50.126] [modloading-worker-0/INFO] [dev.architectury.networking.forge.NetworkManagerImpl/]: Registering C2S receiver with id ftbquests:toggle_chapter_pinned
[19Apr2026 02:21:50.128] [modloading-worker-0/INFO] [dev.architectury.networking.forge.NetworkManagerImpl/]: Registering C2S receiver with id ftbquests:toggle_editing_mode
[19Apr2026 02:21:50.129] [modloading-worker-0/INFO] [dev.architectury.networking.forge.NetworkManagerImpl/]: Registering C2S receiver with id ftbquests:force_save
[19Apr2026 02:21:50.133] [modloading-worker-0/INFO] [dev.architectury.networking.forge.NetworkManagerImpl/]: Registering C2S receiver with id ftbquests:set_custom_image
[19Apr2026 02:21:50.136] [modloading-worker-0/INFO] [net.potionstudios.biomeswevegone.BiomesWeveGone/]: Registering Oh The Biomes We've Gone items
[19Apr2026 02:21:50.136] [modloading-worker-0/INFO] [com.wintercogs.beyonddimensions.BeyondDimensions/]: Discovered 11 common integration modules and 2 client integration modules
[19Apr2026 02:21:50.149] [modloading-worker-0/INFO] [dev.architectury.networking.forge.NetworkManagerImpl/]: Registering C2S receiver with id ftbquests:task_screen_config_resp
[19Apr2026 02:21:50.151] [modloading-worker-0/INFO] [dev.architectury.networking.forge.NetworkManagerImpl/]: Registering C2S receiver with id ftbquests:give_item_to_player
[19Apr2026 02:21:50.152] [modloading-worker-0/INFO] [dev.architectury.networking.forge.NetworkManagerImpl/]: Registering C2S receiver with id ftbquests:reorder_item
[19Apr2026 02:21:50.155] [modloading-worker-0/INFO] [dev.architectury.networking.forge.NetworkManagerImpl/]: Registering C2S receiver with id ftbquests:change_progress
[19Apr2026 02:21:50.158] [modloading-worker-0/INFO] [dev.architectury.networking.forge.NetworkManagerImpl/]: Registering C2S receiver with id ftbquests:create_object
[19Apr2026 02:21:50.162] [modloading-worker-0/INFO] [dev.architectury.networking.forge.NetworkManagerImpl/]: Registering C2S receiver with id ftbquests:create_task_at
[19Apr2026 02:21:50.162] [modloading-worker-0/INFO] [dev.architectury.networking.forge.NetworkManagerImpl/]: Registering C2S receiver with id ftbquests:delete_object
[19Apr2026 02:21:50.166] [modloading-worker-0/INFO] [dev.architectury.networking.forge.NetworkManagerImpl/]: Registering C2S receiver with id ftbquests:edit_object
[19Apr2026 02:21:50.169] [modloading-worker-0/INFO] [dev.architectury.networking.forge.NetworkManagerImpl/]: Registering C2S receiver with id ftbquests:move_chapter
[19Apr2026 02:21:50.172] [modloading-worker-0/INFO] [dev.architectury.networking.forge.NetworkManagerImpl/]: Registering C2S receiver with id ftbquests:move_quest
[19Apr2026 02:21:50.174] [modloading-worker-0/INFO] [dev.architectury.networking.forge.NetworkManagerImpl/]: Registering C2S receiver with id ftbquests:change_chapter_group
[19Apr2026 02:21:50.175] [modloading-worker-0/INFO] [dev.architectury.networking.forge.NetworkManagerImpl/]: Registering C2S receiver with id ftbquests:move_chapter_group
[19Apr2026 02:21:50.179] [modloading-worker-0/INFO] [dev.architectury.networking.forge.NetworkManagerImpl/]: Registering C2S receiver with id ftbquests:copy_quest
[19Apr2026 02:21:50.183] [modloading-worker-0/INFO] [dev.architectury.networking.forge.NetworkManagerImpl/]: Registering C2S receiver with id ftbquests:copy_chapter_image
[19Apr2026 02:21:50.183] [modloading-worker-0/INFO] [dev.architectury.networking.forge.NetworkManagerImpl/]: Registering C2S receiver with id ftbquests:sync_structures_request
[19Apr2026 02:21:50.188] [modloading-worker-0/INFO] [dev.architectury.networking.forge.NetworkManagerImpl/]: Registering C2S receiver with id ftbquests:request_team_data
[19Apr2026 02:21:50.210] [modloading-worker-0/INFO] [xaero.lib.XaeroLib/]: Registering common data for channel xaerolib:main!
[19Apr2026 02:21:50.212] [modloading-worker-0/INFO] [xaero.lib.XaeroLib/]: Loading primary common config for channel xaerolib:main!
[19Apr2026 02:21:50.213] [modloading-worker-0/INFO] [xaero.lib.XaeroLib/]: Loading server config profiles for channel xaerolib:main!
[19Apr2026 02:21:50.241] [modloading-worker-0/INFO] [net.potionstudios.biomeswevegone.BiomesWeveGone/]: Registering Oh The Biomes We've Gone Blocks
[19Apr2026 02:21:50.289] [modloading-worker-0/INFO] [net.potionstudios.biomeswevegone.BiomesWeveGone/]: Registering Oh The Biomes We've Gone Wood
[19Apr2026 02:21:50.290] [modloading-worker-0/INFO] [net.potionstudios.biomeswevegone.BiomesWeveGone/]: Registering Oh The Biomes We've Gone Block Entities
[19Apr2026 02:21:50.290] [modloading-worker-0/INFO] [net.potionstudios.biomeswevegone.BiomesWeveGone/]: Registering Oh The Biomes We've Gone Entities
[19Apr2026 02:21:50.293] [modloading-worker-0/INFO] [net.potionstudios.biomeswevegone.BiomesWeveGone/]: Registering Oh The Biomes We've Gone Creative Tabs
[19Apr2026 02:21:50.294] [modloading-worker-0/INFO] [net.potionstudios.biomeswevegone.BiomesWeveGone/]: Registering Oh The Biomes We've Gone Sounds
[19Apr2026 02:21:50.296] [modloading-worker-0/INFO] [net.potionstudios.biomeswevegone.BiomesWeveGone/]: Registering Oh The Biomes We've Gone Block Predicate
[19Apr2026 02:21:50.301] [modloading-worker-0/INFO] [net.potionstudios.biomeswevegone.BiomesWeveGone/]: Registering Oh The Biomes We've Gone State Providers
[19Apr2026 02:21:50.303] [modloading-worker-0/INFO] [net.potionstudios.biomeswevegone.BiomesWeveGone/]: Registering Oh The Biomes We've Gone Tree Decorators
[19Apr2026 02:21:50.317] [modloading-worker-0/INFO] [net.potionstudios.biomeswevegone.BiomesWeveGone/]: Registering Oh The Biomes We've Gone Custom Features
[19Apr2026 02:21:50.319] [modloading-worker-0/INFO] [net.potionstudios.biomeswevegone.BiomesWeveGone/]: Registering Oh The Biomes We've Gone Structure Pieces
[19Apr2026 02:21:50.321] [modloading-worker-0/INFO] [net.potionstudios.biomeswevegone.BiomesWeveGone/]: Registering Oh The Biomes We've Gone Custom Structure Types
[19Apr2026 02:21:50.327] [modloading-worker-0/INFO] [net.potionstudios.biomeswevegone.BiomesWeveGone/]: Registering Oh The Biomes We've Gone Configured Features
[19Apr2026 02:21:50.333] [modloading-worker-0/INFO] [net.blay09.mods.balm.forge.config.ForgeBalmConfig/]: Registering config for waystones:common (COMMON) with 46 properties.
[19Apr2026 02:21:50.345] [modloading-worker-0/INFO] [net.potionstudios.biomeswevegone.BiomesWeveGone/]: Creating and Registering Overworld Vegetation Configured Features
[19Apr2026 02:21:50.412] [modloading-worker-0/INFO] [dev.architectury.networking.forge.NetworkManagerImpl/]: Registering C2S receiver with id artifacts:networking_channel/42a7ad70b1cc371599a0eff744096b8a
[19Apr2026 02:21:50.414] [modloading-worker-0/INFO] [dev.architectury.networking.forge.NetworkManagerImpl/]: Registering C2S receiver with id artifacts:networking_channel/74a5e841822a3a87854ae896a33430d6
[19Apr2026 02:21:50.417] [modloading-worker-0/INFO] [dev.architectury.networking.forge.NetworkManagerImpl/]: Registering C2S receiver with id artifacts:networking_channel/eb3d1e2748533430848cadf0f37c7e9c
[19Apr2026 02:21:50.419] [modloading-worker-0/INFO] [dev.architectury.networking.forge.NetworkManagerImpl/]: Registering C2S receiver with id artifacts:networking_channel/91c8520f19f93b3e8b6a727568e194ab
[19Apr2026 02:21:50.424] [modloading-worker-0/INFO] [dev.architectury.networking.forge.NetworkManagerImpl/]: Registering C2S receiver with id artifacts:networking_channel/8c2784d778293fd482ed84b8aa5fedb9
[19Apr2026 02:21:50.427] [modloading-worker-0/INFO] [dev.architectury.networking.forge.NetworkManagerImpl/]: Registering C2S receiver with id artifacts:networking_channel/ea038224ea783d40b2863f52239e2604
[19Apr2026 02:21:50.429] [modloading-worker-0/INFO] [dev.architectury.networking.forge.NetworkManagerImpl/]: Registering C2S receiver with id artifacts:networking_channel/97ad64b7ecaf33209991c4f031501a58
[19Apr2026 02:21:50.465] [modloading-worker-0/INFO] [net.potionstudios.biomeswevegone.BiomesWeveGone/]: Registering Oh The Biomes We've Gone Tree Configured Features
[19Apr2026 02:21:50.471] [modloading-worker-0/INFO] [net.potionstudios.biomeswevegone.BiomesWeveGone/]: Creating and Registering Vanilla Configured Features
[19Apr2026 02:21:50.485] [modloading-worker-0/INFO] [net.potionstudios.biomeswevegone.BiomesWeveGone/]: Registering Oh The Biomes You'll Go Overworld Configured Features
[19Apr2026 02:21:50.491] [modloading-worker-0/INFO] [net.potionstudios.biomeswevegone.BiomesWeveGone/]: Registering Oh The Biomes We've Gone Placed Features
[19Apr2026 02:21:50.520] [modloading-worker-0/INFO] [net.potionstudios.biomeswevegone.BiomesWeveGone/]: Creating and Registering Overworld Tree Placed Features
[19Apr2026 02:21:50.547] [modloading-worker-0/INFO] [net.potionstudios.biomeswevegone.BiomesWeveGone/]: Creating and Registering Overworld Vegetation Placed Features
[19Apr2026 02:21:50.551] [modloading-worker-0/INFO] [net.potionstudios.biomeswevegone.BiomesWeveGone/]: Creating and Registering Vanilla Placed Features
[19Apr2026 02:21:50.554] [modloading-worker-0/INFO] [net.potionstudios.biomeswevegone.BiomesWeveGone/]: Registering Oh The Biomes We've Gone Custom Surface Rules
[19Apr2026 02:21:50.581] [modloading-worker-0/INFO] [net.potionstudios.biomeswevegone.BiomesWeveGone/]: Registering Oh The Biomes We've Gone Template Pools
[19Apr2026 02:21:50.612] [modloading-worker-0/INFO] [net.potionstudios.biomeswevegone.BiomesWeveGone/]: Registering Oh The Biome's We've Gone Village Template Pools
[19Apr2026 02:21:50.616] [modloading-worker-0/INFO] [net.potionstudios.biomeswevegone.BiomesWeveGone/]: Registering Oh The Biomes We've Gone Poi Types
[19Apr2026 02:21:50.619] [modloading-worker-0/INFO] [net.potionstudios.biomeswevegone.BiomesWeveGone/]: Registering Oh The Biomes We've Gone Villager Professions
[19Apr2026 02:21:50.620] [modloading-worker-0/INFO] [net.potionstudios.biomeswevegone.BiomesWeveGone/]: Registering Oh The Biomes We've Gone Custom Structure Processors
[19Apr2026 02:21:50.621] [modloading-worker-0/INFO] [net.potionstudios.biomeswevegone.BiomesWeveGone/]: Registering Oh The Biomes We've Gone villager types
[19Apr2026 02:21:50.622] [modloading-worker-0/INFO] [net.potionstudios.biomeswevegone.BiomesWeveGone/]: Registering Oh The Biomes We've Gone Schedules
[19Apr2026 02:21:50.623] [modloading-worker-0/INFO] [net.potionstudios.biomeswevegone.BiomesWeveGone/]: Registering Oh The Biomes We've Gone Memory Module Types
[19Apr2026 02:21:50.626] [modloading-worker-0/INFO] [net.potionstudios.biomeswevegone.BiomesWeveGone/]: Registering Oh The Biomes We've Gone Sensor Types
[19Apr2026 02:21:50.637] [modloading-worker-0/INFO] [dev.architectury.networking.forge.NetworkManagerImpl/]: Registering C2S receiver with id magistuarmory:packet_long_reach_attack
[19Apr2026 02:21:50.639] [modloading-worker-0/INFO] [dev.architectury.networking.forge.NetworkManagerImpl/]: Registering C2S receiver with id magistuarmory:packet_lance_collision
[19Apr2026 02:21:50.665] [modloading-worker-0/WARN] [azurelib/IO]: Correcting config value 'floatArray[0]' from '135.32' to '500.0'
[19Apr2026 02:21:50.670] [modloading-worker-0/INFO] [azurelib/FileWatching]: Registered azurelib config for auto-sync function
[19Apr2026 02:21:50.740] [modloading-worker-0/INFO] [quark/]: Initializing TerraBlender underground biome compat
[19Apr2026 02:21:50.852] [modloading-worker-0/INFO] [com.merlin204.avalon.main.AvalonMOD/]: 自动注册实体: SHAKE_WAVE -> shake_wave
[19Apr2026 02:21:50.853] [modloading-worker-0/INFO] [com.merlin204.avalon.main.AvalonMOD/]: 自动注册实体: VFX -> vfx
[19Apr2026 02:21:50.853] [modloading-worker-0/INFO] [com.merlin204.avalon.main.AvalonMOD/]: 自动注册实体: ANIMATION_TEXTURE_VFX -> animation_texture_vfx
[19Apr2026 02:21:51.099] [modloading-worker-0/INFO] [quark-zeta/]: Discovered 164 modules to load.
[19Apr2026 02:21:51.570] [modloading-worker-0/INFO] [coroutil/]: forge loader environment detected
[19Apr2026 02:21:51.582] [modloading-worker-0/INFO] [quark-zeta/]: Constructed 164 modules.
[19Apr2026 02:21:51.679] [modloading-worker-0/INFO] [quark-zeta/]: Doing super early config setup for quark
[19Apr2026 02:21:51.812] [modloading-worker-0/INFO] [be.florens.expandability.ExpandAbility/]: ExpandAbility here, who dis?
[19Apr2026 02:21:51.848] [modloading-worker-0/INFO] [mixin/]: tcr_bosses.mixins.json:AbstractGolemInvoker from mod (unknown)->@Accessor[FIELD_GETTER]::getSpawnPosKey()Lnet/minecraft/network/syncher/EntityDataAccessor; should be static as its target is
[19Apr2026 02:21:51.849] [modloading-worker-0/INFO] [mixin/]: tcrcore.mixins.json:ba_bt.AbstractGolemInvoker from mod (unknown)->@Accessor[FIELD_GETTER]::getSpawnPosKey()Lnet/minecraft/network/syncher/EntityDataAccessor; should be static as its target is
[19Apr2026 02:21:51.852] [modloading-worker-0/INFO] [YetAnotherConfigLib/]: Deserializing YACLConfig from '/workspaces/SERVER-TEMPLATE/servidor_minecraft/config/yacl.json5'
[19Apr2026 02:21:56.228] [main/WARN] [dev.architectury.registry.registries.forge.RegistrarManagerImpl/]: Registry entry listened Registry Entry [minecraft:entity_type / artifacts:mimic] was not realized!
[19Apr2026 02:21:56.267] [main/INFO] [Moonlight/]: Initialized block sets in 21ms
[19Apr2026 02:21:56.659] [main/INFO] [ModernFix/]: Bypassed Mojang DFU
[19Apr2026 02:21:56.659] [main/INFO] [ModernFix/]: Instantiating Mojang DFU
[19Apr2026 02:21:58.520] [main/INFO] [ModdingLegacy/StructureGel/]: [structure_gel] Registering data for structure_gel:loot_table_alias
[19Apr2026 02:21:58.530] [main/INFO] [ModdingLegacy/StructureGel/]: [structure_gel] Registering data for structure_gel:data_handler_type
[19Apr2026 02:21:58.535] [main/INFO] [ModdingLegacy/StructureGel/]: [structure_gel] Registering data for structure_gel:dynamic_spawner
[19Apr2026 02:21:58.539] [main/INFO] [ModdingLegacy/StructureGel/]: [structure_gel] Registering data for structure_gel:jigsaw_type
[19Apr2026 02:21:58.660] [main/WARN] [net.minecraft.network.syncher.SynchedEntityData/]: defineId called for: class net.minecraft.world.entity.player.Player from class yesman.epicfight.world.capabilities.entitypatch.player.PlayerPatch
[19Apr2026 02:21:58.695] [main/WARN] [net.minecraft.network.syncher.SynchedEntityData/]: defineId called for: class net.minecraft.world.entity.TamableAnimal from class reascer.wom.world.entity.mob.EnderHand
[19Apr2026 02:21:58.695] [main/WARN] [net.minecraft.network.syncher.SynchedEntityData/]: defineId called for: class net.minecraft.world.entity.TamableAnimal from class reascer.wom.world.entity.mob.TargetingHelper
[19Apr2026 02:21:58.779] [main/WARN] [net.minecraft.network.syncher.SynchedEntityData/]: defineId called for: class net.minecraft.world.entity.boss.wither.WitherBoss from class yesman.epicfight.world.capabilities.entitypatch.boss.WitherPatch
[19Apr2026 02:21:58.779] [main/WARN] [net.minecraft.network.syncher.SynchedEntityData/]: defineId called for: class net.minecraft.world.entity.boss.wither.WitherBoss from class yesman.epicfight.world.capabilities.entitypatch.boss.WitherPatch
[19Apr2026 02:21:58.780] [main/WARN] [net.minecraft.network.syncher.SynchedEntityData/]: defineId called for: class net.minecraft.world.entity.boss.wither.WitherBoss from class yesman.epicfight.world.capabilities.entitypatch.boss.WitherPatch
[19Apr2026 02:21:58.780] [main/WARN] [net.minecraft.network.syncher.SynchedEntityData/]: defineId called for: class net.minecraft.world.entity.boss.wither.WitherBoss from class yesman.epicfight.world.capabilities.entitypatch.boss.WitherPatch
[19Apr2026 02:21:58.780] [main/WARN] [net.minecraft.network.syncher.SynchedEntityData/]: defineId called for: class net.minecraft.world.entity.boss.wither.WitherBoss from class yesman.epicfight.world.capabilities.entitypatch.boss.WitherPatch
[19Apr2026 02:21:58.780] [main/WARN] [net.minecraft.network.syncher.SynchedEntityData/]: defineId called for: class net.minecraft.world.entity.boss.wither.WitherBoss from class yesman.epicfight.world.capabilities.entitypatch.boss.WitherPatch
[19Apr2026 02:21:58.781] [main/WARN] [net.minecraft.network.syncher.SynchedEntityData/]: defineId called for: class net.minecraft.world.entity.boss.wither.WitherBoss from class yesman.epicfight.world.capabilities.entitypatch.boss.WitherPatch
[19Apr2026 02:21:58.781] [main/WARN] [net.minecraft.network.syncher.SynchedEntityData/]: defineId called for: class net.minecraft.world.entity.boss.wither.WitherBoss from class yesman.epicfight.world.capabilities.entitypatch.boss.WitherPatch
[19Apr2026 02:21:58.781] [main/WARN] [net.minecraft.network.syncher.SynchedEntityData/]: defineId called for: class net.minecraft.world.entity.boss.wither.WitherBoss from class yesman.epicfight.world.capabilities.entitypatch.boss.WitherPatch
[19Apr2026 02:21:59.033] [main/WARN] [net.minecraftforge.common.ForgeConfigSpec/CORE]: Configuration file /workspaces/SERVER-TEMPLATE/servidor_minecraft/config/killcam-common.toml is not correct. Correcting
[19Apr2026 02:21:59.034] [main/WARN] [net.minecraftforge.common.ForgeConfigSpec/CORE]: Incorrect key Kill Cam Settings.killCamFov was corrected from 0.45 to its default, 0.45. 
[19Apr2026 02:21:59.046] [Thread-0/INFO] [ModernFix/]: Please use /mfsrc to reload any changed mod config files
[19Apr2026 02:21:59.400] [Forge Version Check/INFO] [net.minecraftforge.fml.VersionChecker/]: Global Forge version check system disabled, no further processing.
[19Apr2026 02:21:59.406] [modloading-worker-0/INFO] [CorgiLib/]: Initializing network...
[19Apr2026 02:21:59.412] [modloading-worker-0/INFO] [CorgiLib/]: Initialized network!
[19Apr2026 02:21:59.501] [modloading-worker-0/INFO] [com.limitedchunks.LimitedChunks/]: Limited chunkloading initialized
[19Apr2026 02:21:59.503] [modloading-worker-0/INFO] [FTB XMod Compat/]: Chose [Entity Tags] as the active game stages implementation
[19Apr2026 02:21:59.505] [modloading-worker-0/INFO] [FTB XMod Compat/]: Chose [FALLBACK] as the active permissions implementation
[19Apr2026 02:21:59.506] [modloading-worker-0/INFO] [xaero.lib.XaeroLib/]: Loading XaeroLib common 1/2!
[19Apr2026 02:21:59.506] [modloading-worker-0/INFO] [FTB XMod Compat/]: [FTB Quests] recipe helper provider is [JEI]
[19Apr2026 02:21:59.542] [modloading-worker-0/INFO] [com.brass_amber.ba_bt.BABattleTowers/]: HELLO FROM COMMON SETUP
[19Apr2026 02:21:59.624] [main/INFO] [ribbits/]: Registering Ribbit umbrella types...
[19Apr2026 02:21:59.624] [main/INFO] [ribbits/]: Registering Ribbit professions...
[19Apr2026 02:21:59.624] [main/INFO] [ribbits/]: Registering Ribbit instruments...
[19Apr2026 02:21:59.626] [main/INFO] [ribbits/]: Registering Ribbit data serializers...
[19Apr2026 02:21:59.642] [main/INFO] [org.arc.killcam.KillCam/]: Epic Fight detected! Registering EpicFight KillCam module.
[19Apr2026 02:21:59.643] [main/INFO] [org.arc.killcam.KillCam/]: EFN detected! KillCam will delegate Time Slow to EFN engine.
[19Apr2026 02:21:59.718] [main/INFO] [com.asanginxst.epicfightx.EpicFightExtraMod/]: EFX: Replacing Epic Fight Weapon Types...
[19Apr2026 02:21:59.724] [main/INFO] [com.finderfeed.fdlib.FDLib/]: Loading FD animations...
[19Apr2026 02:21:59.724] [main/INFO] [com.finderfeed.fdlib.FDLib/]: Loading animation: fdlib:testanim
[19Apr2026 02:21:59.736] [main/INFO] [com.finderfeed.fdlib.FDLib/]: FD Animations loaded!
[19Apr2026 02:21:59.737] [main/INFO] [com.finderfeed.fdlib.FDLib/]: Loading FD models...
[19Apr2026 02:21:59.737] [main/INFO] [com.finderfeed.fdlib.FDLib/]: Loading model: fdlib:test
[19Apr2026 02:21:59.747] [main/INFO] [com.finderfeed.fdlib.FDLib/]: Loading model: fdlib:test
[19Apr2026 02:21:59.748] [main/INFO] [com.finderfeed.fdlib.FDLib/]: FD Models loaded!
[19Apr2026 02:21:59.750] [main/INFO] [zeta/]: Common setup: Performing initial refresh of zeta's config on thread 'main'
[19Apr2026 02:21:59.751] [main/INFO] [zeta/]: 'zeta' is enabling Zeta's piston structure resolver.
[19Apr2026 02:21:59.754] [main/INFO] [zeta/]: Waiting for server start before accepting filewatcher changes to zeta's config
[19Apr2026 02:21:59.935] [main/INFO] [terrablender/]: Registered region minecraft:overworld to index 0 for type OVERWORLD
[19Apr2026 02:21:59.935] [main/INFO] [terrablender/]: Registered region minecraft:nether to index 0 for type NETHER
[19Apr2026 02:21:59.935] [main/INFO] [terrablender/]: Registered region biomeswevegone:region_0 to index 1 for type OVERWORLD
[19Apr2026 02:21:59.935] [main/INFO] [terrablender/]: Registered region biomeswevegone:region_1 to index 2 for type OVERWORLD
[19Apr2026 02:21:59.936] [main/INFO] [terrablender/]: Registered region biomeswevegone:region_2 to index 3 for type OVERWORLD
[19Apr2026 02:22:00.014] [main/INFO] [Moonlight/]: Initialized color sets in 39ms
[19Apr2026 02:22:00.021] [main/INFO] [terrablender/]: Registered region quark:biome_provider to index 4 for type OVERWORLD
[19Apr2026 02:22:00.021] [main/INFO] [quark-zeta/]: Common setup: Performing initial refresh of quark's config on thread 'main'
[19Apr2026 02:22:00.037] [main/INFO] [quark-zeta/]: Waiting for server start before accepting filewatcher changes to quark's config
[19Apr2026 02:22:00.056] [main/INFO] [Supplementaries/]: Finished mod setup in: [0, 1, 0, 1, 0, 0, 13, 1] ms
[19Apr2026 02:22:00.182] [modloading-worker-0/INFO] [xaero.minimap.XaeroMinimap/]: Loading Xaero's Minimap - Stage 1/2 (Server)
[19Apr2026 02:22:00.182] [modloading-worker-0/INFO] [xaero.map.server.WorldMapServer/]: Loading Xaero's World Map - Stage 1/2 (Server)
[19Apr2026 02:22:00.183] [modloading-worker-0/INFO] [xaero.lib.XaeroLib/]: Loading XaeroLib server 1/2!
[19Apr2026 02:22:00.207] [main/INFO] [xaero.minimap.XaeroMinimap/]: Loading Xaero's Minimap - Stage 2/2 (Server)
[19Apr2026 02:22:00.207] [main/INFO] [xaero.map.server.WorldMapServer/]: Loading Xaero's World Map - Stage 2/2 (Server)
[19Apr2026 02:22:00.208] [main/INFO] [xaero.lib.XaeroLib/]: Loading XaeroLib common 2/2!
[19Apr2026 02:22:00.208] [main/INFO] [xaero.lib.XaeroLib/]: Loading XaeroLib server 2/2!
[19Apr2026 02:22:00.389] [modloading-worker-0/INFO] [io.redspace.ironsspellbooks.IronsSpellbooks/]: Got IMC []
[19Apr2026 02:22:00.491] [modloading-worker-0/INFO] [AttributeFix/]: Loaded values for 91 compatible attributes.
[19Apr2026 02:22:00.497] [modloading-worker-0/WARN] [AttributeFix/]: Attribute ID 'fallen_gems_affixes:spread_reduction' does not belong to a known attribute. This entry will be ignored.
[19Apr2026 02:22:00.498] [modloading-worker-0/WARN] [AttributeFix/]: Attribute ID 'block_factorys_bosses:movement_recovery' does not belong to a known attribute. This entry will be ignored.
[19Apr2026 02:22:00.498] [modloading-worker-0/WARN] [AttributeFix/]: Attribute ID 'fallen_gems_affixes:kick_reduction' does not belong to a known attribute. This entry will be ignored.
[19Apr2026 02:22:00.499] [modloading-worker-0/WARN] [AttributeFix/]: Attribute ID 'block_factorys_bosses:burning_stability' does not belong to a known attribute. This entry will be ignored.
[19Apr2026 02:22:00.499] [modloading-worker-0/WARN] [AttributeFix/]: Attribute ID 'fallen_gems_affixes:bullet_damage' does not belong to a known attribute. This entry will be ignored.
[19Apr2026 02:22:00.499] [modloading-worker-0/WARN] [AttributeFix/]: Attribute ID 'fallen_gems_affixes:fire_rate' does not belong to a known attribute. This entry will be ignored.
[19Apr2026 02:22:00.500] [modloading-worker-0/WARN] [AttributeFix/]: Attribute ID 'fallen_gems_affixes:projectile_speed' does not belong to a known attribute. This entry will be ignored.
[19Apr2026 02:22:00.500] [modloading-worker-0/WARN] [AttributeFix/]: Attribute ID 'block_factorys_bosses:roll_animtime' does not belong to a known attribute. This entry will be ignored.
[19Apr2026 02:22:00.500] [modloading-worker-0/WARN] [AttributeFix/]: Attribute ID 'fallen_gems_affixes:max_health_damage' does not belong to a known attribute. This entry will be ignored.
[19Apr2026 02:22:00.501] [modloading-worker-0/WARN] [AttributeFix/]: Attribute ID 'parcool:stamina_recovery' does not belong to a known attribute. This entry will be ignored.
[19Apr2026 02:22:00.501] [modloading-worker-0/WARN] [AttributeFix/]: Attribute ID 'fallen_gems_affixes:reload_speed' does not belong to a known attribute. This entry will be ignored.
[19Apr2026 02:22:00.502] [modloading-worker-0/WARN] [AttributeFix/]: Attribute ID 'fallen_gems_affixes:additional_ammo' does not belong to a known attribute. This entry will be ignored.
[19Apr2026 02:22:00.502] [modloading-worker-0/WARN] [AttributeFix/]: Attribute ID 'parcool:max_stamina' does not belong to a known attribute. This entry will be ignored.
[19Apr2026 02:22:00.502] [modloading-worker-0/INFO] [AttributeFix/]: Loaded 104 values from config.
[19Apr2026 02:22:00.520] [modloading-worker-0/INFO] [AttributeFix/]: Saving config file. 104 entries.
[19Apr2026 02:22:00.523] [modloading-worker-0/INFO] [AttributeFix/]: Applying changes for 104 attributes.
[19Apr2026 02:22:00.550] [modloading-worker-0/INFO] [Jade/]: Start loading plugin at net.blay09.mods.balm.forge.compat.hudinfo.ForgeJadeModCompat
[19Apr2026 02:22:00.557] [modloading-worker-0/INFO] [Jade/]: Start loading plugin at snownee.jade.addon.JadeAddonsBase
[19Apr2026 02:22:00.564] [modloading-worker-0/INFO] [Jade/]: Start loading plugin at com.aetherteam.aether.integration.jade.AetherJadePlugin
[19Apr2026 02:22:00.565] [modloading-worker-0/INFO] [Jade/]: Start loading plugin at com.black_dog20.tabstats.common.compat.Jade
[19Apr2026 02:22:00.566] [modloading-worker-0/INFO] [Jade/]: Start loading plugin at net.blay09.mods.waystones.compat.JadeIntegration
[19Apr2026 02:22:00.566] [modloading-worker-0/INFO] [Jade/]: Start loading plugin at snownee.jade.addon.vanilla.VanillaPlugin
[19Apr2026 02:22:00.579] [modloading-worker-0/INFO] [Jade/]: Start loading plugin at snownee.jade.addon.universal.UniversalPlugin
[19Apr2026 02:22:00.582] [modloading-worker-0/INFO] [Jade/]: Start loading plugin at snownee.jade.addon.core.CorePlugin
[19Apr2026 02:22:00.584] [modloading-worker-0/INFO] [Jade/]: Start loading plugin at net.mehvahdjukaar.supplementaries.integration.JadeCompat
[19Apr2026 02:22:00.615] [main/INFO] [citadel/]: adding citadel surface rules via terrablender...
[19Apr2026 02:22:00.616] [main/INFO] [citadel/]: Added 0 vanilla biome surface rule types via terrablender
[19Apr2026 02:22:00.616] [main/INFO] [citadel/]: Added 0 modded biome surface rule types via terrablender
[19Apr2026 02:22:01.094] [main/INFO] [epicfight/]: Data keys [epicfight:basic_attack_active, epicfight:combo_counter] for epicfight:basic_attack
[19Apr2026 02:22:01.094] [main/INFO] [epicfight/]: Data keys [epicfight:penalty, epicfight:penalty_restore_counter] for epicfight:guard
[19Apr2026 02:22:01.094] [main/INFO] [epicfight/]: Data keys [epicfight:last_active, epicfight:penalty, epicfight:parry_motion_counter, epicfight:penalty_restore_counter] for epicfight:parrying
[19Apr2026 02:22:01.095] [main/INFO] [epicfight/]: Data keys [epicfight:penalty, epicfight:penalty_restore_counter] for epicfight:impact_guard
[19Apr2026 02:22:01.095] [main/INFO] [epicfight/]: Data keys [epicfight:resisting_damage_type, epicfight:tick_record, epicfight:stacks] for epicfight:adaptive_skin
[19Apr2026 02:22:01.095] [main/INFO] [epicfight/]: Data keys [epicfight:tick_record] for epicfight:adrenaline_fiend
[19Apr2026 02:22:01.095] [main/INFO] [epicfight/]: Data keys [epicfight:entity_id, epicfight:stacks] for epicfight:bonebreaker
[19Apr2026 02:22:01.095] [main/INFO] [epicfight/]: Data keys [epicfight:tick_record, epicfight:entity_id] for epicfight:vengeance
[19Apr2026 02:22:01.095] [main/INFO] [epicfight/]: Data keys [epicfight:fall_distance, epicfight:slam_protect_next_fall] for epicfight:meteor_slam
[19Apr2026 02:22:01.095] [main/INFO] [epicfight/]: Data keys [epicfight:stacks] for epicfight:revelation
[19Apr2026 02:22:01.095] [main/INFO] [epicfight/]: Data keys [epicfight:slam_protect_next_fall] for epicfight:demolition_leap
[19Apr2026 02:22:01.095] [main/INFO] [epicfight/]: Data keys [epicfight:slam_protect_next_fall, epicfight:jump_key_pressed_last_tick, epicfight:jump_count] for epicfight:phantom_ascent
[19Apr2026 02:22:01.096] [main/INFO] [epicfight/]: Data keys [epicfight:last_hit_count] for epicfight:grasping_spire
[19Apr2026 02:22:01.096] [main/INFO] [epicfight/]: Data keys [epicfight:sheath] for epicfight:battojutsu_passive
[19Apr2026 02:22:01.096] [main/INFO] [epicfight/]: Data keys [epicfight:sheath] for epicfight:battojutsu
[19Apr2026 02:22:01.096] [main/INFO] [epicfight/]: Data keys [epicfight:combo_counter] for epicfight:blade_rush
[19Apr2026 02:22:01.096] [main/INFO] [epicfight/]: Data keys [epicfight:thrown_trident_entity_id] for epicfight:everlasting_allegiance
[19Apr2026 02:22:01.096] [main/INFO] [epicfight/]: Data keys [wom:target_id] for wom:ender_obscuris
[19Apr2026 02:22:01.096] [main/INFO] [epicfight/]: Data keys [wom:timer_refresh, wom:dodge, wom:timer] for wom:dodge_master
[19Apr2026 02:22:01.096] [main/INFO] [epicfight/]: Data keys [wom:timer_refresh, wom:cooldown, wom:registered_health, wom:dodge, wom:registered_position, wom:active, wom:timer] for wom:time_travel
[19Apr2026 02:22:01.096] [main/INFO] [epicfight/]: Data keys [wom:cooldown] for wom:punishment_kick
[19Apr2026 02:22:01.097] [main/INFO] [epicfight/]: Data keys [wom:last_active, epicfight:penalty, wom:parrying, wom:consumprion_value, epicfight:penalty_restore_counter] for wom:counter_attack
[19Apr2026 02:22:01.097] [main/INFO] [epicfight/]: Data keys [wom:charge, wom:timer_refresh, wom:cooldown, wom:vengence_duration, epicfight:penalty, wom:holding_stance, wom:timer, wom:consumprion_value, epicfight:penalty_restore_counter] for wom:vengeful_parry
[19Apr2026 02:22:01.097] [main/INFO] [epicfight/]: Data keys [wom:charge, wom:cooldown, epicfight:penalty, wom:parrying, epicfight:penalty_restore_counter] for wom:perfect_bulwark
[19Apr2026 02:22:01.097] [main/INFO] [epicfight/]: Data keys [wom:charge, wom:cycle] for wom:soul_protection
[19Apr2026 02:22:01.097] [main/INFO] [epicfight/]: Data keys [wom:charge, wom:cycle] for wom:shulker_cloak
[19Apr2026 02:22:01.097] [main/INFO] [epicfight/]: Data keys [epicfight:penalty, wom:active, wom:timer, epicfight:penalty_restore_counter] for wom:buster_parade
[19Apr2026 02:22:01.097] [main/INFO] [epicfight/]: Data keys [wom:timer_refresh, wom:duree, wom:active, wom:timer] for wom:pain_anticipation
[19Apr2026 02:22:01.097] [main/INFO] [epicfight/]: Data keys [wom:timer_refresh, wom:duree, wom:active, wom:timer] for wom:latent_retribution
[19Apr2026 02:22:01.097] [main/INFO] [epicfight/]: Data keys [wom:rate, wom:power] for wom:critical_knowledge
[19Apr2026 02:22:01.097] [main/INFO] [epicfight/]: Data keys [wom:cooldown, wom:max_shield, wom:recovery_rate] for wom:heart_shield
[19Apr2026 02:22:01.097] [main/INFO] [epicfight/]: Data keys [wom:step, wom:melody_index, wom:saved_elapsed_time] for wom:dancing_blade
[19Apr2026 02:22:01.098] [main/INFO] [epicfight/]: Data keys [wom:timer_refresh, wom:duree, wom:active, wom:stage, wom:timer, wom:cycle] for wom:meditation
[19Apr2026 02:22:01.098] [main/INFO] [epicfight/]: Data keys [wom:cooldown] for wom:dopamine
[19Apr2026 02:22:01.098] [main/INFO] [epicfight/]: Data keys [wom:last_active] for wom:manipulator
[19Apr2026 02:22:01.098] [main/INFO] [epicfight/]: Data keys [wom:rate, wom:stack, wom:timer, wom:power] for wom:lethal_focus
[19Apr2026 02:22:01.098] [main/INFO] [epicfight/]: Data keys [wom:wall_glide, wom:jump_key_up, wom:timer_refresh, wom:angle, wom:wall_running, wom:timer] for wom:spider_techniques
[19Apr2026 02:22:01.098] [main/INFO] [epicfight/]: Data keys [wom:jump_key_up, wom:cooldown, wom:diving, wom:mermaid_movement, wom:crawling, wom:water_dashing, wom:consumprion_value] for wom:aqua_maneuvre
[19Apr2026 02:22:01.098] [main/INFO] [epicfight/]: Data keys [wom:wall_glide, wom:verso, wom:buffing, wom:active, wom:wall_running, wom:stage, wom:timer, wom:consumprion_value] for wom:natural_sprinter
[19Apr2026 02:22:01.098] [main/INFO] [epicfight/]: Data keys [wom:timer] for wom:lunatic_vivacity
[19Apr2026 02:22:01.098] [main/INFO] [epicfight/]: Data keys [wom:registered_health, wom:timer, wom:consumprion_value] for wom:voodoo_magic
[19Apr2026 02:22:01.098] [main/INFO] [epicfight/]: Data keys [wom:target_distance, wom:target_id] for wom:back_and_forth
[19Apr2026 02:22:01.098] [main/INFO] [epicfight/]: Data keys [wom:cooldown, wom:combo] for wom:shooting_style
[19Apr2026 02:22:01.099] [main/INFO] [epicfight/]: Data keys [wom:active, wom:timer] for wom:proximity_exploiter
[19Apr2026 02:22:01.099] [main/INFO] [epicfight/]: Data keys [wom:stack, wom:timer] for wom:all_eyes_on_you
[19Apr2026 02:22:01.099] [main/INFO] [epicfight/]: Data keys [wom:stack, wom:timer] for wom:all_eyes_on_me
[19Apr2026 02:22:01.099] [main/INFO] [epicfight/]: Data keys [wom:cooldown, wom:timer] for wom:avatar_of_might
[19Apr2026 02:22:01.099] [main/INFO] [epicfight/]: Data keys [wom:stack, wom:active, wom:attacks] for wom:agony_plunge
[19Apr2026 02:22:01.099] [main/INFO] [epicfight/]: Data keys [wom:timer_refresh, wom:charged_attack, wom:saved_charge, wom:active, wom:charging_time, wom:charging, wom:movespeed, wom:charged, wom:timer] for wom:torment_passive
[19Apr2026 02:22:01.099] [main/INFO] [epicfight/]: Data keys [wom:timer_refresh, wom:active, wom:timer] for wom:true_berserk
[19Apr2026 02:22:01.099] [main/INFO] [epicfight/]: Data keys [wom:stack] for wom:herrscher_passive
[19Apr2026 02:22:01.099] [main/INFO] [epicfight/]: Data keys [wom:timer_refresh, wom:verso, wom:buffing, wom:buffed, wom:redemptioon, wom:timer, wom:expiation, wom:strenght] for wom:plunder_perdition
[19Apr2026 02:22:01.099] [main/INFO] [epicfight/]: Data keys [wom:sheath] for wom:satsujin_passive
[19Apr2026 02:22:01.099] [main/INFO] [epicfight/]: Data keys [wom:timer_refresh, wom:stack, wom:saved_charge, wom:active, wom:holding_stance, wom:frequency, wom:damage, wom:attacks, wom:timedslash, wom:charge, wom:cooldown, wom:second_draw, wom:charging, wom:timer] for wom:sakura_state
[19Apr2026 02:22:01.100] [main/INFO] [epicfight/]: Data keys [wom:cooldown, wom:combo, wom:using_item, wom:zoom, wom:reload_cooldown, wom:nofalldamage, wom:shoot] for wom:ender_blast
[19Apr2026 02:22:01.100] [main/INFO] [epicfight/]: Data keys [wom:cooldown, wom:combo, wom:side, wom:using_item, wom:zoom, wom:reload_cooldown, wom:nofalldamage, wom:shoot] for wom:ender_fusion
[19Apr2026 02:22:01.100] [main/INFO] [epicfight/]: Data keys [wom:guard_point_result, wom:cooldown, wom:combo, wom:gesetz_sprengkopf, wom:holding_stance, wom:charging_time, wom:parrying, wom:guard_point, wom:charged] for wom:regierung
[19Apr2026 02:22:01.100] [main/INFO] [epicfight/]: Data keys [wom:timer_refresh, wom:echo, wom:crescent, wom:lunar_eclipse_stack, wom:timer] for wom:lunar_eclipse
[19Apr2026 02:22:01.100] [main/INFO] [epicfight/]: Data keys [wom:idle, wom:verso] for wom:lunar_echo_passive
[19Apr2026 02:22:01.100] [main/INFO] [epicfight/]: Data keys [wom:timer_refresh, wom:blackhole_timer, wom:blackhole_vec, wom:active, wom:shoot_cooldown, wom:darkness_target_reaped, wom:serius_focus_cooldown, wom:zoom_cooldown, wom:darkness_target, wom:witheraftereffect, wom:darkness_portal_vec, wom:darkness_portal_angle, wom:zoom, wom:witherccatharsis, wom:darkness_portal_timer, wom:timer, wom:darkness_activate_portal, wom:ascending, wom:darkness_target_vec, wom:serius_focus, wom:shoot, wom:blackhole, wom:blackhole_active, wom:darkness_target_hited] for wom:demonic_ascension
[19Apr2026 02:22:01.100] [main/INFO] [epicfight/]: Data keys [wom:withercurse, wom:idle, wom:particle, wom:lapse, wom:blink, wom:catharsis, wom:basic_attack] for wom:demon_mark_passive
[19Apr2026 02:22:01.100] [main/INFO] [epicfight/]: Data keys [wom:timer_refresh, wom:solar_infernio, wom:particle, wom:solar_crematorio, wom:charge, wom:heating_speed, wom:solar_obscuridad_ta_timer, wom:charging, wom:heat_level, wom:stored_heat_level, wom:timed_attack, wom:timer, wom:solar_obscuridad, wom:cycle] for wom:solar_arcano
[19Apr2026 02:22:01.100] [main/INFO] [epicfight/]: Data keys [wom:timer_refresh, wom:solar_infernio, wom:particle, wom:solar_crematorio, wom:charge, wom:heating_speed, wom:solar_obscuridad_ta_timer, wom:charging, wom:heat_level, wom:stored_heat_level, wom:timed_attack, wom:timer, wom:solar_obscuridad, wom:cycle] for wom:solar_passive
[19Apr2026 02:22:01.100] [main/INFO] [epicfight/]: Data keys [wom:serius_focus_cooldown, wom:serius_focus] for wom:rechargement
[19Apr2026 02:22:01.101] [main/INFO] [epicfight/]: Data keys [wom:shell_number, wom:bullet_loaded_old, wom:active, wom:bullet_overloaded, wom:shell_anim, wom:bullet_loaded, wom:shell_delay, wom:super_reload] for wom:napoleon_passive
[19Apr2026 02:22:01.101] [main/INFO] [epicfight/]: Data keys [dodge_parry_reward:delay_timer] for dodge_parry_reward:health_boost1
[19Apr2026 02:22:01.101] [main/INFO] [epicfight/]: Data keys [dodge_parry_reward:delay_timer] for dodge_parry_reward:health_boost2
[19Apr2026 02:22:01.101] [main/INFO] [epicfight/]: Data keys [dodge_parry_reward:delay_timer] for dodge_parry_reward:health_boost3
[19Apr2026 02:22:01.101] [main/INFO] [epicfight/]: Data keys [dodge_parry_reward:delay_timer] for dodge_parry_reward:health_boost4
[19Apr2026 02:22:01.101] [main/INFO] [epicfight/]: Data keys [dodge_parry_reward:delay_timer] for dodge_parry_reward:absorb1
[19Apr2026 02:22:01.101] [main/INFO] [epicfight/]: Data keys [dodge_parry_reward:delay_timer] for dodge_parry_reward:absorb2
[19Apr2026 02:22:01.101] [main/INFO] [epicfight/]: Data keys [dodge_parry_reward:delay_timer] for dodge_parry_reward:absorb3
[19Apr2026 02:22:01.101] [main/INFO] [epicfight/]: Data keys [dodge_parry_reward:delay_timer] for dodge_parry_reward:absorb4
[19Apr2026 02:22:01.101] [main/INFO] [epicfight/]: Data keys [dodge_parry_reward:delay_timer] for dodge_parry_reward:heal1
[19Apr2026 02:22:01.102] [main/INFO] [epicfight/]: Data keys [dodge_parry_reward:delay_timer] for dodge_parry_reward:heal2
[19Apr2026 02:22:01.102] [main/INFO] [epicfight/]: Data keys [dodge_parry_reward:delay_timer] for dodge_parry_reward:heal3
[19Apr2026 02:22:01.102] [main/INFO] [epicfight/]: Data keys [dodge_parry_reward:delay_timer] for dodge_parry_reward:heal4
[19Apr2026 02:22:01.102] [main/INFO] [epicfight/]: Data keys [dodge_parry_reward:delay_timer] for dodge_parry_reward:resist1
[19Apr2026 02:22:01.102] [main/INFO] [epicfight/]: Data keys [dodge_parry_reward:delay_timer] for dodge_parry_reward:resist2
[19Apr2026 02:22:01.102] [main/INFO] [epicfight/]: Data keys [dodge_parry_reward:delay_timer] for dodge_parry_reward:resist3
[19Apr2026 02:22:01.102] [main/INFO] [epicfight/]: Data keys [dodge_parry_reward:delay_timer] for dodge_parry_reward:resist4
[19Apr2026 02:22:01.102] [main/INFO] [epicfight/]: Data keys [dodge_parry_reward:delay_timer] for dodge_parry_reward:stun_imm1
[19Apr2026 02:22:01.102] [main/INFO] [epicfight/]: Data keys [dodge_parry_reward:delay_timer] for dodge_parry_reward:stun_imm2
[19Apr2026 02:22:01.102] [main/INFO] [epicfight/]: Data keys [dodge_parry_reward:delay_timer] for dodge_parry_reward:stun_imm3
[19Apr2026 02:22:01.102] [main/INFO] [epicfight/]: Data keys [dodge_parry_reward:delay_timer] for dodge_parry_reward:stun_imm4
[19Apr2026 02:22:01.103] [main/INFO] [epicfight/]: Data keys [dodge_parry_reward:delay_timer] for dodge_parry_reward:damage_boost1
[19Apr2026 02:22:01.103] [main/INFO] [epicfight/]: Data keys [dodge_parry_reward:delay_timer] for dodge_parry_reward:damage_boost2
[19Apr2026 02:22:01.103] [main/INFO] [epicfight/]: Data keys [dodge_parry_reward:delay_timer] for dodge_parry_reward:damage_boost3
[19Apr2026 02:22:01.103] [main/INFO] [epicfight/]: Data keys [dodge_parry_reward:delay_timer] for dodge_parry_reward:damage_boost4
[19Apr2026 02:22:01.103] [main/INFO] [epicfight/]: Data keys [dodge_parry_reward:delay_timer] for dodge_parry_reward:speed1
[19Apr2026 02:22:01.103] [main/INFO] [epicfight/]: Data keys [dodge_parry_reward:delay_timer] for dodge_parry_reward:speed2
[19Apr2026 02:22:01.103] [main/INFO] [epicfight/]: Data keys [dodge_parry_reward:delay_timer] for dodge_parry_reward:speed3
[19Apr2026 02:22:01.103] [main/INFO] [epicfight/]: Data keys [dodge_parry_reward:delay_timer] for dodge_parry_reward:speed4
[19Apr2026 02:22:01.103] [main/INFO] [epicfight/]: Data keys [dodge_parry_reward:delay_timer] for dodge_parry_reward:stamina1
[19Apr2026 02:22:01.103] [main/INFO] [epicfight/]: Data keys [dodge_parry_reward:delay_timer] for dodge_parry_reward:stamina2
[19Apr2026 02:22:01.104] [main/INFO] [epicfight/]: Data keys [dodge_parry_reward:delay_timer] for dodge_parry_reward:stamina3
[19Apr2026 02:22:01.104] [main/INFO] [epicfight/]: Data keys [dodge_parry_reward:delay_timer] for dodge_parry_reward:stamina4
[19Apr2026 02:22:01.104] [main/INFO] [epicfight/]: Data keys [epicfightx:dodge_attacking] for epicfightx:roll
[19Apr2026 02:22:01.104] [main/INFO] [epicfight/]: Data keys [epicfightx:dodge_attacking] for epicfightx:step
[19Apr2026 02:22:01.104] [main/INFO] [epicfight/]: Data keys [epicfightx:is_special_animation, epicfightx:counter_available, epicfightx:dodge_start_time] for epicfightx:combat_mastery_i
[19Apr2026 02:22:01.107] [main/INFO] [epicfight/]: Data keys [epicfightx:sprint_available, epicfightx:sprint_active, epicfightx:dodge_start_time] for epicfightx:combat_mastery_ii
[19Apr2026 02:22:01.107] [main/INFO] [epicfight/]: Data keys [epicfightx:cooldown] for epicfightx:pickaxe_skill
[19Apr2026 02:22:01.107] [main/INFO] [epicfight/]: Data keys [epicfightx:great_tachi_marked_entities] for epicfightx:otachi_skill
[19Apr2026 02:22:01.107] [main/INFO] [epicfight/]: Data keys [epicfightx:sheath_form, epicfightx:attack_count_snapshot, epicfightx:attack_count] for epicfightx:katana_skill
[19Apr2026 02:22:01.107] [main/INFO] [epicfight/]: Data keys [epicfightx:sheath, epicfightx:sheath_killed] for epicfightx:battojutsu_passive
[19Apr2026 02:22:01.107] [main/INFO] [epicfight/]: Data keys [epicfightx:sheath] for epicfightx:battojutsu
[19Apr2026 02:22:01.108] [main/INFO] [epicfight/]: Data keys [invincible:dodge_success_timer, invincible:cooldown, invincible:left, invincible:parry_timer, invincible:right, invincible:up, invincible:down] for invincible:combo_demo
[19Apr2026 02:22:01.108] [main/INFO] [epicfight/]: Data keys [sword_soaring:cooldown_timer, sword_soaring:sword_entity_id] for sword_soaring:kill_aura_1
[19Apr2026 02:22:01.108] [main/INFO] [epicfight/]: Data keys [sword_soaring:cooldown_timer, sword_soaring:sword_entity_id] for sword_soaring:kill_aura_2
[19Apr2026 02:22:01.108] [main/INFO] [epicfight/]: Data keys [sword_soaring:cooldown_timer, sword_soaring:sword_entity_id, sword_soaring:protect_count] for sword_soaring:screen_sword
[19Apr2026 02:22:01.108] [main/INFO] [epicfight/]: Data keys [sword_soaring:play_big_dipper, sword_soaring:cooldown_timer, sword_soaring:delay_timer] for sword_soaring:rain_sword
[19Apr2026 02:22:01.108] [main/INFO] [epicfight/]: Data keys [sword_soaring:cooldown_timer, sword_soaring:camera_timer] for sword_soaring:babylon
[19Apr2026 02:22:01.108] [main/INFO] [epicfight/]: Data keys [sword_soaring:cooldown_timer, sword_soaring:is_charging, sword_soaring:is_pressing] for sword_soaring:wan_jian_gui_zong
[19Apr2026 02:22:01.108] [main/INFO] [epicfight/]: Data keys [sword_soaring:cooldown_timer, sword_soaring:flying, sword_soaring:accelerating] for sword_soaring:sword_soaring_apprentice
[19Apr2026 02:22:01.108] [main/INFO] [epicfight/]: Data keys [sword_soaring:cooldown_timer, sword_soaring:flying, sword_soaring:accelerating] for sword_soaring:sword_soaring_expert
[19Apr2026 02:22:01.108] [main/INFO] [epicfight/]: Data keys [sword_soaring:cooldown_timer, sword_soaring:flying, sword_soaring:accelerating] for sword_soaring:sword_soaring_master
[19Apr2026 02:22:01.109] [main/INFO] [epicfight/]: Data keys [sword_soaring:cooldown_timer, sword_soaring:flying, sword_soaring:accelerating] for sword_soaring:sword_soaring_elytra_apprentice
[19Apr2026 02:22:01.109] [main/INFO] [epicfight/]: Data keys [sword_soaring:cooldown_timer, sword_soaring:flying, sword_soaring:accelerating] for sword_soaring:sword_soaring_elytra_expert
[19Apr2026 02:22:01.109] [main/INFO] [epicfight/]: Data keys [sword_soaring:cooldown_timer, sword_soaring:flying, sword_soaring:accelerating] for sword_soaring:sword_soaring_elytra_master
[19Apr2026 02:22:01.109] [main/INFO] [epicfight/]: Data keys [invincible:dodge_success_timer, invincible:cooldown, invincible:left, invincible:parry_timer, invincible:right, invincible:up, invincible:down] for sword_soaring:vatansever_innate
[19Apr2026 02:22:01.109] [main/INFO] [epicfight/]: Data keys [sword_soaring:sword_count, sword_soaring:artifact_spirit_entity_id] for sword_soaring:vatansever_passive
[19Apr2026 02:22:01.109] [main/INFO] [epicfight/]: Data keys [efn:scythe_blood_power, efn:scythe_sheath] for efn:scythe_skill
[19Apr2026 02:22:01.109] [main/INFO] [epicfight/]: Data keys [efn:thornwheel_loop, efn:thornwheel_loop_available, efn:press_innate] for efn:thornwheel
[19Apr2026 02:22:01.109] [main/INFO] [epicfight/]: Data keys [efn:jump_key_pressed_last_tick, efn:jump_count, efn:murasama_forward_dodge] for efn:murasama_dodge
[19Apr2026 02:22:01.109] [main/INFO] [epicfight/]: Data keys [efn:max_puncture_chance, efn:base_puncture_chance, efn:puncture_increment, efn:current_puncture_chance] for efn:parry_master
[19Apr2026 02:22:01.110] [main/INFO] [epicfight/]: Data keys [efn:buff_end_tick, efn:defense_start_tick, efn:buff_active] for efn:precise_parry
[19Apr2026 02:22:01.110] [main/INFO] [epicfight/]: Data keys [efn:cooldown, efn:cooldown_1] for efn:judgementcutend
[19Apr2026 02:22:01.110] [main/INFO] [epicfight/]: Data keys [efn:cooldown, efn:cooldown_1] for efn:stomp
[19Apr2026 02:22:01.110] [main/INFO] [epicfight/]: Data keys [efn:arts_key_pressed, efn:murasama_zansetsu_input_mode, efn:murasama_key_right_down, efn:murasama_zansetsu_sector, efn:murasama_zandatsu_start_time, efn:murasama_zansetsu_active, efn:murasama_key_left_down, efn:murasama_zansetsu_start_time, efn:murasama_zandatsu_available, efn:murasama_zansetsu_attack_counter, efn:murasama_opposite_triggered, efn:murasama_zandatsu_end_time, efn:arts_key, efn:murasama_zansetsu_slash_release, efn:murasama_zansetsu_timer, efn:murasama_zansetsu_end_time, efn:murasama_pair_flag, efn:murasama_left_mouse_pressed, efn:murasama_last_triggered_sector, efn:murasama_input_mode_switch_pressed] for efn:zansetsu
[19Apr2026 02:22:01.110] [main/INFO] [epicfight/]: Data keys [efn:cooldown, efn:cooldown_1] for efn:execution
[19Apr2026 02:22:01.110] [main/INFO] [epicfight/]: Data keys [efn:efn_last_guard_start_tick, efn:efn_last_successful_defense_tick, efn:efn_last_active, epicfight:penalty, efn:efn_shake_detected, efn:efn_last_parry_time, efn:efn_delay_protection_end, efn:efn_starting_parry, efn:efn_shake_penalty_count, efn:efn_parry_motion_counter, efn:efn_first_shake, epicfight:penalty_restore_counter] for efn:efn_parry
[19Apr2026 02:22:01.110] [main/INFO] [epicfight/]: Data keys [efn:efn_last_guard_start_tick, efn:efn_last_successful_defense_tick, efn:efn_last_active, epicfight:penalty, efn:efn_shake_detected, efn:efn_last_parry_time, efn:efn_delay_protection_end, efn:efn_starting_parry, efn:efn_shake_penalty_count, efn:efn_parry_motion_counter, efn:efn_first_shake, epicfight:penalty_restore_counter] for efn:murasama_parry
[19Apr2026 02:22:01.110] [main/INFO] [epicfight/]: Data keys [efn:arts_key_pressed, efn:cooldown, efn:sekiro_art_index, efn:arts_key, efn:arts_input_buffer, efn:cooldown_1] for efn:mortal_blade
[19Apr2026 02:22:01.111] [main/INFO] [epicfight/]: Data keys [efn:key1_press_timer, efn:doppelganger_tick, efn:jump_key, efn:pressing_key3, efn:charge_message, efn:press_doppelganger, efn:press_summon_sword, efn:press_key4, efn:pressing_key1, efn:is_charging, efn:press_key3, efn:doppelganger_style, efn:sprint_key, efn:sneak_key, efn:press_key1, efn:cooldown_1, efn:arts_key_pressed, efn:was_long_pressed, invincible:dodge_success_timer, efn:arts_key, invincible:parry_timer, invincible:up, efn:combo_counter, efn:doppelganger_delay, efn:press_key2, efn:angel_key, invincible:cooldown, efn:key4_press_timer, efn:pressing_innate, efn:pressing_key2, efn:force_release, efn:cooldown, efn:innate_press_timer, efn:up_key, efn:pressing_key4, efn:demon_key, efn:full_charge_message, efn:down_key, efn:charge_stage, efn:press_innate, invincible:down, efn:charge_ticks, invincible:left, invincible:right, efn:key2_press_timer, efn:guard_key, efn:have_doppelganger, efn:energy_check, efn:is_pressing, efn:charge_power, efn:key3_press_timer] for efn:yamato
[19Apr2026 02:22:01.111] [main/INFO] [epicfight/]: Data keys [efn:parry_cooldown, efn:have_doppelganger, efn:stun_cooldown, efn:doppelganger_tick, efn:doppelganger_delay, efn:doppelganger_style] for efn:yamato_passive
[19Apr2026 02:22:01.111] [main/INFO] [epicfight/]: Data keys [efn:key1_press_timer, efn:jump_key, efn:pressing_key3, efn:charge_message, efn:press_summon_sword, efn:press_key4, efn:pressing_key1, efn:is_charging, efn:press_key3, efn:sprint_key, efn:sneak_key, efn:press_key1, efn:cooldown_1, efn:arts_key_pressed, efn:was_long_pressed, invincible:dodge_success_timer, efn:damage_history, efn:arts_key, invincible:parry_timer, invincible:up, efn:combo_counter, efn:press_key2, efn:angel_key, efn:replay_enhanced, invincible:cooldown, efn:key4_press_timer, efn:pressing_innate, efn:is_replay_damage, efn:pressing_key2, efn:force_release, efn:cooldown, efn:innate_press_timer, efn:up_key, efn:pressing_key4, efn:demon_key, efn:full_charge_message, efn:down_key, efn:charge_stage, efn:press_innate, invincible:down, efn:charge_ticks, invincible:left, invincible:right, efn:key2_press_timer, efn:guard_key, efn:energy_check, efn:is_pressing, efn:charge_power, efn:key3_press_timer] for efn:shortsword
[19Apr2026 02:22:01.111] [main/INFO] [epicfight/]: Data keys [efn:angel_key, efn:key1_press_timer, invincible:cooldown, efn:jump_key, efn:key4_press_timer, efn:pressing_innate, efn:pressing_key2, efn:pressing_key3, efn:charge_message, efn:force_release, efn:cooldown, efn:innate_press_timer, efn:press_summon_sword, efn:up_key, efn:press_key4, efn:pressing_key1, efn:pressing_key4, efn:is_charging, efn:demon_key, efn:full_charge_message, efn:down_key, efn:charge_stage, efn:press_key3, efn:sprint_key, efn:sneak_key, efn:press_key1, efn:press_innate, efn:cooldown_1, invincible:down, efn:arts_key_pressed, efn:charge_ticks, efn:was_long_pressed, invincible:dodge_success_timer, invincible:left, invincible:right, efn:key2_press_timer, efn:guard_key, efn:arts_key, invincible:parry_timer, invincible:up, efn:energy_check, efn:combo_counter, efn:press_key2, efn:is_pressing, efn:charge_power, efn:key3_press_timer] for efn:ruinsgreatsword
[19Apr2026 02:22:01.111] [main/INFO] [epicfight/]: Data keys [efn:angel_key, efn:key1_press_timer, invincible:cooldown, efn:jump_key, efn:key4_press_timer, efn:pressing_innate, efn:pressing_key2, efn:pressing_key3, efn:charge_message, efn:force_release, efn:cooldown, efn:innate_press_timer, efn:press_summon_sword, efn:up_key, efn:press_key4, efn:pressing_key1, efn:pressing_key4, efn:is_charging, efn:demon_key, efn:full_charge_message, efn:down_key, efn:charge_stage, efn:press_key3, efn:sprint_key, efn:sneak_key, efn:press_key1, efn:press_innate, efn:cooldown_1, invincible:down, efn:arts_key_pressed, efn:charge_ticks, efn:was_long_pressed, invincible:dodge_success_timer, invincible:left, invincible:right, efn:key2_press_timer, efn:guard_key, efn:arts_key, invincible:parry_timer, invincible:up, efn:energy_check, efn:combo_counter, efn:press_key2, efn:is_pressing, efn:charge_power, efn:key3_press_timer] for efn:pioneer
[19Apr2026 02:22:01.111] [main/INFO] [epicfight/]: Data keys [efn:murasama_sheath, efn:key1_press_timer, efn:murasama_sheath_timer, efn:murasama_air_borne, efn:murasama_key_left_down, efn:jump_key, efn:murasama_zansetsu_start_time, efn:murasama_zandatsu_available, efn:pressing_key3, efn:charge_message, efn:murasama_zansetsu_slash_release, efn:murasama_zansetsu_timer, efn:press_summon_sword, efn:press_key4, efn:pressing_key1, efn:is_charging, efn:murasama_left_mouse_pressed, efn:press_key3, efn:murasama_last_triggered_sector, efn:sprint_key, efn:sneak_key, efn:press_key1, efn:cooldown_1, efn:murasama_zansetsu_input_mode, efn:arts_key_pressed, efn:was_long_pressed, invincible:dodge_success_timer, efn:murasama_zansetsu_active, efn:murasama_opposite_triggered, efn:sprint_sheath_timer, efn:arts_key, invincible:parry_timer, invincible:up, efn:murasama_forward_dodge, efn:combo_counter, efn:manual_unsheath, efn:press_key2, efn:murasama_input_mode_switch_pressed, efn:angel_key, invincible:cooldown, efn:murasama_zansetsu_sector, efn:murasama_zandatsu_start_time, efn:key4_press_timer, efn:pressing_innate, efn:pressing_key2, efn:force_release, efn:murasama_zandatsu_end_time, efn:cooldown, efn:innate_press_timer, efn:up_key, efn:pressing_key4, efn:demon_key, efn:full_charge_message, efn:down_key, efn:charge_stage, efn:press_innate, invincible:down, efn:charge_ticks, invincible:left, efn:murasama_key_right_down, invincible:right, efn:key2_press_timer, efn:guard_key, efn:murasama_zansetsu_attack_counter, efn:murasama_zansetsu_end_time, efn:energy_check, efn:murasama_pair_flag, efn:is_pressing, efn:charge_power, efn:key3_press_timer] for efn:murasama
[19Apr2026 02:22:01.111] [main/INFO] [epicfight/]: Data keys [efn:murasama_sheath, efn:up_key_pressed_last_tick, efn:jump_key_pressed_last_tick, efn:murasama_zansetsu_sector, efn:forward_backward_end_tick, efn:murasama_sheath_timer, efn:murasama_zandatsu_start_time, efn:murasama_key_left_down, efn:forward_backward_success, efn:murasama_zansetsu_start_time, efn:murasama_zandatsu_available, efn:murasama_zandatsu_end_time, efn:jump_count, efn:murasama_zansetsu_slash_release, efn:murasama_zansetsu_timer, efn:murasama_left_mouse_pressed, efn:murasama_last_triggered_sector, efn:murasama_zansetsu_input_mode, efn:is_double_tap_sprint, efn:murasama_key_right_down, efn:forward_backward_remaining_ticks, efn:murasama_zansetsu_active, efn:forward_backward_timer, efn:murasama_zansetsu_attack_counter, efn:was_double_tap_sprint, efn:murasama_opposite_triggered, efn:forward_pressed_last_tick, efn:sprint_sheath_timer, efn:double_tap_timer, efn:backward_pressed_last_tick, efn:murasama_zansetsu_end_time, efn:murasama_forward_dodge, efn:murasama_pair_flag, efn:manual_unsheath, efn:forward_backward_window_active, efn:murasama_input_mode_switch_pressed] for efn:murasama_passive
[19Apr2026 02:22:01.112] [main/INFO] [epicfight/]: Data keys [efn:angel_key, efn:key1_press_timer, invincible:cooldown, efn:jump_key, efn:key4_press_timer, efn:pressing_innate, efn:pressing_key2, efn:pressing_key3, efn:charge_message, efn:force_release, efn:cooldown, efn:innate_press_timer, efn:press_summon_sword, efn:up_key, efn:press_key4, efn:pressing_key1, efn:pressing_key4, efn:is_charging, efn:demon_key, efn:full_charge_message, efn:down_key, efn:charge_stage, efn:press_key3, efn:sprint_key, efn:sneak_key, efn:press_key1, efn:press_innate, efn:cooldown_1, invincible:down, efn:arts_key_pressed, efn:charge_ticks, efn:was_long_pressed, invincible:dodge_success_timer, invincible:left, invincible:right, efn:key2_press_timer, efn:guard_key, efn:arts_key, invincible:parry_timer, invincible:up, efn:energy_check, efn:combo_counter, efn:press_key2, efn:is_pressing, efn:charge_power, efn:key3_press_timer] for efn:meenlance
[19Apr2026 02:22:01.112] [main/INFO] [epicfight/]: Data keys [efn:angel_key, efn:key1_press_timer, invincible:cooldown, efn:jump_key, efn:key4_press_timer, efn:pressing_innate, efn:pressing_key2, efn:pressing_key3, efn:charge_message, efn:force_release, efn:cooldown, efn:innate_press_timer, efn:press_summon_sword, efn:up_key, efn:press_key4, efn:pressing_key1, efn:pressing_key4, efn:is_charging, efn:demon_key, efn:full_charge_message, efn:down_key, efn:charge_stage, efn:press_key3, efn:sprint_key, efn:sneak_key, efn:press_key1, efn:press_innate, efn:cooldown_1, invincible:down, efn:arts_key_pressed, efn:charge_ticks, efn:was_long_pressed, invincible:dodge_success_timer, invincible:left, invincible:right, efn:key2_press_timer, efn:guard_key, efn:arts_key, invincible:parry_timer, invincible:up, efn:energy_check, efn:combo_counter, efn:press_key2, efn:is_pressing, efn:charge_power, efn:key3_press_timer] for efn:kusabimaru
[19Apr2026 02:22:01.112] [main/INFO] [epicfight/]: Data keys [efn:murasama_sheath, efn:key1_press_timer, efn:murasama_sheath_timer, efn:murasama_air_borne, efn:murasama_key_left_down, efn:jump_key, efn:murasama_zansetsu_start_time, efn:murasama_zandatsu_available, efn:pressing_key3, efn:charge_message, efn:murasama_zansetsu_slash_release, efn:murasama_zansetsu_timer, efn:press_summon_sword, efn:press_key4, efn:pressing_key1, efn:is_charging, efn:murasama_left_mouse_pressed, efn:press_key3, efn:murasama_last_triggered_sector, efn:sprint_key, efn:sneak_key, efn:press_key1, efn:cooldown_1, efn:murasama_zansetsu_input_mode, efn:arts_key_pressed, efn:was_long_pressed, invincible:dodge_success_timer, efn:murasama_zansetsu_active, efn:murasama_opposite_triggered, efn:sprint_sheath_timer, efn:arts_key, invincible:parry_timer, invincible:up, efn:murasama_forward_dodge, efn:combo_counter, efn:manual_unsheath, efn:press_key2, efn:murasama_input_mode_switch_pressed, efn:angel_key, invincible:cooldown, efn:murasama_zansetsu_sector, efn:murasama_zandatsu_start_time, efn:key4_press_timer, efn:pressing_innate, efn:pressing_key2, efn:force_release, efn:murasama_zandatsu_end_time, efn:cooldown, efn:innate_press_timer, efn:up_key, efn:pressing_key4, efn:demon_key, efn:full_charge_message, efn:down_key, efn:charge_stage, efn:press_innate, invincible:down, efn:charge_ticks, invincible:left, efn:murasama_key_right_down, invincible:right, efn:key2_press_timer, efn:guard_key, efn:murasama_zansetsu_attack_counter, efn:murasama_zansetsu_end_time, efn:energy_check, efn:murasama_pair_flag, efn:is_pressing, efn:charge_power, efn:key3_press_timer] for efn:hf_blade
[19Apr2026 02:22:01.113] [main/INFO] [epicfight/]: Data keys [efn:murasama_sheath, efn:up_key_pressed_last_tick, efn:jump_key_pressed_last_tick, efn:murasama_zansetsu_sector, efn:forward_backward_end_tick, efn:murasama_sheath_timer, efn:murasama_zandatsu_start_time, efn:murasama_key_left_down, efn:forward_backward_success, efn:murasama_zansetsu_start_time, efn:murasama_zandatsu_available, efn:murasama_zandatsu_end_time, efn:jump_count, efn:murasama_zansetsu_slash_release, efn:murasama_zansetsu_timer, efn:murasama_left_mouse_pressed, efn:murasama_last_triggered_sector, efn:murasama_zansetsu_input_mode, efn:is_double_tap_sprint, efn:murasama_key_right_down, efn:forward_backward_remaining_ticks, efn:murasama_zansetsu_active, efn:forward_backward_timer, efn:murasama_zansetsu_attack_counter, efn:was_double_tap_sprint, efn:murasama_opposite_triggered, efn:forward_pressed_last_tick, efn:sprint_sheath_timer, efn:double_tap_timer, efn:backward_pressed_last_tick, efn:murasama_zansetsu_end_time, efn:murasama_forward_dodge, efn:murasama_pair_flag, efn:manual_unsheath, efn:forward_backward_window_active, efn:murasama_input_mode_switch_pressed] for efn:hf_blade_passive
[19Apr2026 02:22:01.113] [main/INFO] [epicfight/]: Data keys [efn:angel_key, efn:key1_press_timer, invincible:cooldown, efn:jump_key, efn:key4_press_timer, efn:pressing_innate, efn:pressing_key2, efn:pressing_key3, efn:charge_message, efn:force_release, efn:cooldown, efn:innate_press_timer, efn:press_summon_sword, efn:up_key, efn:press_key4, efn:pressing_key1, efn:pressing_key4, efn:is_charging, efn:demon_key, efn:full_charge_message, efn:down_key, efn:charge_stage, efn:press_key3, efn:sprint_key, efn:sneak_key, efn:press_key1, efn:press_innate, efn:cooldown_1, invincible:down, efn:arts_key_pressed, efn:charge_ticks, efn:was_long_pressed, invincible:dodge_success_timer, invincible:left, invincible:right, efn:key2_press_timer, efn:guard_key, efn:arts_key, invincible:parry_timer, invincible:up, efn:energy_check, efn:combo_counter, efn:press_key2, efn:is_pressing, efn:charge_power, efn:key3_press_timer] for efn:exsiliumgladius
[19Apr2026 02:22:01.114] [main/INFO] [epicfight/]: Data keys [invincible:dodge_success_timer, invincible:cooldown, invincible:left, invincible:parry_timer, invincible:right, invincible:up, invincible:down] for efn:examplecombo
[19Apr2026 02:22:01.114] [main/INFO] [epicfight/]: Data keys [efn:angel_key, efn:key1_press_timer, invincible:cooldown, efn:jump_key, efn:key4_press_timer, efn:pressing_innate, efn:pressing_key2, efn:pressing_key3, efn:charge_message, efn:force_release, efn:cooldown, efn:innate_press_timer, efn:press_summon_sword, efn:up_key, efn:press_key4, efn:pressing_key1, efn:pressing_key4, efn:is_charging, efn:demon_key, efn:full_charge_message, efn:down_key, efn:charge_stage, efn:press_key3, efn:sprint_key, efn:sneak_key, efn:press_key1, efn:press_innate, efn:cooldown_1, invincible:down, efn:arts_key_pressed, efn:charge_ticks, efn:was_long_pressed, invincible:dodge_success_timer, invincible:left, invincible:right, efn:key2_press_timer, efn:guard_key, efn:arts_key, invincible:parry_timer, invincible:up, efn:energy_check, efn:combo_counter, efn:press_key2, efn:is_pressing, efn:charge_power, efn:key3_press_timer] for efn:crescentmoon
[19Apr2026 02:22:01.114] [main/INFO] [epicfight/]: Data keys [efn:angel_key, efn:key1_press_timer, invincible:cooldown, efn:jump_key, efn:key4_press_timer, efn:pressing_innate, efn:pressing_key2, efn:pressing_key3, efn:charge_message, efn:force_release, efn:cooldown, efn:innate_press_timer, efn:press_summon_sword, efn:up_key, efn:press_key4, efn:pressing_key1, efn:pressing_key4, efn:is_charging, efn:demon_key, efn:full_charge_message, efn:down_key, efn:charge_stage, efn:press_key3, efn:sprint_key, efn:sneak_key, efn:press_key1, efn:press_innate, efn:cooldown_1, invincible:down, efn:arts_key_pressed, efn:charge_ticks, efn:was_long_pressed, invincible:dodge_success_timer, invincible:left, invincible:right, efn:key2_press_timer, efn:guard_key, efn:arts_key, invincible:parry_timer, invincible:up, efn:energy_check, efn:combo_counter, efn:press_key2, efn:is_pressing, efn:charge_power, efn:key3_press_timer] for efn:broadblade
[19Apr2026 02:22:01.114] [main/INFO] [epicfight/]: Data keys [efn:angel_key, efn:key1_press_timer, invincible:cooldown, efn:jump_key, efn:key4_press_timer, efn:pressing_innate, efn:pressing_key2, efn:pressing_key3, efn:charge_message, efn:force_release, efn:cooldown, efn:innate_press_timer, efn:press_summon_sword, efn:up_key, efn:press_key4, efn:pressing_key1, efn:pressing_key4, efn:is_charging, efn:demon_key, efn:full_charge_message, efn:down_key, efn:charge_stage, efn:press_key3, efn:sprint_key, efn:sneak_key, efn:press_key1, efn:press_innate, efn:cooldown_1, invincible:down, efn:arts_key_pressed, efn:charge_ticks, efn:was_long_pressed, invincible:dodge_success_timer, invincible:left, invincible:right, efn:key2_press_timer, efn:guard_key, efn:arts_key, invincible:parry_timer, invincible:up, efn:energy_check, efn:combo_counter, efn:press_key2, efn:is_pressing, efn:charge_power, efn:key3_press_timer] for efn:bloodlust
[19Apr2026 02:22:01.115] [main/INFO] [epicfight/]: Data keys [efn:angel_key, efn:key1_press_timer, invincible:cooldown, efn:jump_key, efn:key4_press_timer, efn:pressing_innate, efn:pressing_key2, efn:pressing_key3, efn:charge_message, efn:force_release, efn:cooldown, efn:innate_press_timer, efn:press_summon_sword, efn:up_key, efn:press_key4, efn:pressing_key1, efn:pressing_key4, efn:is_charging, efn:demon_key, efn:full_charge_message, efn:down_key, efn:charge_stage, efn:press_key3, efn:sprint_key, efn:sneak_key, efn:press_key1, efn:press_innate, efn:cooldown_1, invincible:down, efn:arts_key_pressed, efn:charge_ticks, efn:was_long_pressed, invincible:dodge_success_timer, invincible:left, invincible:right, efn:key2_press_timer, efn:guard_key, efn:arts_key, invincible:parry_timer, invincible:up, efn:energy_check, efn:combo_counter, efn:press_key2, efn:is_pressing, efn:charge_power, efn:key3_press_timer] for efn:beastclaw
[19Apr2026 02:22:01.115] [main/INFO] [epicfight/]: Data keys [efn:angel_key, efn:key1_press_timer, invincible:cooldown, efn:jump_key, efn:key4_press_timer, efn:pressing_innate, efn:pressing_key2, efn:pressing_key3, efn:charge_message, efn:force_release, efn:cooldown, efn:innate_press_timer, efn:press_summon_sword, efn:up_key, efn:press_key4, efn:pressing_key1, efn:pressing_key4, efn:is_charging, efn:demon_key, efn:full_charge_message, efn:down_key, efn:charge_stage, efn:press_key3, efn:sprint_key, efn:sneak_key, efn:press_key1, efn:press_innate, efn:cooldown_1, invincible:down, efn:arts_key_pressed, efn:charge_ticks, efn:was_long_pressed, invincible:dodge_success_timer, invincible:left, invincible:right, efn:key2_press_timer, efn:guard_key, efn:arts_key, invincible:parry_timer, invincible:up, efn:energy_check, efn:combo_counter, efn:press_key2, efn:is_pressing, efn:charge_power, efn:key3_press_timer] for efn:aetherialdusk
[19Apr2026 02:22:01.115] [main/INFO] [epicfight/]: Data keys [dodge_parry_reward:delay_timer] for tcrcore:regen_mana
[19Apr2026 02:22:01.445] [main/INFO] [com.mojang.authlib.yggdrasil.YggdrasilAuthenticationService/]: Environment: authHost='https://authserver.mojang.com', accountsHost='https://api.mojang.com', sessionHost='https://sessionserver.mojang.com', servicesHost='https://api.minecraftservices.com', name='PROD'
[19Apr2026 02:22:02.055] [main/INFO] [epicfight/]: Data keys [epicfight:basic_attack_active, epicfight:combo_counter] for epicfight:basic_attack
[19Apr2026 02:22:02.055] [main/INFO] [epicfight/]: Data keys [epicfight:penalty, epicfight:penalty_restore_counter] for epicfight:guard
[19Apr2026 02:22:02.055] [main/INFO] [epicfight/]: Data keys [epicfight:last_active, epicfight:penalty, epicfight:parry_motion_counter, epicfight:penalty_restore_counter] for epicfight:parrying
[19Apr2026 02:22:02.055] [main/INFO] [epicfight/]: Data keys [epicfight:penalty, epicfight:penalty_restore_counter] for epicfight:impact_guard
[19Apr2026 02:22:02.055] [main/INFO] [epicfight/]: Data keys [epicfight:resisting_damage_type, epicfight:tick_record, epicfight:stacks] for epicfight:adaptive_skin
[19Apr2026 02:22:02.055] [main/INFO] [epicfight/]: Data keys [epicfight:tick_record] for epicfight:adrenaline_fiend
[19Apr2026 02:22:02.055] [main/INFO] [epicfight/]: Data keys [epicfight:entity_id, epicfight:stacks] for epicfight:bonebreaker
[19Apr2026 02:22:02.056] [main/INFO] [epicfight/]: Data keys [epicfight:tick_record, epicfight:entity_id] for epicfight:vengeance
[19Apr2026 02:22:02.056] [main/INFO] [epicfight/]: Data keys [epicfight:fall_distance, epicfight:slam_protect_next_fall] for epicfight:meteor_slam
[19Apr2026 02:22:02.056] [main/INFO] [epicfight/]: Data keys [epicfight:stacks] for epicfight:revelation
[19Apr2026 02:22:02.056] [main/INFO] [epicfight/]: Data keys [epicfight:slam_protect_next_fall] for epicfight:demolition_leap
[19Apr2026 02:22:02.056] [main/INFO] [epicfight/]: Data keys [epicfight:slam_protect_next_fall, epicfight:jump_key_pressed_last_tick, epicfight:jump_count] for epicfight:phantom_ascent
[19Apr2026 02:22:02.056] [main/INFO] [epicfight/]: Data keys [epicfight:last_hit_count] for epicfight:grasping_spire
[19Apr2026 02:22:02.056] [main/INFO] [epicfight/]: Data keys [epicfight:sheath] for epicfight:battojutsu_passive
[19Apr2026 02:22:02.056] [main/INFO] [epicfight/]: Data keys [epicfight:sheath] for epicfight:battojutsu
[19Apr2026 02:22:02.057] [main/INFO] [epicfight/]: Data keys [epicfight:combo_counter] for epicfight:blade_rush
[19Apr2026 02:22:02.057] [main/INFO] [epicfight/]: Data keys [epicfight:thrown_trident_entity_id] for epicfight:everlasting_allegiance
[19Apr2026 02:22:02.057] [main/INFO] [epicfight/]: Data keys [wom:target_id] for wom:ender_obscuris
[19Apr2026 02:22:02.057] [main/INFO] [epicfight/]: Data keys [wom:timer_refresh, wom:dodge, wom:timer] for wom:dodge_master
[19Apr2026 02:22:02.057] [main/INFO] [epicfight/]: Data keys [wom:timer_refresh, wom:cooldown, wom:registered_health, wom:dodge, wom:registered_position, wom:active, wom:timer] for wom:time_travel
[19Apr2026 02:22:02.057] [main/INFO] [epicfight/]: Data keys [wom:cooldown] for wom:punishment_kick
[19Apr2026 02:22:02.057] [main/INFO] [epicfight/]: Data keys [wom:last_active, epicfight:penalty, wom:parrying, wom:consumprion_value, epicfight:penalty_restore_counter] for wom:counter_attack
[19Apr2026 02:22:02.057] [main/INFO] [epicfight/]: Data keys [wom:charge, wom:timer_refresh, wom:cooldown, wom:vengence_duration, epicfight:penalty, wom:holding_stance, wom:timer, wom:consumprion_value, epicfight:penalty_restore_counter] for wom:vengeful_parry
[19Apr2026 02:22:02.057] [main/INFO] [epicfight/]: Data keys [wom:charge, wom:cooldown, epicfight:penalty, wom:parrying, epicfight:penalty_restore_counter] for wom:perfect_bulwark
[19Apr2026 02:22:02.058] [main/INFO] [epicfight/]: Data keys [wom:charge, wom:cycle] for wom:soul_protection
[19Apr2026 02:22:02.058] [main/INFO] [epicfight/]: Data keys [wom:charge, wom:cycle] for wom:shulker_cloak
[19Apr2026 02:22:02.059] [main/INFO] [epicfight/]: Data keys [epicfight:penalty, wom:active, wom:timer, epicfight:penalty_restore_counter] for wom:buster_parade
[19Apr2026 02:22:02.059] [main/INFO] [epicfight/]: Data keys [wom:timer_refresh, wom:duree, wom:active, wom:timer] for wom:pain_anticipation
[19Apr2026 02:22:02.059] [main/INFO] [epicfight/]: Data keys [wom:timer_refresh, wom:duree, wom:active, wom:timer] for wom:latent_retribution
[19Apr2026 02:22:02.059] [main/INFO] [epicfight/]: Data keys [wom:rate, wom:power] for wom:critical_knowledge
[19Apr2026 02:22:02.060] [main/INFO] [epicfight/]: Data keys [wom:cooldown, wom:max_shield, wom:recovery_rate] for wom:heart_shield
[19Apr2026 02:22:02.060] [main/INFO] [epicfight/]: Data keys [wom:step, wom:melody_index, wom:saved_elapsed_time] for wom:dancing_blade
[19Apr2026 02:22:02.060] [main/INFO] [epicfight/]: Data keys [wom:timer_refresh, wom:duree, wom:active, wom:stage, wom:timer, wom:cycle] for wom:meditation
[19Apr2026 02:22:02.060] [main/INFO] [epicfight/]: Data keys [wom:cooldown] for wom:dopamine
[19Apr2026 02:22:02.060] [main/INFO] [epicfight/]: Data keys [wom:last_active] for wom:manipulator
[19Apr2026 02:22:02.060] [main/INFO] [epicfight/]: Data keys [wom:rate, wom:stack, wom:timer, wom:power] for wom:lethal_focus
[19Apr2026 02:22:02.060] [main/INFO] [epicfight/]: Data keys [wom:wall_glide, wom:jump_key_up, wom:timer_refresh, wom:angle, wom:wall_running, wom:timer] for wom:spider_techniques
[19Apr2026 02:22:02.060] [main/INFO] [epicfight/]: Data keys [wom:jump_key_up, wom:cooldown, wom:diving, wom:mermaid_movement, wom:crawling, wom:water_dashing, wom:consumprion_value] for wom:aqua_maneuvre
[19Apr2026 02:22:02.060] [main/INFO] [epicfight/]: Data keys [wom:wall_glide, wom:verso, wom:buffing, wom:active, wom:wall_running, wom:stage, wom:timer, wom:consumprion_value] for wom:natural_sprinter
[19Apr2026 02:22:02.061] [main/INFO] [epicfight/]: Data keys [wom:timer] for wom:lunatic_vivacity
[19Apr2026 02:22:02.061] [main/INFO] [epicfight/]: Data keys [wom:registered_health, wom:timer, wom:consumprion_value] for wom:voodoo_magic
[19Apr2026 02:22:02.061] [main/INFO] [epicfight/]: Data keys [wom:target_distance, wom:target_id] for wom:back_and_forth
[19Apr2026 02:22:02.061] [main/INFO] [epicfight/]: Data keys [wom:cooldown, wom:combo] for wom:shooting_style
[19Apr2026 02:22:02.061] [main/INFO] [epicfight/]: Data keys [wom:active, wom:timer] for wom:proximity_exploiter
[19Apr2026 02:22:02.061] [main/INFO] [epicfight/]: Data keys [wom:stack, wom:timer] for wom:all_eyes_on_you
[19Apr2026 02:22:02.061] [main/INFO] [epicfight/]: Data keys [wom:stack, wom:timer] for wom:all_eyes_on_me
[19Apr2026 02:22:02.061] [main/INFO] [epicfight/]: Data keys [wom:cooldown, wom:timer] for wom:avatar_of_might
[19Apr2026 02:22:02.061] [main/INFO] [epicfight/]: Data keys [wom:stack, wom:active, wom:attacks] for wom:agony_plunge
[19Apr2026 02:22:02.062] [main/INFO] [epicfight/]: Data keys [wom:timer_refresh, wom:charged_attack, wom:saved_charge, wom:active, wom:charging_time, wom:charging, wom:movespeed, wom:charged, wom:timer] for wom:torment_passive
[19Apr2026 02:22:02.065] [main/INFO] [epicfight/]: Data keys [wom:timer_refresh, wom:active, wom:timer] for wom:true_berserk
[19Apr2026 02:22:02.065] [main/INFO] [epicfight/]: Data keys [wom:stack] for wom:herrscher_passive
[19Apr2026 02:22:02.065] [main/INFO] [epicfight/]: Data keys [wom:timer_refresh, wom:verso, wom:buffing, wom:buffed, wom:redemptioon, wom:timer, wom:expiation, wom:strenght] for wom:plunder_perdition
[19Apr2026 02:22:02.066] [main/INFO] [epicfight/]: Data keys [wom:sheath] for wom:satsujin_passive
[19Apr2026 02:22:02.066] [main/INFO] [epicfight/]: Data keys [wom:timer_refresh, wom:stack, wom:saved_charge, wom:active, wom:holding_stance, wom:frequency, wom:damage, wom:attacks, wom:timedslash, wom:charge, wom:cooldown, wom:second_draw, wom:charging, wom:timer] for wom:sakura_state
[19Apr2026 02:22:02.066] [main/INFO] [epicfight/]: Data keys [wom:cooldown, wom:combo, wom:using_item, wom:zoom, wom:reload_cooldown, wom:nofalldamage, wom:shoot] for wom:ender_blast
[19Apr2026 02:22:02.066] [main/INFO] [epicfight/]: Data keys [wom:cooldown, wom:combo, wom:side, wom:using_item, wom:zoom, wom:reload_cooldown, wom:nofalldamage, wom:shoot] for wom:ender_fusion
[19Apr2026 02:22:02.066] [main/INFO] [epicfight/]: Data keys [wom:guard_point_result, wom:cooldown, wom:combo, wom:gesetz_sprengkopf, wom:holding_stance, wom:charging_time, wom:parrying, wom:guard_point, wom:charged] for wom:regierung
[19Apr2026 02:22:02.066] [main/INFO] [epicfight/]: Data keys [wom:timer_refresh, wom:echo, wom:crescent, wom:lunar_eclipse_stack, wom:timer] for wom:lunar_eclipse
[19Apr2026 02:22:02.066] [main/INFO] [epicfight/]: Data keys [wom:idle, wom:verso] for wom:lunar_echo_passive
[19Apr2026 02:22:02.067] [main/INFO] [epicfight/]: Data keys [wom:timer_refresh, wom:blackhole_timer, wom:blackhole_vec, wom:active, wom:shoot_cooldown, wom:darkness_target_reaped, wom:serius_focus_cooldown, wom:zoom_cooldown, wom:darkness_target, wom:witheraftereffect, wom:darkness_portal_vec, wom:darkness_portal_angle, wom:zoom, wom:witherccatharsis, wom:darkness_portal_timer, wom:timer, wom:darkness_activate_portal, wom:ascending, wom:darkness_target_vec, wom:serius_focus, wom:shoot, wom:blackhole, wom:blackhole_active, wom:darkness_target_hited] for wom:demonic_ascension
[19Apr2026 02:22:02.067] [main/INFO] [epicfight/]: Data keys [wom:withercurse, wom:idle, wom:particle, wom:lapse, wom:blink, wom:catharsis, wom:basic_attack] for wom:demon_mark_passive
[19Apr2026 02:22:02.068] [main/INFO] [epicfight/]: Data keys [wom:timer_refresh, wom:solar_infernio, wom:particle, wom:solar_crematorio, wom:charge, wom:heating_speed, wom:solar_obscuridad_ta_timer, wom:charging, wom:heat_level, wom:stored_heat_level, wom:timed_attack, wom:timer, wom:solar_obscuridad, wom:cycle] for wom:solar_arcano
[19Apr2026 02:22:02.068] [main/INFO] [epicfight/]: Data keys [wom:timer_refresh, wom:solar_infernio, wom:particle, wom:solar_crematorio, wom:charge, wom:heating_speed, wom:solar_obscuridad_ta_timer, wom:charging, wom:heat_level, wom:stored_heat_level, wom:timed_attack, wom:timer, wom:solar_obscuridad, wom:cycle] for wom:solar_passive
[19Apr2026 02:22:02.068] [main/INFO] [epicfight/]: Data keys [wom:serius_focus_cooldown, wom:serius_focus] for wom:rechargement
[19Apr2026 02:22:02.068] [main/INFO] [epicfight/]: Data keys [wom:shell_number, wom:bullet_loaded_old, wom:active, wom:bullet_overloaded, wom:shell_anim, wom:bullet_loaded, wom:shell_delay, wom:super_reload] for wom:napoleon_passive
[19Apr2026 02:22:02.069] [main/INFO] [epicfight/]: Data keys [dodge_parry_reward:delay_timer] for dodge_parry_reward:health_boost1
[19Apr2026 02:22:02.069] [main/INFO] [epicfight/]: Data keys [dodge_parry_reward:delay_timer] for dodge_parry_reward:health_boost2
[19Apr2026 02:22:02.069] [main/INFO] [epicfight/]: Data keys [dodge_parry_reward:delay_timer] for dodge_parry_reward:health_boost3
[19Apr2026 02:22:02.069] [main/INFO] [epicfight/]: Data keys [dodge_parry_reward:delay_timer] for dodge_parry_reward:health_boost4
[19Apr2026 02:22:02.069] [main/INFO] [epicfight/]: Data keys [dodge_parry_reward:delay_timer] for dodge_parry_reward:absorb1
[19Apr2026 02:22:02.069] [main/INFO] [epicfight/]: Data keys [dodge_parry_reward:delay_timer] for dodge_parry_reward:absorb2
[19Apr2026 02:22:02.069] [main/INFO] [epicfight/]: Data keys [dodge_parry_reward:delay_timer] for dodge_parry_reward:absorb3
[19Apr2026 02:22:02.069] [main/INFO] [epicfight/]: Data keys [dodge_parry_reward:delay_timer] for dodge_parry_reward:absorb4
[19Apr2026 02:22:02.070] [main/INFO] [epicfight/]: Data keys [dodge_parry_reward:delay_timer] for dodge_parry_reward:heal1
[19Apr2026 02:22:02.070] [main/INFO] [epicfight/]: Data keys [dodge_parry_reward:delay_timer] for dodge_parry_reward:heal2
[19Apr2026 02:22:02.070] [main/INFO] [epicfight/]: Data keys [dodge_parry_reward:delay_timer] for dodge_parry_reward:heal3
[19Apr2026 02:22:02.070] [main/INFO] [epicfight/]: Data keys [dodge_parry_reward:delay_timer] for dodge_parry_reward:heal4
[19Apr2026 02:22:02.070] [main/INFO] [epicfight/]: Data keys [dodge_parry_reward:delay_timer] for dodge_parry_reward:resist1
[19Apr2026 02:22:02.070] [main/INFO] [epicfight/]: Data keys [dodge_parry_reward:delay_timer] for dodge_parry_reward:resist2
[19Apr2026 02:22:02.070] [main/INFO] [epicfight/]: Data keys [dodge_parry_reward:delay_timer] for dodge_parry_reward:resist3
[19Apr2026 02:22:02.070] [main/INFO] [epicfight/]: Data keys [dodge_parry_reward:delay_timer] for dodge_parry_reward:resist4
[19Apr2026 02:22:02.070] [main/INFO] [epicfight/]: Data keys [dodge_parry_reward:delay_timer] for dodge_parry_reward:stun_imm1
[19Apr2026 02:22:02.070] [main/INFO] [epicfight/]: Data keys [dodge_parry_reward:delay_timer] for dodge_parry_reward:stun_imm2
[19Apr2026 02:22:02.071] [main/INFO] [epicfight/]: Data keys [dodge_parry_reward:delay_timer] for dodge_parry_reward:stun_imm3
[19Apr2026 02:22:02.071] [main/INFO] [epicfight/]: Data keys [dodge_parry_reward:delay_timer] for dodge_parry_reward:stun_imm4
[19Apr2026 02:22:02.071] [main/INFO] [epicfight/]: Data keys [dodge_parry_reward:delay_timer] for dodge_parry_reward:damage_boost1
[19Apr2026 02:22:02.071] [main/INFO] [epicfight/]: Data keys [dodge_parry_reward:delay_timer] for dodge_parry_reward:damage_boost2
[19Apr2026 02:22:02.071] [main/INFO] [epicfight/]: Data keys [dodge_parry_reward:delay_timer] for dodge_parry_reward:damage_boost3
[19Apr2026 02:22:02.071] [main/INFO] [epicfight/]: Data keys [dodge_parry_reward:delay_timer] for dodge_parry_reward:damage_boost4
[19Apr2026 02:22:02.071] [main/INFO] [epicfight/]: Data keys [dodge_parry_reward:delay_timer] for dodge_parry_reward:speed1
[19Apr2026 02:22:02.071] [main/INFO] [epicfight/]: Data keys [dodge_parry_reward:delay_timer] for dodge_parry_reward:speed2
[19Apr2026 02:22:02.071] [main/INFO] [epicfight/]: Data keys [dodge_parry_reward:delay_timer] for dodge_parry_reward:speed3
[19Apr2026 02:22:02.072] [main/INFO] [epicfight/]: Data keys [dodge_parry_reward:delay_timer] for dodge_parry_reward:speed4
[19Apr2026 02:22:02.072] [main/INFO] [epicfight/]: Data keys [dodge_parry_reward:delay_timer] for dodge_parry_reward:stamina1
[19Apr2026 02:22:02.072] [main/INFO] [epicfight/]: Data keys [dodge_parry_reward:delay_timer] for dodge_parry_reward:stamina2
[19Apr2026 02:22:02.072] [main/INFO] [epicfight/]: Data keys [dodge_parry_reward:delay_timer] for dodge_parry_reward:stamina3
[19Apr2026 02:22:02.072] [main/INFO] [epicfight/]: Data keys [dodge_parry_reward:delay_timer] for dodge_parry_reward:stamina4
[19Apr2026 02:22:02.072] [main/INFO] [epicfight/]: Data keys [epicfightx:dodge_attacking] for epicfightx:roll
[19Apr2026 02:22:02.072] [main/INFO] [epicfight/]: Data keys [epicfightx:dodge_attacking] for epicfightx:step
[19Apr2026 02:22:02.072] [main/INFO] [epicfight/]: Data keys [epicfightx:is_special_animation, epicfightx:counter_available, epicfightx:dodge_start_time] for epicfightx:combat_mastery_i
[19Apr2026 02:22:02.072] [main/INFO] [epicfight/]: Data keys [epicfightx:sprint_available, epicfightx:sprint_active, epicfightx:dodge_start_time] for epicfightx:combat_mastery_ii
[19Apr2026 02:22:02.073] [main/INFO] [epicfight/]: Data keys [epicfightx:cooldown] for epicfightx:pickaxe_skill
[19Apr2026 02:22:02.073] [main/INFO] [epicfight/]: Data keys [epicfightx:great_tachi_marked_entities] for epicfightx:otachi_skill
[19Apr2026 02:22:02.073] [main/INFO] [epicfight/]: Data keys [epicfightx:sheath_form, epicfightx:attack_count_snapshot, epicfightx:attack_count] for epicfightx:katana_skill
[19Apr2026 02:22:02.073] [main/INFO] [epicfight/]: Data keys [epicfightx:sheath, epicfightx:sheath_killed] for epicfightx:battojutsu_passive
[19Apr2026 02:22:02.073] [main/INFO] [epicfight/]: Data keys [epicfightx:sheath] for epicfightx:battojutsu
[19Apr2026 02:22:02.073] [main/INFO] [epicfight/]: Data keys [invincible:dodge_success_timer, invincible:cooldown, invincible:left, invincible:parry_timer, invincible:right, invincible:up, invincible:down] for invincible:combo_demo
[19Apr2026 02:22:02.073] [main/INFO] [epicfight/]: Data keys [sword_soaring:cooldown_timer, sword_soaring:sword_entity_id] for sword_soaring:kill_aura_1
[19Apr2026 02:22:02.073] [main/INFO] [epicfight/]: Data keys [sword_soaring:cooldown_timer, sword_soaring:sword_entity_id] for sword_soaring:kill_aura_2
[19Apr2026 02:22:02.073] [main/INFO] [epicfight/]: Data keys [sword_soaring:cooldown_timer, sword_soaring:sword_entity_id, sword_soaring:protect_count] for sword_soaring:screen_sword
[19Apr2026 02:22:02.075] [main/INFO] [epicfight/]: Data keys [sword_soaring:play_big_dipper, sword_soaring:cooldown_timer, sword_soaring:delay_timer] for sword_soaring:rain_sword
[19Apr2026 02:22:02.076] [main/INFO] [epicfight/]: Data keys [sword_soaring:cooldown_timer, sword_soaring:camera_timer] for sword_soaring:babylon
[19Apr2026 02:22:02.076] [main/INFO] [epicfight/]: Data keys [sword_soaring:cooldown_timer, sword_soaring:is_charging, sword_soaring:is_pressing] for sword_soaring:wan_jian_gui_zong
[19Apr2026 02:22:02.076] [main/INFO] [epicfight/]: Data keys [sword_soaring:cooldown_timer, sword_soaring:flying, sword_soaring:accelerating] for sword_soaring:sword_soaring_apprentice
[19Apr2026 02:22:02.076] [main/INFO] [epicfight/]: Data keys [sword_soaring:cooldown_timer, sword_soaring:flying, sword_soaring:accelerating] for sword_soaring:sword_soaring_expert
[19Apr2026 02:22:02.076] [main/INFO] [epicfight/]: Data keys [sword_soaring:cooldown_timer, sword_soaring:flying, sword_soaring:accelerating] for sword_soaring:sword_soaring_master
[19Apr2026 02:22:02.076] [main/INFO] [epicfight/]: Data keys [sword_soaring:cooldown_timer, sword_soaring:flying, sword_soaring:accelerating] for sword_soaring:sword_soaring_elytra_apprentice
[19Apr2026 02:22:02.076] [main/INFO] [epicfight/]: Data keys [sword_soaring:cooldown_timer, sword_soaring:flying, sword_soaring:accelerating] for sword_soaring:sword_soaring_elytra_expert
[19Apr2026 02:22:02.076] [main/INFO] [epicfight/]: Data keys [sword_soaring:cooldown_timer, sword_soaring:flying, sword_soaring:accelerating] for sword_soaring:sword_soaring_elytra_master
[19Apr2026 02:22:02.076] [main/INFO] [epicfight/]: Data keys [invincible:dodge_success_timer, invincible:cooldown, invincible:left, invincible:parry_timer, invincible:right, invincible:up, invincible:down] for sword_soaring:vatansever_innate
[19Apr2026 02:22:02.076] [main/INFO] [epicfight/]: Data keys [sword_soaring:sword_count, sword_soaring:artifact_spirit_entity_id] for sword_soaring:vatansever_passive
[19Apr2026 02:22:02.077] [main/INFO] [epicfight/]: Data keys [efn:scythe_blood_power, efn:scythe_sheath] for efn:scythe_skill
[19Apr2026 02:22:02.077] [main/INFO] [epicfight/]: Data keys [efn:thornwheel_loop, efn:thornwheel_loop_available, efn:press_innate] for efn:thornwheel
[19Apr2026 02:22:02.077] [main/INFO] [epicfight/]: Data keys [efn:jump_key_pressed_last_tick, efn:jump_count, efn:murasama_forward_dodge] for efn:murasama_dodge
[19Apr2026 02:22:02.077] [main/INFO] [epicfight/]: Data keys [efn:max_puncture_chance, efn:base_puncture_chance, efn:puncture_increment, efn:current_puncture_chance] for efn:parry_master
[19Apr2026 02:22:02.077] [main/INFO] [epicfight/]: Data keys [efn:buff_end_tick, efn:defense_start_tick, efn:buff_active] for efn:precise_parry
[19Apr2026 02:22:02.077] [main/INFO] [epicfight/]: Data keys [efn:cooldown, efn:cooldown_1] for efn:judgementcutend
[19Apr2026 02:22:02.077] [main/INFO] [epicfight/]: Data keys [efn:cooldown, efn:cooldown_1] for efn:stomp
[19Apr2026 02:22:02.077] [main/INFO] [epicfight/]: Data keys [efn:arts_key_pressed, efn:murasama_zansetsu_input_mode, efn:murasama_key_right_down, efn:murasama_zansetsu_sector, efn:murasama_zandatsu_start_time, efn:murasama_zansetsu_active, efn:murasama_key_left_down, efn:murasama_zansetsu_start_time, efn:murasama_zandatsu_available, efn:murasama_zansetsu_attack_counter, efn:murasama_opposite_triggered, efn:murasama_zandatsu_end_time, efn:arts_key, efn:murasama_zansetsu_slash_release, efn:murasama_zansetsu_timer, efn:murasama_zansetsu_end_time, efn:murasama_pair_flag, efn:murasama_left_mouse_pressed, efn:murasama_last_triggered_sector, efn:murasama_input_mode_switch_pressed] for efn:zansetsu
[19Apr2026 02:22:02.077] [main/INFO] [epicfight/]: Data keys [efn:cooldown, efn:cooldown_1] for efn:execution
[19Apr2026 02:22:02.077] [main/INFO] [epicfight/]: Data keys [efn:efn_last_guard_start_tick, efn:efn_last_successful_defense_tick, efn:efn_last_active, epicfight:penalty, efn:efn_shake_detected, efn:efn_last_parry_time, efn:efn_delay_protection_end, efn:efn_starting_parry, efn:efn_shake_penalty_count, efn:efn_parry_motion_counter, efn:efn_first_shake, epicfight:penalty_restore_counter] for efn:efn_parry
[19Apr2026 02:22:02.078] [main/INFO] [epicfight/]: Data keys [efn:efn_last_guard_start_tick, efn:efn_last_successful_defense_tick, efn:efn_last_active, epicfight:penalty, efn:efn_shake_detected, efn:efn_last_parry_time, efn:efn_delay_protection_end, efn:efn_starting_parry, efn:efn_shake_penalty_count, efn:efn_parry_motion_counter, efn:efn_first_shake, epicfight:penalty_restore_counter] for efn:murasama_parry
[19Apr2026 02:22:02.078] [main/INFO] [epicfight/]: Data keys [efn:arts_key_pressed, efn:cooldown, efn:sekiro_art_index, efn:arts_key, efn:arts_input_buffer, efn:cooldown_1] for efn:mortal_blade
[19Apr2026 02:22:02.078] [main/INFO] [epicfight/]: Data keys [efn:key1_press_timer, efn:doppelganger_tick, efn:jump_key, efn:pressing_key3, efn:charge_message, efn:press_doppelganger, efn:press_summon_sword, efn:press_key4, efn:pressing_key1, efn:is_charging, efn:press_key3, efn:doppelganger_style, efn:sprint_key, efn:sneak_key, efn:press_key1, efn:cooldown_1, efn:arts_key_pressed, efn:was_long_pressed, invincible:dodge_success_timer, efn:arts_key, invincible:parry_timer, invincible:up, efn:combo_counter, efn:doppelganger_delay, efn:press_key2, efn:angel_key, invincible:cooldown, efn:key4_press_timer, efn:pressing_innate, efn:pressing_key2, efn:force_release, efn:cooldown, efn:innate_press_timer, efn:up_key, efn:pressing_key4, efn:demon_key, efn:full_charge_message, efn:down_key, efn:charge_stage, efn:press_innate, invincible:down, efn:charge_ticks, invincible:left, invincible:right, efn:key2_press_timer, efn:guard_key, efn:have_doppelganger, efn:energy_check, efn:is_pressing, efn:charge_power, efn:key3_press_timer] for efn:yamato
[19Apr2026 02:22:02.078] [main/INFO] [epicfight/]: Data keys [efn:parry_cooldown, efn:have_doppelganger, efn:stun_cooldown, efn:doppelganger_tick, efn:doppelganger_delay, efn:doppelganger_style] for efn:yamato_passive
[19Apr2026 02:22:02.078] [main/INFO] [epicfight/]: Data keys [efn:key1_press_timer, efn:jump_key, efn:pressing_key3, efn:charge_message, efn:press_summon_sword, efn:press_key4, efn:pressing_key1, efn:is_charging, efn:press_key3, efn:sprint_key, efn:sneak_key, efn:press_key1, efn:cooldown_1, efn:arts_key_pressed, efn:was_long_pressed, invincible:dodge_success_timer, efn:damage_history, efn:arts_key, invincible:parry_timer, invincible:up, efn:combo_counter, efn:press_key2, efn:angel_key, efn:replay_enhanced, invincible:cooldown, efn:key4_press_timer, efn:pressing_innate, efn:is_replay_damage, efn:pressing_key2, efn:force_release, efn:cooldown, efn:innate_press_timer, efn:up_key, efn:pressing_key4, efn:demon_key, efn:full_charge_message, efn:down_key, efn:charge_stage, efn:press_innate, invincible:down, efn:charge_ticks, invincible:left, invincible:right, efn:key2_press_timer, efn:guard_key, efn:energy_check, efn:is_pressing, efn:charge_power, efn:key3_press_timer] for efn:shortsword
[19Apr2026 02:22:02.078] [main/INFO] [epicfight/]: Data keys [efn:angel_key, efn:key1_press_timer, invincible:cooldown, efn:jump_key, efn:key4_press_timer, efn:pressing_innate, efn:pressing_key2, efn:pressing_key3, efn:charge_message, efn:force_release, efn:cooldown, efn:innate_press_timer, efn:press_summon_sword, efn:up_key, efn:press_key4, efn:pressing_key1, efn:pressing_key4, efn:is_charging, efn:demon_key, efn:full_charge_message, efn:down_key, efn:charge_stage, efn:press_key3, efn:sprint_key, efn:sneak_key, efn:press_key1, efn:press_innate, efn:cooldown_1, invincible:down, efn:arts_key_pressed, efn:charge_ticks, efn:was_long_pressed, invincible:dodge_success_timer, invincible:left, invincible:right, efn:key2_press_timer, efn:guard_key, efn:arts_key, invincible:parry_timer, invincible:up, efn:energy_check, efn:combo_counter, efn:press_key2, efn:is_pressing, efn:charge_power, efn:key3_press_timer] for efn:ruinsgreatsword
[19Apr2026 02:22:02.078] [main/INFO] [epicfight/]: Data keys [efn:angel_key, efn:key1_press_timer, invincible:cooldown, efn:jump_key, efn:key4_press_timer, efn:pressing_innate, efn:pressing_key2, efn:pressing_key3, efn:charge_message, efn:force_release, efn:cooldown, efn:innate_press_timer, efn:press_summon_sword, efn:up_key, efn:press_key4, efn:pressing_key1, efn:pressing_key4, efn:is_charging, efn:demon_key, efn:full_charge_message, efn:down_key, efn:charge_stage, efn:press_key3, efn:sprint_key, efn:sneak_key, efn:press_key1, efn:press_innate, efn:cooldown_1, invincible:down, efn:arts_key_pressed, efn:charge_ticks, efn:was_long_pressed, invincible:dodge_success_timer, invincible:left, invincible:right, efn:key2_press_timer, efn:guard_key, efn:arts_key, invincible:parry_timer, invincible:up, efn:energy_check, efn:combo_counter, efn:press_key2, efn:is_pressing, efn:charge_power, efn:key3_press_timer] for efn:pioneer
[19Apr2026 02:22:02.079] [main/INFO] [epicfight/]: Data keys [efn:murasama_sheath, efn:key1_press_timer, efn:murasama_sheath_timer, efn:murasama_air_borne, efn:murasama_key_left_down, efn:jump_key, efn:murasama_zansetsu_start_time, efn:murasama_zandatsu_available, efn:pressing_key3, efn:charge_message, efn:murasama_zansetsu_slash_release, efn:murasama_zansetsu_timer, efn:press_summon_sword, efn:press_key4, efn:pressing_key1, efn:is_charging, efn:murasama_left_mouse_pressed, efn:press_key3, efn:murasama_last_triggered_sector, efn:sprint_key, efn:sneak_key, efn:press_key1, efn:cooldown_1, efn:murasama_zansetsu_input_mode, efn:arts_key_pressed, efn:was_long_pressed, invincible:dodge_success_timer, efn:murasama_zansetsu_active, efn:murasama_opposite_triggered, efn:sprint_sheath_timer, efn:arts_key, invincible:parry_timer, invincible:up, efn:murasama_forward_dodge, efn:combo_counter, efn:manual_unsheath, efn:press_key2, efn:murasama_input_mode_switch_pressed, efn:angel_key, invincible:cooldown, efn:murasama_zansetsu_sector, efn:murasama_zandatsu_start_time, efn:key4_press_timer, efn:pressing_innate, efn:pressing_key2, efn:force_release, efn:murasama_zandatsu_end_time, efn:cooldown, efn:innate_press_timer, efn:up_key, efn:pressing_key4, efn:demon_key, efn:full_charge_message, efn:down_key, efn:charge_stage, efn:press_innate, invincible:down, efn:charge_ticks, invincible:left, efn:murasama_key_right_down, invincible:right, efn:key2_press_timer, efn:guard_key, efn:murasama_zansetsu_attack_counter, efn:murasama_zansetsu_end_time, efn:energy_check, efn:murasama_pair_flag, efn:is_pressing, efn:charge_power, efn:key3_press_timer] for efn:murasama
[19Apr2026 02:22:02.079] [main/INFO] [epicfight/]: Data keys [efn:murasama_sheath, efn:up_key_pressed_last_tick, efn:jump_key_pressed_last_tick, efn:murasama_zansetsu_sector, efn:forward_backward_end_tick, efn:murasama_sheath_timer, efn:murasama_zandatsu_start_time, efn:murasama_key_left_down, efn:forward_backward_success, efn:murasama_zansetsu_start_time, efn:murasama_zandatsu_available, efn:murasama_zandatsu_end_time, efn:jump_count, efn:murasama_zansetsu_slash_release, efn:murasama_zansetsu_timer, efn:murasama_left_mouse_pressed, efn:murasama_last_triggered_sector, efn:murasama_zansetsu_input_mode, efn:is_double_tap_sprint, efn:murasama_key_right_down, efn:forward_backward_remaining_ticks, efn:murasama_zansetsu_active, efn:forward_backward_timer, efn:murasama_zansetsu_attack_counter, efn:was_double_tap_sprint, efn:murasama_opposite_triggered, efn:forward_pressed_last_tick, efn:sprint_sheath_timer, efn:double_tap_timer, efn:backward_pressed_last_tick, efn:murasama_zansetsu_end_time, efn:murasama_forward_dodge, efn:murasama_pair_flag, efn:manual_unsheath, efn:forward_backward_window_active, efn:murasama_input_mode_switch_pressed] for efn:murasama_passive
[19Apr2026 02:22:02.080] [main/INFO] [epicfight/]: Data keys [efn:angel_key, efn:key1_press_timer, invincible:cooldown, efn:jump_key, efn:key4_press_timer, efn:pressing_innate, efn:pressing_key2, efn:pressing_key3, efn:charge_message, efn:force_release, efn:cooldown, efn:innate_press_timer, efn:press_summon_sword, efn:up_key, efn:press_key4, efn:pressing_key1, efn:pressing_key4, efn:is_charging, efn:demon_key, efn:full_charge_message, efn:down_key, efn:charge_stage, efn:press_key3, efn:sprint_key, efn:sneak_key, efn:press_key1, efn:press_innate, efn:cooldown_1, invincible:down, efn:arts_key_pressed, efn:charge_ticks, efn:was_long_pressed, invincible:dodge_success_timer, invincible:left, invincible:right, efn:key2_press_timer, efn:guard_key, efn:arts_key, invincible:parry_timer, invincible:up, efn:energy_check, efn:combo_counter, efn:press_key2, efn:is_pressing, efn:charge_power, efn:key3_press_timer] for efn:meenlance
[19Apr2026 02:22:02.081] [main/INFO] [epicfight/]: Data keys [efn:angel_key, efn:key1_press_timer, invincible:cooldown, efn:jump_key, efn:key4_press_timer, efn:pressing_innate, efn:pressing_key2, efn:pressing_key3, efn:charge_message, efn:force_release, efn:cooldown, efn:innate_press_timer, efn:press_summon_sword, efn:up_key, efn:press_key4, efn:pressing_key1, efn:pressing_key4, efn:is_charging, efn:demon_key, efn:full_charge_message, efn:down_key, efn:charge_stage, efn:press_key3, efn:sprint_key, efn:sneak_key, efn:press_key1, efn:press_innate, efn:cooldown_1, invincible:down, efn:arts_key_pressed, efn:charge_ticks, efn:was_long_pressed, invincible:dodge_success_timer, invincible:left, invincible:right, efn:key2_press_timer, efn:guard_key, efn:arts_key, invincible:parry_timer, invincible:up, efn:energy_check, efn:combo_counter, efn:press_key2, efn:is_pressing, efn:charge_power, efn:key3_press_timer] for efn:kusabimaru
[19Apr2026 02:22:02.081] [main/INFO] [epicfight/]: Data keys [efn:murasama_sheath, efn:key1_press_timer, efn:murasama_sheath_timer, efn:murasama_air_borne, efn:murasama_key_left_down, efn:jump_key, efn:murasama_zansetsu_start_time, efn:murasama_zandatsu_available, efn:pressing_key3, efn:charge_message, efn:murasama_zansetsu_slash_release, efn:murasama_zansetsu_timer, efn:press_summon_sword, efn:press_key4, efn:pressing_key1, efn:is_charging, efn:murasama_left_mouse_pressed, efn:press_key3, efn:murasama_last_triggered_sector, efn:sprint_key, efn:sneak_key, efn:press_key1, efn:cooldown_1, efn:murasama_zansetsu_input_mode, efn:arts_key_pressed, efn:was_long_pressed, invincible:dodge_success_timer, efn:murasama_zansetsu_active, efn:murasama_opposite_triggered, efn:sprint_sheath_timer, efn:arts_key, invincible:parry_timer, invincible:up, efn:murasama_forward_dodge, efn:combo_counter, efn:manual_unsheath, efn:press_key2, efn:murasama_input_mode_switch_pressed, efn:angel_key, invincible:cooldown, efn:murasama_zansetsu_sector, efn:murasama_zandatsu_start_time, efn:key4_press_timer, efn:pressing_innate, efn:pressing_key2, efn:force_release, efn:murasama_zandatsu_end_time, efn:cooldown, efn:innate_press_timer, efn:up_key, efn:pressing_key4, efn:demon_key, efn:full_charge_message, efn:down_key, efn:charge_stage, efn:press_innate, invincible:down, efn:charge_ticks, invincible:left, efn:murasama_key_right_down, invincible:right, efn:key2_press_timer, efn:guard_key, efn:murasama_zansetsu_attack_counter, efn:murasama_zansetsu_end_time, efn:energy_check, efn:murasama_pair_flag, efn:is_pressing, efn:charge_power, efn:key3_press_timer] for efn:hf_blade
[19Apr2026 02:22:02.082] [main/INFO] [epicfight/]: Data keys [efn:murasama_sheath, efn:up_key_pressed_last_tick, efn:jump_key_pressed_last_tick, efn:murasama_zansetsu_sector, efn:forward_backward_end_tick, efn:murasama_sheath_timer, efn:murasama_zandatsu_start_time, efn:murasama_key_left_down, efn:forward_backward_success, efn:murasama_zansetsu_start_time, efn:murasama_zandatsu_available, efn:murasama_zandatsu_end_time, efn:jump_count, efn:murasama_zansetsu_slash_release, efn:murasama_zansetsu_timer, efn:murasama_left_mouse_pressed, efn:murasama_last_triggered_sector, efn:murasama_zansetsu_input_mode, efn:is_double_tap_sprint, efn:murasama_key_right_down, efn:forward_backward_remaining_ticks, efn:murasama_zansetsu_active, efn:forward_backward_timer, efn:murasama_zansetsu_attack_counter, efn:was_double_tap_sprint, efn:murasama_opposite_triggered, efn:forward_pressed_last_tick, efn:sprint_sheath_timer, efn:double_tap_timer, efn:backward_pressed_last_tick, efn:murasama_zansetsu_end_time, efn:murasama_forward_dodge, efn:murasama_pair_flag, efn:manual_unsheath, efn:forward_backward_window_active, efn:murasama_input_mode_switch_pressed] for efn:hf_blade_passive
[19Apr2026 02:22:02.082] [main/INFO] [epicfight/]: Data keys [efn:angel_key, efn:key1_press_timer, invincible:cooldown, efn:jump_key, efn:key4_press_timer, efn:pressing_innate, efn:pressing_key2, efn:pressing_key3, efn:charge_message, efn:force_release, efn:cooldown, efn:innate_press_timer, efn:press_summon_sword, efn:up_key, efn:press_key4, efn:pressing_key1, efn:pressing_key4, efn:is_charging, efn:demon_key, efn:full_charge_message, efn:down_key, efn:charge_stage, efn:press_key3, efn:sprint_key, efn:sneak_key, efn:press_key1, efn:press_innate, efn:cooldown_1, invincible:down, efn:arts_key_pressed, efn:charge_ticks, efn:was_long_pressed, invincible:dodge_success_timer, invincible:left, invincible:right, efn:key2_press_timer, efn:guard_key, efn:arts_key, invincible:parry_timer, invincible:up, efn:energy_check, efn:combo_counter, efn:press_key2, efn:is_pressing, efn:charge_power, efn:key3_press_timer] for efn:exsiliumgladius
[19Apr2026 02:22:02.082] [main/INFO] [epicfight/]: Data keys [invincible:dodge_success_timer, invincible:cooldown, invincible:left, invincible:parry_timer, invincible:right, invincible:up, invincible:down] for efn:examplecombo
[19Apr2026 02:22:02.082] [main/INFO] [epicfight/]: Data keys [efn:angel_key, efn:key1_press_timer, invincible:cooldown, efn:jump_key, efn:key4_press_timer, efn:pressing_innate, efn:pressing_key2, efn:pressing_key3, efn:charge_message, efn:force_release, efn:cooldown, efn:innate_press_timer, efn:press_summon_sword, efn:up_key, efn:press_key4, efn:pressing_key1, efn:pressing_key4, efn:is_charging, efn:demon_key, efn:full_charge_message, efn:down_key, efn:charge_stage, efn:press_key3, efn:sprint_key, efn:sneak_key, efn:press_key1, efn:press_innate, efn:cooldown_1, invincible:down, efn:arts_key_pressed, efn:charge_ticks, efn:was_long_pressed, invincible:dodge_success_timer, invincible:left, invincible:right, efn:key2_press_timer, efn:guard_key, efn:arts_key, invincible:parry_timer, invincible:up, efn:energy_check, efn:combo_counter, efn:press_key2, efn:is_pressing, efn:charge_power, efn:key3_press_timer] for efn:crescentmoon
[19Apr2026 02:22:02.082] [main/INFO] [epicfight/]: Data keys [efn:angel_key, efn:key1_press_timer, invincible:cooldown, efn:jump_key, efn:key4_press_timer, efn:pressing_innate, efn:pressing_key2, efn:pressing_key3, efn:charge_message, efn:force_release, efn:cooldown, efn:innate_press_timer, efn:press_summon_sword, efn:up_key, efn:press_key4, efn:pressing_key1, efn:pressing_key4, efn:is_charging, efn:demon_key, efn:full_charge_message, efn:down_key, efn:charge_stage, efn:press_key3, efn:sprint_key, efn:sneak_key, efn:press_key1, efn:press_innate, efn:cooldown_1, invincible:down, efn:arts_key_pressed, efn:charge_ticks, efn:was_long_pressed, invincible:dodge_success_timer, invincible:left, invincible:right, efn:key2_press_timer, efn:guard_key, efn:arts_key, invincible:parry_timer, invincible:up, efn:energy_check, efn:combo_counter, efn:press_key2, efn:is_pressing, efn:charge_power, efn:key3_press_timer] for efn:broadblade
[19Apr2026 02:22:02.082] [main/INFO] [epicfight/]: Data keys [efn:angel_key, efn:key1_press_timer, invincible:cooldown, efn:jump_key, efn:key4_press_timer, efn:pressing_innate, efn:pressing_key2, efn:pressing_key3, efn:charge_message, efn:force_release, efn:cooldown, efn:innate_press_timer, efn:press_summon_sword, efn:up_key, efn:press_key4, efn:pressing_key1, efn:pressing_key4, efn:is_charging, efn:demon_key, efn:full_charge_message, efn:down_key, efn:charge_stage, efn:press_key3, efn:sprint_key, efn:sneak_key, efn:press_key1, efn:press_innate, efn:cooldown_1, invincible:down, efn:arts_key_pressed, efn:charge_ticks, efn:was_long_pressed, invincible:dodge_success_timer, invincible:left, invincible:right, efn:key2_press_timer, efn:guard_key, efn:arts_key, invincible:parry_timer, invincible:up, efn:energy_check, efn:combo_counter, efn:press_key2, efn:is_pressing, efn:charge_power, efn:key3_press_timer] for efn:bloodlust
[19Apr2026 02:22:02.082] [main/INFO] [epicfight/]: Data keys [efn:angel_key, efn:key1_press_timer, invincible:cooldown, efn:jump_key, efn:key4_press_timer, efn:pressing_innate, efn:pressing_key2, efn:pressing_key3, efn:charge_message, efn:force_release, efn:cooldown, efn:innate_press_timer, efn:press_summon_sword, efn:up_key, efn:press_key4, efn:pressing_key1, efn:pressing_key4, efn:is_charging, efn:demon_key, efn:full_charge_message, efn:down_key, efn:charge_stage, efn:press_key3, efn:sprint_key, efn:sneak_key, efn:press_key1, efn:press_innate, efn:cooldown_1, invincible:down, efn:arts_key_pressed, efn:charge_ticks, efn:was_long_pressed, invincible:dodge_success_timer, invincible:left, invincible:right, efn:key2_press_timer, efn:guard_key, efn:arts_key, invincible:parry_timer, invincible:up, efn:energy_check, efn:combo_counter, efn:press_key2, efn:is_pressing, efn:charge_power, efn:key3_press_timer] for efn:beastclaw
[19Apr2026 02:22:02.082] [main/INFO] [epicfight/]: Data keys [efn:angel_key, efn:key1_press_timer, invincible:cooldown, efn:jump_key, efn:key4_press_timer, efn:pressing_innate, efn:pressing_key2, efn:pressing_key3, efn:charge_message, efn:force_release, efn:cooldown, efn:innate_press_timer, efn:press_summon_sword, efn:up_key, efn:press_key4, efn:pressing_key1, efn:pressing_key4, efn:is_charging, efn:demon_key, efn:full_charge_message, efn:down_key, efn:charge_stage, efn:press_key3, efn:sprint_key, efn:sneak_key, efn:press_key1, efn:press_innate, efn:cooldown_1, invincible:down, efn:arts_key_pressed, efn:charge_ticks, efn:was_long_pressed, invincible:dodge_success_timer, invincible:left, invincible:right, efn:key2_press_timer, efn:guard_key, efn:arts_key, invincible:parry_timer, invincible:up, efn:energy_check, efn:combo_counter, efn:press_key2, efn:is_pressing, efn:charge_power, efn:key3_press_timer] for efn:aetherialdusk
[19Apr2026 02:22:02.082] [main/INFO] [epicfight/]: Data keys [dodge_parry_reward:delay_timer] for tcrcore:regen_mana
[19Apr2026 02:22:02.175] [main/WARN] [net.minecraft.server.packs.VanillaPackResourcesBuilder/]: Assets URL 'union:/workspaces/SERVER-TEMPLATE/servidor_minecraft/libraries/net/minecraft/server/1.20.1-20230612.114412/server-1.20.1-20230612.114412-srg.jar%23420!/assets/.mcassetsroot' uses unexpected schema
[19Apr2026 02:22:02.175] [main/WARN] [net.minecraft.server.packs.VanillaPackResourcesBuilder/]: Assets URL 'union:/workspaces/SERVER-TEMPLATE/servidor_minecraft/libraries/net/minecraft/server/1.20.1-20230612.114412/server-1.20.1-20230612.114412-srg.jar%23420!/data/.mcassetsroot' uses unexpected schema
[19Apr2026 02:22:02.234] [main/INFO] [settingdust.lazyyyyy.LazyyyyyMixinCanceller/]: Disabled ModernFix perf.resourcepacks
[19Apr2026 02:22:02.235] [main/WARN] [mixinsquared-canceller/]: Cancelled mixin org.embeddedt.modernfix.common.mixin.perf.resourcepacks.ForgePathPackResourcesMixin. Check debug logs for more information.
[19Apr2026 02:22:02.370] [main/INFO] [Moonlight/]: Starting runtime resource generation for pack type SERVER_DATA with generators from mods [supplementaries]: [net.mehvahdjukaar.supplementaries.dynamicpack.ServerDynamicResourcesGenerator@50ef1c8f]
[19Apr2026 02:22:02.371] [main/INFO] [Moonlight/]: Generating runtime assets for pack Supplementaries Generated Pack (supplementaries)
[19Apr2026 02:22:02.421] [main/INFO] [Supplementaries/]: Generated runtime SERVER_DATA for pack Supplementaries Generated Pack (supplementaries) in: 50 ms (multithreaded)
[19Apr2026 02:22:02.422] [main/INFO] [Moonlight/]: Finished runtime resources generation for 1 packs in a total of 51 ms
[19Apr2026 02:22:04.290] [main/INFO] [bountiful/]: Adding serverside commands..
[19Apr2026 02:22:04.397] [main/INFO] [com.github.alexthe666.alexsmobs.AlexsMobs/]: Adding datapack listener capsid_recipes
[19Apr2026 02:22:04.614] [Worker-Main-2/ERROR] [net.minecraft.tags.TagLoader/]: Couldn't load tag minecraft:deep_dark as it is missing following references: #apotheosis:sculk (from tcr_data), 
	#apotheosis:deep_dark (from tcr_data)
[19Apr2026 02:22:04.743] [Worker-Main-3/ERROR] [net.minecraft.tags.TagLoader/]: Couldn't load tag tcrcore:respawnable as it is missing following references: nightfall_invade:gate_of_disaster (from tcrcore-2.5.1.jar)
[19Apr2026 02:22:04.797] [Worker-Main-1/ERROR] [net.minecraft.tags.TagLoader/]: Not a valid resource location: regions_unexplored:regions_unexplored:rocky_meadow Non [a-z0-9/._-] character in path of location: regions_unexplored:regions_unexplored:rocky_meadow; Not a valid resource location: regions_unexplored:regions_unexplored:shrubland Non [a-z0-9/._-] character in path of location: regions_unexplored:regions_unexplored:shrubland
[19Apr2026 02:22:04.798] [Worker-Main-1/ERROR] [net.minecraft.tags.TagLoader/]: Couldn't read tag list minecraft:village_plains from minecraft:tags/worldgen/biome/village_plains.json in data pack tcr_data
java.lang.RuntimeException: Not a valid resource location: regions_unexplored:regions_unexplored:rocky_meadow Non [a-z0-9/._-] character in path of location: regions_unexplored:regions_unexplored:rocky_meadow; Not a valid resource location: regions_unexplored:regions_unexplored:shrubland Non [a-z0-9/._-] character in path of location: regions_unexplored:regions_unexplored:shrubland
	at com.mojang.serialization.DataResult.lambda$getOrThrow$5(DataResult.java:101) ~[datafixerupper-6.0.8.jar%2377!/:?]
	at com.mojang.datafixers.util.Either$Right.map(Either.java:99) ~[datafixerupper-6.0.8.jar%2377!/:?]
	at com.mojang.serialization.DataResult.getOrThrow(DataResult.java:93) ~[datafixerupper-6.0.8.jar%2377!/:?]
	at net.minecraft.tags.TagLoader.m_144495_(TagLoader.java:53) ~[server-1.20.1-20230612.114412-srg.jar%23420!/:?]
	at net.minecraft.tags.TagLoader.m_203900_(TagLoader.java:114) ~[server-1.20.1-20230612.114412-srg.jar%23420!/:?]
	at net.minecraft.tags.TagManager.m_203920_(TagManager.java:55) ~[server-1.20.1-20230612.114412-srg.jar%23420!/:?]
	at java.util.concurrent.CompletableFuture$AsyncSupply.run(CompletableFuture.java:1768) ~[?:?]
	at java.util.concurrent.CompletableFuture$AsyncSupply.exec(CompletableFuture.java:1760) ~[?:?]
	at java.util.concurrent.ForkJoinTask.doExec(ForkJoinTask.java:373) ~[?:?]
	at java.util.concurrent.ForkJoinPool$WorkQueue.topLevelExec(ForkJoinPool.java:1182) ~[?:?]
	at java.util.concurrent.ForkJoinPool.scan(ForkJoinPool.java:1655) ~[?:?]
	at java.util.concurrent.ForkJoinPool.runWorker(ForkJoinPool.java:1622) ~[?:?]
	at java.util.concurrent.ForkJoinWorkerThread.run(ForkJoinWorkerThread.java:165) ~[?:?]
[19Apr2026 02:22:04.799] [Worker-Main-1/ERROR] [net.minecraft.tags.TagLoader/]: Couldn't read tag list minecraft:village_snowy from minecraft:tags/worldgen/biome/village_snowy.json in data pack tcr_data
com.google.gson.JsonSyntaxException: com.google.gson.stream.MalformedJsonException: Expected ':' at line 8 column 8 path $.values[3].o
	at com.google.gson.internal.Streams.parse(Streams.java:61) ~[gson-2.10.jar%2372!/:?]
	at com.google.gson.JsonParser.parseReader(JsonParser.java:102) ~[gson-2.10.jar%2372!/:?]
	at com.google.gson.JsonParser.parseReader(JsonParser.java:70) ~[gson-2.10.jar%2372!/:?]
	at net.minecraft.tags.TagLoader.m_144495_(TagLoader.java:49) ~[server-1.20.1-20230612.114412-srg.jar%23420!/:?]
	at net.minecraft.tags.TagLoader.m_203900_(TagLoader.java:114) ~[server-1.20.1-20230612.114412-srg.jar%23420!/:?]
	at net.minecraft.tags.TagManager.m_203920_(TagManager.java:55) ~[server-1.20.1-20230612.114412-srg.jar%23420!/:?]
	at java.util.concurrent.CompletableFuture$AsyncSupply.run(CompletableFuture.java:1768) ~[?:?]
	at java.util.concurrent.CompletableFuture$AsyncSupply.exec(CompletableFuture.java:1760) ~[?:?]
	at java.util.concurrent.ForkJoinTask.doExec(ForkJoinTask.java:373) ~[?:?]
	at java.util.concurrent.ForkJoinPool$WorkQueue.topLevelExec(ForkJoinPool.java:1182) ~[?:?]
	at java.util.concurrent.ForkJoinPool.scan(ForkJoinPool.java:1655) ~[?:?]
	at java.util.concurrent.ForkJoinPool.runWorker(ForkJoinPool.java:1622) ~[?:?]
	at java.util.concurrent.ForkJoinWorkerThread.run(ForkJoinWorkerThread.java:165) ~[?:?]
Caused by: com.google.gson.stream.MalformedJsonException: Expected ':' at line 8 column 8 path $.values[3].o
	at com.google.gson.stream.JsonReader.syntaxError(JsonReader.java:1657) ~[gson-2.10.jar%2372!/:?]
	at com.google.gson.stream.JsonReader.doPeek(JsonReader.java:539) ~[gson-2.10.jar%2372!/:?]
	at com.google.gson.stream.JsonReader.peek(JsonReader.java:433) ~[gson-2.10.jar%2372!/:?]
	at com.google.gson.internal.bind.TypeAdapters$28.read(TypeAdapters.java:786) ~[gson-2.10.jar%2372!/:?]
	at com.google.gson.internal.bind.TypeAdapters$28.read(TypeAdapters.java:725) ~[gson-2.10.jar%2372!/:?]
	at com.google.gson.internal.Streams.parse(Streams.java:49) ~[gson-2.10.jar%2372!/:?]
	... 12 more
[19Apr2026 02:22:04.823] [Worker-Main-1/ERROR] [net.minecraft.tags.TagLoader/]: Couldn't load tag integrated_villages:has_structure/airship_village_biomes as it is missing following references: #integrated_villages:collections/end_voids (from structure_set_control)
[19Apr2026 02:22:04.938] [Worker-Main-3/ERROR] [net.minecraft.server.packs.resources.SimpleJsonResourceReloadListener/]: Couldn't parse data file cataclysm_spellbooks:abyss_spell_book from cataclysm_spellbooks:recipes/abyss_spell_book.json
com.google.gson.JsonParseException: java.io.EOFException: End of input at line 1 column 1 path $
	at net.minecraft.util.GsonHelper.m_13780_(GsonHelper.java:526) ~[server-1.20.1-20230612.114412-srg.jar%23420!/:?]
	at net.minecraft.util.GsonHelper.m_263475_(GsonHelper.java:531) ~[server-1.20.1-20230612.114412-srg.jar%23420!/:?]
	at net.minecraft.util.GsonHelper.m_13776_(GsonHelper.java:581) ~[server-1.20.1-20230612.114412-srg.jar%23420!/:?]
	at net.minecraft.server.packs.resources.SimpleJsonResourceReloadListener.m_278771_(SimpleJsonResourceReloadListener.java:41) ~[server-1.20.1-20230612.114412-srg.jar%23420!/:?]
	at net.minecraft.server.packs.resources.SimpleJsonResourceReloadListener.m_5944_(SimpleJsonResourceReloadListener.java:29) ~[server-1.20.1-20230612.114412-srg.jar%23420!/:?]
	at net.minecraft.server.packs.resources.SimpleJsonResourceReloadListener.m_5944_(SimpleJsonResourceReloadListener.java:17) ~[server-1.20.1-20230612.114412-srg.jar%23420!/:?]
	at net.minecraft.server.packs.resources.SimplePreparableReloadListener.m_10786_(SimplePreparableReloadListener.java:11) ~[server-1.20.1-20230612.114412-srg.jar%23420!/:?]
	at java.util.concurrent.CompletableFuture$AsyncSupply.run(CompletableFuture.java:1768) ~[?:?]
	at java.util.concurrent.CompletableFuture$AsyncSupply.exec(CompletableFuture.java:1760) ~[?:?]
	at java.util.concurrent.ForkJoinTask.doExec(ForkJoinTask.java:373) ~[?:?]
	at java.util.concurrent.ForkJoinPool$WorkQueue.topLevelExec(ForkJoinPool.java:1182) ~[?:?]
	at java.util.concurrent.ForkJoinPool.scan(ForkJoinPool.java:1655) ~[?:?]
	at java.util.concurrent.ForkJoinPool.runWorker(ForkJoinPool.java:1622) ~[?:?]
	at java.util.concurrent.ForkJoinWorkerThread.run(ForkJoinWorkerThread.java:165) ~[?:?]
Caused by: java.io.EOFException: End of input at line 1 column 1 path $
	at com.google.gson.stream.JsonReader.nextNonWhitespace(JsonReader.java:1455) ~[gson-2.10.jar%2372!/:?]
	at com.google.gson.stream.JsonReader.doPeek(JsonReader.java:558) ~[gson-2.10.jar%2372!/:?]
	at com.google.gson.stream.JsonReader.peek(JsonReader.java:433) ~[gson-2.10.jar%2372!/:?]
	at com.google.gson.internal.bind.TypeAdapters$28.read(TypeAdapters.java:769) ~[gson-2.10.jar%2372!/:?]
	at com.google.gson.internal.bind.TypeAdapters$28.read(TypeAdapters.java:725) ~[gson-2.10.jar%2372!/:?]
	at com.google.gson.internal.bind.TypeAdapters$34$1.read(TypeAdapters.java:1007) ~[gson-2.10.jar%2372!/:?]
	at net.minecraft.util.GsonHelper.m_13780_(GsonHelper.java:524) ~[server-1.20.1-20230612.114412-srg.jar%23420!/:?]
	... 13 more
[19Apr2026 02:22:04.944] [Worker-Main-3/ERROR] [net.minecraft.server.packs.resources.SimpleJsonResourceReloadListener/]: Couldn't parse data file efn:air_tachi from efn:recipes/air_tachi.json
com.google.gson.JsonParseException: java.io.EOFException: End of input at line 1 column 1 path $
	at net.minecraft.util.GsonHelper.m_13780_(GsonHelper.java:526) ~[server-1.20.1-20230612.114412-srg.jar%23420!/:?]
	at net.minecraft.util.GsonHelper.m_263475_(GsonHelper.java:531) ~[server-1.20.1-20230612.114412-srg.jar%23420!/:?]
	at net.minecraft.util.GsonHelper.m_13776_(GsonHelper.java:581) ~[server-1.20.1-20230612.114412-srg.jar%23420!/:?]
	at net.minecraft.server.packs.resources.SimpleJsonResourceReloadListener.m_278771_(SimpleJsonResourceReloadListener.java:41) ~[server-1.20.1-20230612.114412-srg.jar%23420!/:?]
	at net.minecraft.server.packs.resources.SimpleJsonResourceReloadListener.m_5944_(SimpleJsonResourceReloadListener.java:29) ~[server-1.20.1-20230612.114412-srg.jar%23420!/:?]
	at net.minecraft.server.packs.resources.SimpleJsonResourceReloadListener.m_5944_(SimpleJsonResourceReloadListener.java:17) ~[server-1.20.1-20230612.114412-srg.jar%23420!/:?]
	at net.minecraft.server.packs.resources.SimplePreparableReloadListener.m_10786_(SimplePreparableReloadListener.java:11) ~[server-1.20.1-20230612.114412-srg.jar%23420!/:?]
	at java.util.concurrent.CompletableFuture$AsyncSupply.run(CompletableFuture.java:1768) ~[?:?]
	at java.util.concurrent.CompletableFuture$AsyncSupply.exec(CompletableFuture.java:1760) ~[?:?]
	at java.util.concurrent.ForkJoinTask.doExec(ForkJoinTask.java:373) ~[?:?]
	at java.util.concurrent.ForkJoinPool$WorkQueue.topLevelExec(ForkJoinPool.java:1182) ~[?:?]
	at java.util.concurrent.ForkJoinPool.scan(ForkJoinPool.java:1655) ~[?:?]
	at java.util.concurrent.ForkJoinPool.runWorker(ForkJoinPool.java:1622) ~[?:?]
	at java.util.concurrent.ForkJoinWorkerThread.run(ForkJoinWorkerThread.java:165) ~[?:?]
Caused by: java.io.EOFException: End of input at line 1 column 1 path $
	at com.google.gson.stream.JsonReader.nextNonWhitespace(JsonReader.java:1455) ~[gson-2.10.jar%2372!/:?]
	at com.google.gson.stream.JsonReader.doPeek(JsonReader.java:558) ~[gson-2.10.jar%2372!/:?]
	at com.google.gson.stream.JsonReader.peek(JsonReader.java:433) ~[gson-2.10.jar%2372!/:?]
	at com.google.gson.internal.bind.TypeAdapters$28.read(TypeAdapters.java:769) ~[gson-2.10.jar%2372!/:?]
	at com.google.gson.internal.bind.TypeAdapters$28.read(TypeAdapters.java:725) ~[gson-2.10.jar%2372!/:?]
	at com.google.gson.internal.bind.TypeAdapters$34$1.read(TypeAdapters.java:1007) ~[gson-2.10.jar%2372!/:?]
	at net.minecraft.util.GsonHelper.m_13780_(GsonHelper.java:524) ~[server-1.20.1-20230612.114412-srg.jar%23420!/:?]
	... 13 more
[19Apr2026 02:22:04.945] [Worker-Main-3/ERROR] [net.minecraft.server.packs.resources.SimpleJsonResourceReloadListener/]: Couldn't parse data file efn:air_tachi_to_co from efn:recipes/air_tachi_to_co.json
com.google.gson.JsonParseException: java.io.EOFException: End of input at line 1 column 1 path $
	at net.minecraft.util.GsonHelper.m_13780_(GsonHelper.java:526) ~[server-1.20.1-20230612.114412-srg.jar%23420!/:?]
	at net.minecraft.util.GsonHelper.m_263475_(GsonHelper.java:531) ~[server-1.20.1-20230612.114412-srg.jar%23420!/:?]
	at net.minecraft.util.GsonHelper.m_13776_(GsonHelper.java:581) ~[server-1.20.1-20230612.114412-srg.jar%23420!/:?]
	at net.minecraft.server.packs.resources.SimpleJsonResourceReloadListener.m_278771_(SimpleJsonResourceReloadListener.java:41) ~[server-1.20.1-20230612.114412-srg.jar%23420!/:?]
	at net.minecraft.server.packs.resources.SimpleJsonResourceReloadListener.m_5944_(SimpleJsonResourceReloadListener.java:29) ~[server-1.20.1-20230612.114412-srg.jar%23420!/:?]
	at net.minecraft.server.packs.resources.SimpleJsonResourceReloadListener.m_5944_(SimpleJsonResourceReloadListener.java:17) ~[server-1.20.1-20230612.114412-srg.jar%23420!/:?]
	at net.minecraft.server.packs.resources.SimplePreparableReloadListener.m_10786_(SimplePreparableReloadListener.java:11) ~[server-1.20.1-20230612.114412-srg.jar%23420!/:?]
	at java.util.concurrent.CompletableFuture$AsyncSupply.run(CompletableFuture.java:1768) ~[?:?]
	at java.util.concurrent.CompletableFuture$AsyncSupply.exec(CompletableFuture.java:1760) ~[?:?]
	at java.util.concurrent.ForkJoinTask.doExec(ForkJoinTask.java:373) ~[?:?]
	at java.util.concurrent.ForkJoinPool$WorkQueue.topLevelExec(ForkJoinPool.java:1182) ~[?:?]
	at java.util.concurrent.ForkJoinPool.scan(ForkJoinPool.java:1655) ~[?:?]
	at java.util.concurrent.ForkJoinPool.runWorker(ForkJoinPool.java:1622) ~[?:?]
	at java.util.concurrent.ForkJoinWorkerThread.run(ForkJoinWorkerThread.java:165) ~[?:?]
Caused by: java.io.EOFException: End of input at line 1 column 1 path $
	at com.google.gson.stream.JsonReader.nextNonWhitespace(JsonReader.java:1455) ~[gson-2.10.jar%2372!/:?]
	at com.google.gson.stream.JsonReader.doPeek(JsonReader.java:558) ~[gson-2.10.jar%2372!/:?]
	at com.google.gson.stream.JsonReader.peek(JsonReader.java:433) ~[gson-2.10.jar%2372!/:?]
	at com.google.gson.internal.bind.TypeAdapters$28.read(TypeAdapters.java:769) ~[gson-2.10.jar%2372!/:?]
	at com.google.gson.internal.bind.TypeAdapters$28.read(TypeAdapters.java:725) ~[gson-2.10.jar%2372!/:?]
	at com.google.gson.internal.bind.TypeAdapters$34$1.read(TypeAdapters.java:1007) ~[gson-2.10.jar%2372!/:?]
	at net.minecraft.util.GsonHelper.m_13780_(GsonHelper.java:524) ~[server-1.20.1-20230612.114412-srg.jar%23420!/:?]
	... 13 more
[19Apr2026 02:22:04.949] [Worker-Main-3/ERROR] [net.minecraft.server.packs.resources.SimpleJsonResourceReloadListener/]: Couldn't parse data file dodosmobs:amalgam_claws from dodosmobs:recipes/amalgam_claws.json
com.google.gson.JsonParseException: java.io.EOFException: End of input at line 1 column 1 path $
	at net.minecraft.util.GsonHelper.m_13780_(GsonHelper.java:526) ~[server-1.20.1-20230612.114412-srg.jar%23420!/:?]
	at net.minecraft.util.GsonHelper.m_263475_(GsonHelper.java:531) ~[server-1.20.1-20230612.114412-srg.jar%23420!/:?]
	at net.minecraft.util.GsonHelper.m_13776_(GsonHelper.java:581) ~[server-1.20.1-20230612.114412-srg.jar%23420!/:?]
	at net.minecraft.server.packs.resources.SimpleJsonResourceReloadListener.m_278771_(SimpleJsonResourceReloadListener.java:41) ~[server-1.20.1-20230612.114412-srg.jar%23420!/:?]
	at net.minecraft.server.packs.resources.SimpleJsonResourceReloadListener.m_5944_(SimpleJsonResourceReloadListener.java:29) ~[server-1.20.1-20230612.114412-srg.jar%23420!/:?]
	at net.minecraft.server.packs.resources.SimpleJsonResourceReloadListener.m_5944_(SimpleJsonResourceReloadListener.java:17) ~[server-1.20.1-20230612.114412-srg.jar%23420!/:?]
	at net.minecraft.server.packs.resources.SimplePreparableReloadListener.m_10786_(SimplePreparableReloadListener.java:11) ~[server-1.20.1-20230612.114412-srg.jar%23420!/:?]
	at java.util.concurrent.CompletableFuture$AsyncSupply.run(CompletableFuture.java:1768) ~[?:?]
	at java.util.concurrent.CompletableFuture$AsyncSupply.exec(CompletableFuture.java:1760) ~[?:?]
	at java.util.concurrent.ForkJoinTask.doExec(ForkJoinTask.java:373) ~[?:?]
	at java.util.concurrent.ForkJoinPool$WorkQueue.topLevelExec(ForkJoinPool.java:1182) ~[?:?]
	at java.util.concurrent.ForkJoinPool.scan(ForkJoinPool.java:1655) ~[?:?]
	at java.util.concurrent.ForkJoinPool.runWorker(ForkJoinPool.java:1622) ~[?:?]
	at java.util.concurrent.ForkJoinWorkerThread.run(ForkJoinWorkerThread.java:165) ~[?:?]
Caused by: java.io.EOFException: End of input at line 1 column 1 path $
	at com.google.gson.stream.JsonReader.nextNonWhitespace(JsonReader.java:1455) ~[gson-2.10.jar%2372!/:?]
	at com.google.gson.stream.JsonReader.doPeek(JsonReader.java:558) ~[gson-2.10.jar%2372!/:?]
	at com.google.gson.stream.JsonReader.peek(JsonReader.java:433) ~[gson-2.10.jar%2372!/:?]
	at com.google.gson.internal.bind.TypeAdapters$28.read(TypeAdapters.java:769) ~[gson-2.10.jar%2372!/:?]
	at com.google.gson.internal.bind.TypeAdapters$28.read(TypeAdapters.java:725) ~[gson-2.10.jar%2372!/:?]
	at com.google.gson.internal.bind.TypeAdapters$34$1.read(TypeAdapters.java:1007) ~[gson-2.10.jar%2372!/:?]
	at net.minecraft.util.GsonHelper.m_13780_(GsonHelper.java:524) ~[server-1.20.1-20230612.114412-srg.jar%23420!/:?]
	... 13 more
[19Apr2026 02:22:04.954] [Worker-Main-3/ERROR] [net.minecraft.server.packs.resources.SimpleJsonResourceReloadListener/]: Couldn't parse data file irons_spellbooks:amethyst_rapier from irons_spellbooks:recipes/amethyst_rapier.json
com.google.gson.JsonParseException: java.io.EOFException: End of input at line 1 column 1 path $
	at net.minecraft.util.GsonHelper.m_13780_(GsonHelper.java:526) ~[server-1.20.1-20230612.114412-srg.jar%23420!/:?]
	at net.minecraft.util.GsonHelper.m_263475_(GsonHelper.java:531) ~[server-1.20.1-20230612.114412-srg.jar%23420!/:?]
	at net.minecraft.util.GsonHelper.m_13776_(GsonHelper.java:581) ~[server-1.20.1-20230612.114412-srg.jar%23420!/:?]
	at net.minecraft.server.packs.resources.SimpleJsonResourceReloadListener.m_278771_(SimpleJsonResourceReloadListener.java:41) ~[server-1.20.1-20230612.114412-srg.jar%23420!/:?]
	at net.minecraft.server.packs.resources.SimpleJsonResourceReloadListener.m_5944_(SimpleJsonResourceReloadListener.java:29) ~[server-1.20.1-20230612.114412-srg.jar%23420!/:?]
	at net.minecraft.server.packs.resources.SimpleJsonResourceReloadListener.m_5944_(SimpleJsonResourceReloadListener.java:17) ~[server-1.20.1-20230612.114412-srg.jar%23420!/:?]
	at net.minecraft.server.packs.resources.SimplePreparableReloadListener.m_10786_(SimplePreparableReloadListener.java:11) ~[server-1.20.1-20230612.114412-srg.jar%23420!/:?]
	at java.util.concurrent.CompletableFuture$AsyncSupply.run(CompletableFuture.java:1768) ~[?:?]
	at java.util.concurrent.CompletableFuture$AsyncSupply.exec(CompletableFuture.java:1760) ~[?:?]
	at java.util.concurrent.ForkJoinTask.doExec(ForkJoinTask.java:373) ~[?:?]
	at java.util.concurrent.ForkJoinPool$WorkQueue.topLevelExec(ForkJoinPool.java:1182) ~[?:?]
	at java.util.concurrent.ForkJoinPool.scan(ForkJoinPool.java:1655) ~[?:?]
	at java.util.concurrent.ForkJoinPool.runWorker(ForkJoinPool.java:1622) ~[?:?]
	at java.util.concurrent.ForkJoinWorkerThread.run(ForkJoinWorkerThread.java:165) ~[?:?]
Caused by: java.io.EOFException: End of input at line 1 column 1 path $
	at com.google.gson.stream.JsonReader.nextNonWhitespace(JsonReader.java:1455) ~[gson-2.10.jar%2372!/:?]
	at com.google.gson.stream.JsonReader.doPeek(JsonReader.java:558) ~[gson-2.10.jar%2372!/:?]
	at com.google.gson.stream.JsonReader.peek(JsonReader.java:433) ~[gson-2.10.jar%2372!/:?]
	at com.google.gson.internal.bind.TypeAdapters$28.read(TypeAdapters.java:769) ~[gson-2.10.jar%2372!/:?]
	at com.google.gson.internal.bind.TypeAdapters$28.read(TypeAdapters.java:725) ~[gson-2.10.jar%2372!/:?]
	at com.google.gson.internal.bind.TypeAdapters$34$1.read(TypeAdapters.java:1007) ~[gson-2.10.jar%2372!/:?]
	at net.minecraft.util.GsonHelper.m_13780_(GsonHelper.java:524) ~[server-1.20.1-20230612.114412-srg.jar%23420!/:?]
	... 13 more
[19Apr2026 02:22:04.957] [Worker-Main-3/ERROR] [net.minecraft.server.packs.resources.SimpleJsonResourceReloadListener/]: Couldn't parse data file cataclysm:ancient_spear from cataclysm:recipes/ancient_spear.json
com.google.gson.JsonParseException: java.io.EOFException: End of input at line 1 column 1 path $
	at net.minecraft.util.GsonHelper.m_13780_(GsonHelper.java:526) ~[server-1.20.1-20230612.114412-srg.jar%23420!/:?]
	at net.minecraft.util.GsonHelper.m_263475_(GsonHelper.java:531) ~[server-1.20.1-20230612.114412-srg.jar%23420!/:?]
	at net.minecraft.util.GsonHelper.m_13776_(GsonHelper.java:581) ~[server-1.20.1-20230612.114412-srg.jar%23420!/:?]
	at net.minecraft.server.packs.resources.SimpleJsonResourceReloadListener.m_278771_(SimpleJsonResourceReloadListener.java:41) ~[server-1.20.1-20230612.114412-srg.jar%23420!/:?]
	at net.minecraft.server.packs.resources.SimpleJsonResourceReloadListener.m_5944_(SimpleJsonResourceReloadListener.java:29) ~[server-1.20.1-20230612.114412-srg.jar%23420!/:?]
	at net.minecraft.server.packs.resources.SimpleJsonResourceReloadListener.m_5944_(SimpleJsonResourceReloadListener.java:17) ~[server-1.20.1-20230612.114412-srg.jar%23420!/:?]
	at net.minecraft.server.packs.resources.SimplePreparableReloadListener.m_10786_(SimplePreparableReloadListener.java:11) ~[server-1.20.1-20230612.114412-srg.jar%23420!/:?]
	at java.util.concurrent.CompletableFuture$AsyncSupply.run(CompletableFuture.java:1768) ~[?:?]
	at java.util.concurrent.CompletableFuture$AsyncSupply.exec(CompletableFuture.java:1760) ~[?:?]
	at java.util.concurrent.ForkJoinTask.doExec(ForkJoinTask.java:373) ~[?:?]
	at java.util.concurrent.ForkJoinPool$WorkQueue.topLevelExec(ForkJoinPool.java:1182) ~[?:?]
	at java.util.concurrent.ForkJoinPool.scan(ForkJoinPool.java:1655) ~[?:?]
	at java.util.concurrent.ForkJoinPool.runWorker(ForkJoinPool.java:1622) ~[?:?]
	at java.util.concurrent.ForkJoinWorkerThread.run(ForkJoinWorkerThread.java:165) ~[?:?]
Caused by: java.io.EOFException: End of input at line 1 column 1 path $
	at com.google.gson.stream.JsonReader.nextNonWhitespace(JsonReader.java:1455) ~[gson-2.10.jar%2372!/:?]
	at com.google.gson.stream.JsonReader.doPeek(JsonReader.java:558) ~[gson-2.10.jar%2372!/:?]
	at com.google.gson.stream.JsonReader.peek(JsonReader.java:433) ~[gson-2.10.jar%2372!/:?]
	at com.google.gson.internal.bind.TypeAdapters$28.read(TypeAdapters.java:769) ~[gson-2.10.jar%2372!/:?]
	at com.google.gson.internal.bind.TypeAdapters$28.read(TypeAdapters.java:725) ~[gson-2.10.jar%2372!/:?]
	at com.google.gson.internal.bind.TypeAdapters$34$1.read(TypeAdapters.java:1007) ~[gson-2.10.jar%2372!/:?]
	at net.minecraft.util.GsonHelper.m_13780_(GsonHelper.java:524) ~[server-1.20.1-20230612.114412-srg.jar%23420!/:?]
	... 13 more
[19Apr2026 02:22:04.965] [Worker-Main-3/ERROR] [net.minecraft.server.packs.resources.SimpleJsonResourceReloadListener/]: Couldn't parse data file irons_spellbooks:arcane_anvil from irons_spellbooks:recipes/arcane_anvil.json
com.google.gson.JsonParseException: java.io.EOFException: End of input at line 1 column 1 path $
	at net.minecraft.util.GsonHelper.m_13780_(GsonHelper.java:526) ~[server-1.20.1-20230612.114412-srg.jar%23420!/:?]
	at net.minecraft.util.GsonHelper.m_263475_(GsonHelper.java:531) ~[server-1.20.1-20230612.114412-srg.jar%23420!/:?]
	at net.minecraft.util.GsonHelper.m_13776_(GsonHelper.java:581) ~[server-1.20.1-20230612.114412-srg.jar%23420!/:?]
	at net.minecraft.server.packs.resources.SimpleJsonResourceReloadListener.m_278771_(SimpleJsonResourceReloadListener.java:41) ~[server-1.20.1-20230612.114412-srg.jar%23420!/:?]
	at net.minecraft.server.packs.resources.SimpleJsonResourceReloadListener.m_5944_(SimpleJsonResourceReloadListener.java:29) ~[server-1.20.1-20230612.114412-srg.jar%23420!/:?]
	at net.minecraft.server.packs.resources.SimpleJsonResourceReloadListener.m_5944_(SimpleJsonResourceReloadListener.java:17) ~[server-1.20.1-20230612.114412-srg.jar%23420!/:?]
	at net.minecraft.server.packs.resources.SimplePreparableReloadListener.m_10786_(SimplePreparableReloadListener.java:11) ~[server-1.20.1-20230612.114412-srg.jar%23420!/:?]
	at java.util.concurrent.CompletableFuture$AsyncSupply.run(CompletableFuture.java:1768) ~[?:?]
	at java.util.concurrent.CompletableFuture$AsyncSupply.exec(CompletableFuture.java:1760) ~[?:?]
	at java.util.concurrent.ForkJoinTask.doExec(ForkJoinTask.java:373) ~[?:?]
	at java.util.concurrent.ForkJoinPool$WorkQueue.topLevelExec(ForkJoinPool.java:1182) ~[?:?]
	at java.util.concurrent.ForkJoinPool.scan(ForkJoinPool.java:1655) ~[?:?]
	at java.util.concurrent.ForkJoinPool.runWorker(ForkJoinPool.java:1622) ~[?:?]
	at java.util.concurrent.ForkJoinWorkerThread.run(ForkJoinWorkerThread.java:165) ~[?:?]
Caused by: java.io.EOFException: End of input at line 1 column 1 path $
	at com.google.gson.stream.JsonReader.nextNonWhitespace(JsonReader.java:1455) ~[gson-2.10.jar%2372!/:?]
	at com.google.gson.stream.JsonReader.doPeek(JsonReader.java:558) ~[gson-2.10.jar%2372!/:?]
	at com.google.gson.stream.JsonReader.peek(JsonReader.java:433) ~[gson-2.10.jar%2372!/:?]
	at com.google.gson.internal.bind.TypeAdapters$28.read(TypeAdapters.java:769) ~[gson-2.10.jar%2372!/:?]
	at com.google.gson.internal.bind.TypeAdapters$28.read(TypeAdapters.java:725) ~[gson-2.10.jar%2372!/:?]
	at com.google.gson.internal.bind.TypeAdapters$34$1.read(TypeAdapters.java:1007) ~[gson-2.10.jar%2372!/:?]
	at net.minecraft.util.GsonHelper.m_13780_(GsonHelper.java:524) ~[server-1.20.1-20230612.114412-srg.jar%23420!/:?]
	... 13 more
[19Apr2026 02:22:04.969] [Worker-Main-3/ERROR] [net.minecraft.server.packs.resources.SimpleJsonResourceReloadListener/]: Couldn't parse data file irons_spellbooks:artificer_cane from irons_spellbooks:recipes/artificer_cane.json
com.google.gson.JsonParseException: java.io.EOFException: End of input at line 1 column 1 path $
	at net.minecraft.util.GsonHelper.m_13780_(GsonHelper.java:526) ~[server-1.20.1-20230612.114412-srg.jar%23420!/:?]
	at net.minecraft.util.GsonHelper.m_263475_(GsonHelper.java:531) ~[server-1.20.1-20230612.114412-srg.jar%23420!/:?]
	at net.minecraft.util.GsonHelper.m_13776_(GsonHelper.java:581) ~[server-1.20.1-20230612.114412-srg.jar%23420!/:?]
	at net.minecraft.server.packs.resources.SimpleJsonResourceReloadListener.m_278771_(SimpleJsonResourceReloadListener.java:41) ~[server-1.20.1-20230612.114412-srg.jar%23420!/:?]
	at net.minecraft.server.packs.resources.SimpleJsonResourceReloadListener.m_5944_(SimpleJsonResourceReloadListener.java:29) ~[server-1.20.1-20230612.114412-srg.jar%23420!/:?]
	at net.minecraft.server.packs.resources.SimpleJsonResourceReloadListener.m_5944_(SimpleJsonResourceReloadListener.java:17) ~[server-1.20.1-20230612.114412-srg.jar%23420!/:?]
	at net.minecraft.server.packs.resources.SimplePreparableReloadListener.m_10786_(SimplePreparableReloadListener.java:11) ~[server-1.20.1-20230612.114412-srg.jar%23420!/:?]
	at java.util.concurrent.CompletableFuture$AsyncSupply.run(CompletableFuture.java:1768) ~[?:?]
	at java.util.concurrent.CompletableFuture$AsyncSupply.exec(CompletableFuture.java:1760) ~[?:?]
	at java.util.concurrent.ForkJoinTask.doExec(ForkJoinTask.java:373) ~[?:?]
	at java.util.concurrent.ForkJoinPool$WorkQueue.topLevelExec(ForkJoinPool.java:1182) ~[?:?]
	at java.util.concurrent.ForkJoinPool.scan(ForkJoinPool.java:1655) ~[?:?]
	at java.util.concurrent.ForkJoinPool.runWorker(ForkJoinPool.java:1622) ~[?:?]
	at java.util.concurrent.ForkJoinWorkerThread.run(ForkJoinWorkerThread.java:165) ~[?:?]
Caused by: java.io.EOFException: End of input at line 1 column 1 path $
	at com.google.gson.stream.JsonReader.nextNonWhitespace(JsonReader.java:1455) ~[gson-2.10.jar%2372!/:?]
	at com.google.gson.stream.JsonReader.doPeek(JsonReader.java:558) ~[gson-2.10.jar%2372!/:?]
	at com.google.gson.stream.JsonReader.peek(JsonReader.java:433) ~[gson-2.10.jar%2372!/:?]
	at com.google.gson.internal.bind.TypeAdapters$28.read(TypeAdapters.java:769) ~[gson-2.10.jar%2372!/:?]
	at com.google.gson.internal.bind.TypeAdapters$28.read(TypeAdapters.java:725) ~[gson-2.10.jar%2372!/:?]
	at com.google.gson.internal.bind.TypeAdapters$34$1.read(TypeAdapters.java:1007) ~[gson-2.10.jar%2372!/:?]
	at net.minecraft.util.GsonHelper.m_13780_(GsonHelper.java:524) ~[server-1.20.1-20230612.114412-srg.jar%23420!/:?]
	... 13 more
[19Apr2026 02:22:04.970] [Worker-Main-3/ERROR] [net.minecraft.server.packs.resources.SimpleJsonResourceReloadListener/]: Couldn't parse data file cataclysm:astrape from cataclysm:recipes/astrape.json
com.google.gson.JsonParseException: java.io.EOFException: End of input at line 1 column 1 path $
	at net.minecraft.util.GsonHelper.m_13780_(GsonHelper.java:526) ~[server-1.20.1-20230612.114412-srg.jar%23420!/:?]
	at net.minecraft.util.GsonHelper.m_263475_(GsonHelper.java:531) ~[server-1.20.1-20230612.114412-srg.jar%23420!/:?]
	at net.minecraft.util.GsonHelper.m_13776_(GsonHelper.java:581) ~[server-1.20.1-20230612.114412-srg.jar%23420!/:?]
	at net.minecraft.server.packs.resources.SimpleJsonResourceReloadListener.m_278771_(SimpleJsonResourceReloadListener.java:41) ~[server-1.20.1-20230612.114412-srg.jar%23420!/:?]
	at net.minecraft.server.packs.resources.SimpleJsonResourceReloadListener.m_5944_(SimpleJsonResourceReloadListener.java:29) ~[server-1.20.1-20230612.114412-srg.jar%23420!/:?]
	at net.minecraft.server.packs.resources.SimpleJsonResourceReloadListener.m_5944_(SimpleJsonResourceReloadListener.java:17) ~[server-1.20.1-20230612.114412-srg.jar%23420!/:?]
	at net.minecraft.server.packs.resources.SimplePreparableReloadListener.m_10786_(SimplePreparableReloadListener.java:11) ~[server-1.20.1-20230612.114412-srg.jar%23420!/:?]
	at java.util.concurrent.CompletableFuture$AsyncSupply.run(CompletableFuture.java:1768) ~[?:?]
	at java.util.concurrent.CompletableFuture$AsyncSupply.exec(CompletableFuture.java:1760) ~[?:?]
	at java.util.concurrent.ForkJoinTask.doExec(ForkJoinTask.java:373) ~[?:?]
	at java.util.concurrent.ForkJoinPool$WorkQueue.topLevelExec(ForkJoinPool.java:1182) ~[?:?]
	at java.util.concurrent.ForkJoinPool.scan(ForkJoinPool.java:1655) ~[?:?]
	at java.util.concurrent.ForkJoinPool.runWorker(ForkJoinPool.java:1622) ~[?:?]
	at java.util.concurrent.ForkJoinWorkerThread.run(ForkJoinWorkerThread.java:165) ~[?:?]
Caused by: java.io.EOFException: End of input at line 1 column 1 path $
	at com.google.gson.stream.JsonReader.nextNonWhitespace(JsonReader.java:1455) ~[gson-2.10.jar%2372!/:?]
	at com.google.gson.stream.JsonReader.doPeek(JsonReader.java:558) ~[gson-2.10.jar%2372!/:?]
	at com.google.gson.stream.JsonReader.peek(JsonReader.java:433) ~[gson-2.10.jar%2372!/:?]
	at com.google.gson.internal.bind.TypeAdapters$28.read(TypeAdapters.java:769) ~[gson-2.10.jar%2372!/:?]
	at com.google.gson.internal.bind.TypeAdapters$28.read(TypeAdapters.java:725) ~[gson-2.10.jar%2372!/:?]
	at com.google.gson.internal.bind.TypeAdapters$34$1.read(TypeAdapters.java:1007) ~[gson-2.10.jar%2372!/:?]
	at net.minecraft.util.GsonHelper.m_13780_(GsonHelper.java:524) ~[server-1.20.1-20230612.114412-srg.jar%23420!/:?]
	... 13 more
[19Apr2026 02:22:04.984] [Worker-Main-3/ERROR] [net.minecraft.server.packs.resources.SimpleJsonResourceReloadListener/]: Couldn't parse data file cataclysm:blazing_grips from cataclysm:recipes/blazing_grips.json
com.google.gson.JsonParseException: java.io.EOFException: End of input at line 1 column 1 path $
	at net.minecraft.util.GsonHelper.m_13780_(GsonHelper.java:526) ~[server-1.20.1-20230612.114412-srg.jar%23420!/:?]
	at net.minecraft.util.GsonHelper.m_263475_(GsonHelper.java:531) ~[server-1.20.1-20230612.114412-srg.jar%23420!/:?]
	at net.minecraft.util.GsonHelper.m_13776_(GsonHelper.java:581) ~[server-1.20.1-20230612.114412-srg.jar%23420!/:?]
	at net.minecraft.server.packs.resources.SimpleJsonResourceReloadListener.m_278771_(SimpleJsonResourceReloadListener.java:41) ~[server-1.20.1-20230612.114412-srg.jar%23420!/:?]
	at net.minecraft.server.packs.resources.SimpleJsonResourceReloadListener.m_5944_(SimpleJsonResourceReloadListener.java:29) ~[server-1.20.1-20230612.114412-srg.jar%23420!/:?]
	at net.minecraft.server.packs.resources.SimpleJsonResourceReloadListener.m_5944_(SimpleJsonResourceReloadListener.java:17) ~[server-1.20.1-20230612.114412-srg.jar%23420!/:?]
	at net.minecraft.server.packs.resources.SimplePreparableReloadListener.m_10786_(SimplePreparableReloadListener.java:11) ~[server-1.20.1-20230612.114412-srg.jar%23420!/:?]
	at java.util.concurrent.CompletableFuture$AsyncSupply.run(CompletableFuture.java:1768) ~[?:?]
	at java.util.concurrent.CompletableFuture$AsyncSupply.exec(CompletableFuture.java:1760) ~[?:?]
	at java.util.concurrent.ForkJoinTask.doExec(ForkJoinTask.java:373) ~[?:?]
	at java.util.concurrent.ForkJoinPool$WorkQueue.topLevelExec(ForkJoinPool.java:1182) ~[?:?]
	at java.util.concurrent.ForkJoinPool.scan(ForkJoinPool.java:1655) ~[?:?]
	at java.util.concurrent.ForkJoinPool.runWorker(ForkJoinPool.java:1622) ~[?:?]
	at java.util.concurrent.ForkJoinWorkerThread.run(ForkJoinWorkerThread.java:165) ~[?:?]
Caused by: java.io.EOFException: End of input at line 1 column 1 path $
	at com.google.gson.stream.JsonReader.nextNonWhitespace(JsonReader.java:1455) ~[gson-2.10.jar%2372!/:?]
	at com.google.gson.stream.JsonReader.doPeek(JsonReader.java:558) ~[gson-2.10.jar%2372!/:?]
	at com.google.gson.stream.JsonReader.peek(JsonReader.java:433) ~[gson-2.10.jar%2372!/:?]
	at com.google.gson.internal.bind.TypeAdapters$28.read(TypeAdapters.java:769) ~[gson-2.10.jar%2372!/:?]
	at com.google.gson.internal.bind.TypeAdapters$28.read(TypeAdapters.java:725) ~[gson-2.10.jar%2372!/:?]
	at com.google.gson.internal.bind.TypeAdapters$34$1.read(TypeAdapters.java:1007) ~[gson-2.10.jar%2372!/:?]
	at net.minecraft.util.GsonHelper.m_13780_(GsonHelper.java:524) ~[server-1.20.1-20230612.114412-srg.jar%23420!/:?]
	... 13 more
[19Apr2026 02:22:04.986] [Worker-Main-3/ERROR] [net.minecraft.server.packs.resources.SimpleJsonResourceReloadListener/]: Couldn't parse data file cataclysm_spellbooks:bloom_stone_staff from cataclysm_spellbooks:recipes/bloom_stone_staff.json
com.google.gson.JsonParseException: java.io.EOFException: End of input at line 1 column 1 path $
	at net.minecraft.util.GsonHelper.m_13780_(GsonHelper.java:526) ~[server-1.20.1-20230612.114412-srg.jar%23420!/:?]
	at net.minecraft.util.GsonHelper.m_263475_(GsonHelper.java:531) ~[server-1.20.1-20230612.114412-srg.jar%23420!/:?]
	at net.minecraft.util.GsonHelper.m_13776_(GsonHelper.java:581) ~[server-1.20.1-20230612.114412-srg.jar%23420!/:?]
	at net.minecraft.server.packs.resources.SimpleJsonResourceReloadListener.m_278771_(SimpleJsonResourceReloadListener.java:41) ~[server-1.20.1-20230612.114412-srg.jar%23420!/:?]
	at net.minecraft.server.packs.resources.SimpleJsonResourceReloadListener.m_5944_(SimpleJsonResourceReloadListener.java:29) ~[server-1.20.1-20230612.114412-srg.jar%23420!/:?]
	at net.minecraft.server.packs.resources.SimpleJsonResourceReloadListener.m_5944_(SimpleJsonResourceReloadListener.java:17) ~[server-1.20.1-20230612.114412-srg.jar%23420!/:?]
	at net.minecraft.server.packs.resources.SimplePreparableReloadListener.m_10786_(SimplePreparableReloadListener.java:11) ~[server-1.20.1-20230612.114412-srg.jar%23420!/:?]
	at java.util.concurrent.CompletableFuture$AsyncSupply.run(CompletableFuture.java:1768) ~[?:?]
	at java.util.concurrent.CompletableFuture$AsyncSupply.exec(CompletableFuture.java:1760) ~[?:?]
	at java.util.concurrent.ForkJoinTask.doExec(ForkJoinTask.java:373) ~[?:?]
	at java.util.concurrent.ForkJoinPool$WorkQueue.topLevelExec(ForkJoinPool.java:1182) ~[?:?]
	at java.util.concurrent.ForkJoinPool.scan(ForkJoinPool.java:1655) ~[?:?]
	at java.util.concurrent.ForkJoinPool.runWorker(ForkJoinPool.java:1622) ~[?:?]
	at java.util.concurrent.ForkJoinWorkerThread.run(ForkJoinWorkerThread.java:165) ~[?:?]
Caused by: java.io.EOFException: End of input at line 1 column 1 path $
	at com.google.gson.stream.JsonReader.nextNonWhitespace(JsonReader.java:1455) ~[gson-2.10.jar%2372!/:?]
	at com.google.gson.stream.JsonReader.doPeek(JsonReader.java:558) ~[gson-2.10.jar%2372!/:?]
	at com.google.gson.stream.JsonReader.peek(JsonReader.java:433) ~[gson-2.10.jar%2372!/:?]
	at com.google.gson.internal.bind.TypeAdapters$28.read(TypeAdapters.java:769) ~[gson-2.10.jar%2372!/:?]
	at com.google.gson.internal.bind.TypeAdapters$28.read(TypeAdapters.java:725) ~[gson-2.10.jar%2372!/:?]
	at com.google.gson.internal.bind.TypeAdapters$34$1.read(TypeAdapters.java:1007) ~[gson-2.10.jar%2372!/:?]
	at net.minecraft.util.GsonHelper.m_13780_(GsonHelper.java:524) ~[server-1.20.1-20230612.114412-srg.jar%23420!/:?]
	... 13 more
[19Apr2026 02:22:04.993] [Worker-Main-3/ERROR] [net.minecraft.server.packs.resources.SimpleJsonResourceReloadListener/]: Couldn't parse data file irons_spellbooks:boreal_blade from irons_spellbooks:recipes/boreal_blade.json
com.google.gson.JsonParseException: java.io.EOFException: End of input at line 1 column 1 path $
	at net.minecraft.util.GsonHelper.m_13780_(GsonHelper.java:526) ~[server-1.20.1-20230612.114412-srg.jar%23420!/:?]
	at net.minecraft.util.GsonHelper.m_263475_(GsonHelper.java:531) ~[server-1.20.1-20230612.114412-srg.jar%23420!/:?]
	at net.minecraft.util.GsonHelper.m_13776_(GsonHelper.java:581) ~[server-1.20.1-20230612.114412-srg.jar%23420!/:?]
	at net.minecraft.server.packs.resources.SimpleJsonResourceReloadListener.m_278771_(SimpleJsonResourceReloadListener.java:41) ~[server-1.20.1-20230612.114412-srg.jar%23420!/:?]
	at net.minecraft.server.packs.resources.SimpleJsonResourceReloadListener.m_5944_(SimpleJsonResourceReloadListener.java:29) ~[server-1.20.1-20230612.114412-srg.jar%23420!/:?]
	at net.minecraft.server.packs.resources.SimpleJsonResourceReloadListener.m_5944_(SimpleJsonResourceReloadListener.java:17) ~[server-1.20.1-20230612.114412-srg.jar%23420!/:?]
	at net.minecraft.server.packs.resources.SimplePreparableReloadListener.m_10786_(SimplePreparableReloadListener.java:11) ~[server-1.20.1-20230612.114412-srg.jar%23420!/:?]
	at java.util.concurrent.CompletableFuture$AsyncSupply.run(CompletableFuture.java:1768) ~[?:?]
	at java.util.concurrent.CompletableFuture$AsyncSupply.exec(CompletableFuture.java:1760) ~[?:?]
	at java.util.concurrent.ForkJoinTask.doExec(ForkJoinTask.java:373) ~[?:?]
	at java.util.concurrent.ForkJoinPool$WorkQueue.topLevelExec(ForkJoinPool.java:1182) ~[?:?]
	at java.util.concurrent.ForkJoinPool.scan(ForkJoinPool.java:1655) ~[?:?]
	at java.util.concurrent.ForkJoinPool.runWorker(ForkJoinPool.java:1622) ~[?:?]
	at java.util.concurrent.ForkJoinWorkerThread.run(ForkJoinWorkerThread.java:165) ~[?:?]
Caused by: java.io.EOFException: End of input at line 1 column 1 path $
	at com.google.gson.stream.JsonReader.nextNonWhitespace(JsonReader.java:1455) ~[gson-2.10.jar%2372!/:?]
	at com.google.gson.stream.JsonReader.doPeek(JsonReader.java:558) ~[gson-2.10.jar%2372!/:?]
	at com.google.gson.stream.JsonReader.peek(JsonReader.java:433) ~[gson-2.10.jar%2372!/:?]
	at com.google.gson.internal.bind.TypeAdapters$28.read(TypeAdapters.java:769) ~[gson-2.10.jar%2372!/:?]
	at com.google.gson.internal.bind.TypeAdapters$28.read(TypeAdapters.java:725) ~[gson-2.10.jar%2372!/:?]
	at com.google.gson.internal.bind.TypeAdapters$34$1.read(TypeAdapters.java:1007) ~[gson-2.10.jar%2372!/:?]
	at net.minecraft.util.GsonHelper.m_13780_(GsonHelper.java:524) ~[server-1.20.1-20230612.114412-srg.jar%23420!/:?]
	... 13 more
[19Apr2026 02:22:04.994] [Worker-Main-3/ERROR] [net.minecraft.server.packs.resources.SimpleJsonResourceReloadListener/]: Couldn't parse data file efn:broadblade from efn:recipes/broadblade.json
com.google.gson.JsonParseException: java.io.EOFException: End of input at line 1 column 1 path $
	at net.minecraft.util.GsonHelper.m_13780_(GsonHelper.java:526) ~[server-1.20.1-20230612.114412-srg.jar%23420!/:?]
	at net.minecraft.util.GsonHelper.m_263475_(GsonHelper.java:531) ~[server-1.20.1-20230612.114412-srg.jar%23420!/:?]
	at net.minecraft.util.GsonHelper.m_13776_(GsonHelper.java:581) ~[server-1.20.1-20230612.114412-srg.jar%23420!/:?]
	at net.minecraft.server.packs.resources.SimpleJsonResourceReloadListener.m_278771_(SimpleJsonResourceReloadListener.java:41) ~[server-1.20.1-20230612.114412-srg.jar%23420!/:?]
	at net.minecraft.server.packs.resources.SimpleJsonResourceReloadListener.m_5944_(SimpleJsonResourceReloadListener.java:29) ~[server-1.20.1-20230612.114412-srg.jar%23420!/:?]
	at net.minecraft.server.packs.resources.SimpleJsonResourceReloadListener.m_5944_(SimpleJsonResourceReloadListener.java:17) ~[server-1.20.1-20230612.114412-srg.jar%23420!/:?]
	at net.minecraft.server.packs.resources.SimplePreparableReloadListener.m_10786_(SimplePreparableReloadListener.java:11) ~[server-1.20.1-20230612.114412-srg.jar%23420!/:?]
	at java.util.concurrent.CompletableFuture$AsyncSupply.run(CompletableFuture.java:1768) ~[?:?]
	at java.util.concurrent.CompletableFuture$AsyncSupply.exec(CompletableFuture.java:1760) ~[?:?]
	at java.util.concurrent.ForkJoinTask.doExec(ForkJoinTask.java:373) ~[?:?]
	at java.util.concurrent.ForkJoinPool$WorkQueue.topLevelExec(ForkJoinPool.java:1182) ~[?:?]
	at java.util.concurrent.ForkJoinPool.scan(ForkJoinPool.java:1655) ~[?:?]
	at java.util.concurrent.ForkJoinPool.runWorker(ForkJoinPool.java:1622) ~[?:?]
	at java.util.concurrent.ForkJoinWorkerThread.run(ForkJoinWorkerThread.java:165) ~[?:?]
Caused by: java.io.EOFException: End of input at line 1 column 1 path $
	at com.google.gson.stream.JsonReader.nextNonWhitespace(JsonReader.java:1455) ~[gson-2.10.jar%2372!/:?]
	at com.google.gson.stream.JsonReader.doPeek(JsonReader.java:558) ~[gson-2.10.jar%2372!/:?]
	at com.google.gson.stream.JsonReader.peek(JsonReader.java:433) ~[gson-2.10.jar%2372!/:?]
	at com.google.gson.internal.bind.TypeAdapters$28.read(TypeAdapters.java:769) ~[gson-2.10.jar%2372!/:?]
	at com.google.gson.internal.bind.TypeAdapters$28.read(TypeAdapters.java:725) ~[gson-2.10.jar%2372!/:?]
	at com.google.gson.internal.bind.TypeAdapters$34$1.read(TypeAdapters.java:1007) ~[gson-2.10.jar%2372!/:?]
	at net.minecraft.util.GsonHelper.m_13780_(GsonHelper.java:524) ~[server-1.20.1-20230612.114412-srg.jar%23420!/:?]
	... 13 more
[19Apr2026 02:22:05.043] [Worker-Main-3/ERROR] [net.minecraft.server.packs.resources.SimpleJsonResourceReloadListener/]: Couldn't parse data file cataclysm:bulwark_of_the_flame from cataclysm:recipes/bulwark_of_the_flame.json
com.google.gson.JsonParseException: java.io.EOFException: End of input at line 1 column 1 path $
	at net.minecraft.util.GsonHelper.m_13780_(GsonHelper.java:526) ~[server-1.20.1-20230612.114412-srg.jar%23420!/:?]
	at net.minecraft.util.GsonHelper.m_263475_(GsonHelper.java:531) ~[server-1.20.1-20230612.114412-srg.jar%23420!/:?]
	at net.minecraft.util.GsonHelper.m_13776_(GsonHelper.java:581) ~[server-1.20.1-20230612.114412-srg.jar%23420!/:?]
	at net.minecraft.server.packs.resources.SimpleJsonResourceReloadListener.m_278771_(SimpleJsonResourceReloadListener.java:41) ~[server-1.20.1-20230612.114412-srg.jar%23420!/:?]
	at net.minecraft.server.packs.resources.SimpleJsonResourceReloadListener.m_5944_(SimpleJsonResourceReloadListener.java:29) ~[server-1.20.1-20230612.114412-srg.jar%23420!/:?]
	at net.minecraft.server.packs.resources.SimpleJsonResourceReloadListener.m_5944_(SimpleJsonResourceReloadListener.java:17) ~[server-1.20.1-20230612.114412-srg.jar%23420!/:?]
	at net.minecraft.server.packs.resources.SimplePreparableReloadListener.m_10786_(SimplePreparableReloadListener.java:11) ~[server-1.20.1-20230612.114412-srg.jar%23420!/:?]
	at java.util.concurrent.CompletableFuture$AsyncSupply.run(CompletableFuture.java:1768) ~[?:?]
	at java.util.concurrent.CompletableFuture$AsyncSupply.exec(CompletableFuture.java:1760) ~[?:?]
	at java.util.concurrent.ForkJoinTask.doExec(ForkJoinTask.java:373) ~[?:?]
	at java.util.concurrent.ForkJoinPool$WorkQueue.topLevelExec(ForkJoinPool.java:1182) ~[?:?]
	at java.util.concurrent.ForkJoinPool.scan(ForkJoinPool.java:1655) ~[?:?]
	at java.util.concurrent.ForkJoinPool.runWorker(ForkJoinPool.java:1622) ~[?:?]
	at java.util.concurrent.ForkJoinWorkerThread.run(ForkJoinWorkerThread.java:165) ~[?:?]
Caused by: java.io.EOFException: End of input at line 1 column 1 path $
	at com.google.gson.stream.JsonReader.nextNonWhitespace(JsonReader.java:1455) ~[gson-2.10.jar%2372!/:?]
	at com.google.gson.stream.JsonReader.doPeek(JsonReader.java:558) ~[gson-2.10.jar%2372!/:?]
	at com.google.gson.stream.JsonReader.peek(JsonReader.java:433) ~[gson-2.10.jar%2372!/:?]
	at com.google.gson.internal.bind.TypeAdapters$28.read(TypeAdapters.java:769) ~[gson-2.10.jar%2372!/:?]
	at com.google.gson.internal.bind.TypeAdapters$28.read(TypeAdapters.java:725) ~[gson-2.10.jar%2372!/:?]
	at com.google.gson.internal.bind.TypeAdapters$34$1.read(TypeAdapters.java:1007) ~[gson-2.10.jar%2372!/:?]
	at net.minecraft.util.GsonHelper.m_13780_(GsonHelper.java:524) ~[server-1.20.1-20230612.114412-srg.jar%23420!/:?]
	... 13 more
[19Apr2026 02:22:05.054] [Worker-Main-3/ERROR] [net.minecraft.server.packs.resources.SimpleJsonResourceReloadListener/]: Couldn't parse data file efn:co_tachi from efn:recipes/co_tachi.json
com.google.gson.JsonParseException: java.io.EOFException: End of input at line 1 column 1 path $
	at net.minecraft.util.GsonHelper.m_13780_(GsonHelper.java:526) ~[server-1.20.1-20230612.114412-srg.jar%23420!/:?]
	at net.minecraft.util.GsonHelper.m_263475_(GsonHelper.java:531) ~[server-1.20.1-20230612.114412-srg.jar%23420!/:?]
	at net.minecraft.util.GsonHelper.m_13776_(GsonHelper.java:581) ~[server-1.20.1-20230612.114412-srg.jar%23420!/:?]
	at net.minecraft.server.packs.resources.SimpleJsonResourceReloadListener.m_278771_(SimpleJsonResourceReloadListener.java:41) ~[server-1.20.1-20230612.114412-srg.jar%23420!/:?]
	at net.minecraft.server.packs.resources.SimpleJsonResourceReloadListener.m_5944_(SimpleJsonResourceReloadListener.java:29) ~[server-1.20.1-20230612.114412-srg.jar%23420!/:?]
	at net.minecraft.server.packs.resources.SimpleJsonResourceReloadListener.m_5944_(SimpleJsonResourceReloadListener.java:17) ~[server-1.20.1-20230612.114412-srg.jar%23420!/:?]
	at net.minecraft.server.packs.resources.SimplePreparableReloadListener.m_10786_(SimplePreparableReloadListener.java:11) ~[server-1.20.1-20230612.114412-srg.jar%23420!/:?]
	at java.util.concurrent.CompletableFuture$AsyncSupply.run(CompletableFuture.java:1768) ~[?:?]
	at java.util.concurrent.CompletableFuture$AsyncSupply.exec(CompletableFuture.java:1760) ~[?:?]
	at java.util.concurrent.ForkJoinTask.doExec(ForkJoinTask.java:373) ~[?:?]
	at java.util.concurrent.ForkJoinPool$WorkQueue.topLevelExec(ForkJoinPool.java:1182) ~[?:?]
	at java.util.concurrent.ForkJoinPool.scan(ForkJoinPool.java:1655) ~[?:?]
	at java.util.concurrent.ForkJoinPool.runWorker(ForkJoinPool.java:1622) ~[?:?]
	at java.util.concurrent.ForkJoinWorkerThread.run(ForkJoinWorkerThread.java:165) ~[?:?]
Caused by: java.io.EOFException: End of input at line 1 column 1 path $
	at com.google.gson.stream.JsonReader.nextNonWhitespace(JsonReader.java:1455) ~[gson-2.10.jar%2372!/:?]
	at com.google.gson.stream.JsonReader.doPeek(JsonReader.java:558) ~[gson-2.10.jar%2372!/:?]
	at com.google.gson.stream.JsonReader.peek(JsonReader.java:433) ~[gson-2.10.jar%2372!/:?]
	at com.google.gson.internal.bind.TypeAdapters$28.read(TypeAdapters.java:769) ~[gson-2.10.jar%2372!/:?]
	at com.google.gson.internal.bind.TypeAdapters$28.read(TypeAdapters.java:725) ~[gson-2.10.jar%2372!/:?]
	at com.google.gson.internal.bind.TypeAdapters$34$1.read(TypeAdapters.java:1007) ~[gson-2.10.jar%2372!/:?]
	at net.minecraft.util.GsonHelper.m_13780_(GsonHelper.java:524) ~[server-1.20.1-20230612.114412-srg.jar%23420!/:?]
	... 13 more
[19Apr2026 02:22:05.056] [Worker-Main-3/ERROR] [net.minecraft.server.packs.resources.SimpleJsonResourceReloadListener/]: Couldn't parse data file efn:co_tachi_to_air from efn:recipes/co_tachi_to_air.json
com.google.gson.JsonParseException: java.io.EOFException: End of input at line 1 column 1 path $
	at net.minecraft.util.GsonHelper.m_13780_(GsonHelper.java:526) ~[server-1.20.1-20230612.114412-srg.jar%23420!/:?]
	at net.minecraft.util.GsonHelper.m_263475_(GsonHelper.java:531) ~[server-1.20.1-20230612.114412-srg.jar%23420!/:?]
	at net.minecraft.util.GsonHelper.m_13776_(GsonHelper.java:581) ~[server-1.20.1-20230612.114412-srg.jar%23420!/:?]
	at net.minecraft.server.packs.resources.SimpleJsonResourceReloadListener.m_278771_(SimpleJsonResourceReloadListener.java:41) ~[server-1.20.1-20230612.114412-srg.jar%23420!/:?]
	at net.minecraft.server.packs.resources.SimpleJsonResourceReloadListener.m_5944_(SimpleJsonResourceReloadListener.java:29) ~[server-1.20.1-20230612.114412-srg.jar%23420!/:?]
	at net.minecraft.server.packs.resources.SimpleJsonResourceReloadListener.m_5944_(SimpleJsonResourceReloadListener.java:17) ~[server-1.20.1-20230612.114412-srg.jar%23420!/:?]
	at net.minecraft.server.packs.resources.SimplePreparableReloadListener.m_10786_(SimplePreparableReloadListener.java:11) ~[server-1.20.1-20230612.114412-srg.jar%23420!/:?]
	at java.util.concurrent.CompletableFuture$AsyncSupply.run(CompletableFuture.java:1768) ~[?:?]
	at java.util.concurrent.CompletableFuture$AsyncSupply.exec(CompletableFuture.java:1760) ~[?:?]
	at java.util.concurrent.ForkJoinTask.doExec(ForkJoinTask.java:373) ~[?:?]
	at java.util.concurrent.ForkJoinPool$WorkQueue.topLevelExec(ForkJoinPool.java:1182) ~[?:?]
	at java.util.concurrent.ForkJoinPool.scan(ForkJoinPool.java:1655) ~[?:?]
	at java.util.concurrent.ForkJoinPool.runWorker(ForkJoinPool.java:1622) ~[?:?]
	at java.util.concurrent.ForkJoinWorkerThread.run(ForkJoinWorkerThread.java:165) ~[?:?]
Caused by: java.io.EOFException: End of input at line 1 column 1 path $
	at com.google.gson.stream.JsonReader.nextNonWhitespace(JsonReader.java:1455) ~[gson-2.10.jar%2372!/:?]
	at com.google.gson.stream.JsonReader.doPeek(JsonReader.java:558) ~[gson-2.10.jar%2372!/:?]
	at com.google.gson.stream.JsonReader.peek(JsonReader.java:433) ~[gson-2.10.jar%2372!/:?]
	at com.google.gson.internal.bind.TypeAdapters$28.read(TypeAdapters.java:769) ~[gson-2.10.jar%2372!/:?]
	at com.google.gson.internal.bind.TypeAdapters$28.read(TypeAdapters.java:725) ~[gson-2.10.jar%2372!/:?]
	at com.google.gson.internal.bind.TypeAdapters$34$1.read(TypeAdapters.java:1007) ~[gson-2.10.jar%2372!/:?]
	at net.minecraft.util.GsonHelper.m_13780_(GsonHelper.java:524) ~[server-1.20.1-20230612.114412-srg.jar%23420!/:?]
	... 13 more
[19Apr2026 02:22:05.060] [Worker-Main-3/ERROR] [net.minecraft.server.packs.resources.SimpleJsonResourceReloadListener/]: Couldn't parse data file epicfightx:combat_mastery_i from epicfightx:recipes/combat_mastery_i.json
com.google.gson.JsonParseException: java.io.EOFException: End of input at line 1 column 1 path $
	at net.minecraft.util.GsonHelper.m_13780_(GsonHelper.java:526) ~[server-1.20.1-20230612.114412-srg.jar%23420!/:?]
	at net.minecraft.util.GsonHelper.m_263475_(GsonHelper.java:531) ~[server-1.20.1-20230612.114412-srg.jar%23420!/:?]
	at net.minecraft.util.GsonHelper.m_13776_(GsonHelper.java:581) ~[server-1.20.1-20230612.114412-srg.jar%23420!/:?]
	at net.minecraft.server.packs.resources.SimpleJsonResourceReloadListener.m_278771_(SimpleJsonResourceReloadListener.java:41) ~[server-1.20.1-20230612.114412-srg.jar%23420!/:?]
	at net.minecraft.server.packs.resources.SimpleJsonResourceReloadListener.m_5944_(SimpleJsonResourceReloadListener.java:29) ~[server-1.20.1-20230612.114412-srg.jar%23420!/:?]
	at net.minecraft.server.packs.resources.SimpleJsonResourceReloadListener.m_5944_(SimpleJsonResourceReloadListener.java:17) ~[server-1.20.1-20230612.114412-srg.jar%23420!/:?]
	at net.minecraft.server.packs.resources.SimplePreparableReloadListener.m_10786_(SimplePreparableReloadListener.java:11) ~[server-1.20.1-20230612.114412-srg.jar%23420!/:?]
	at java.util.concurrent.CompletableFuture$AsyncSupply.run(CompletableFuture.java:1768) ~[?:?]
	at java.util.concurrent.CompletableFuture$AsyncSupply.exec(CompletableFuture.java:1760) ~[?:?]
	at java.util.concurrent.ForkJoinTask.doExec(ForkJoinTask.java:373) ~[?:?]
	at java.util.concurrent.ForkJoinPool$WorkQueue.topLevelExec(ForkJoinPool.java:1182) ~[?:?]
	at java.util.concurrent.ForkJoinPool.scan(ForkJoinPool.java:1655) ~[?:?]
	at java.util.concurrent.ForkJoinPool.runWorker(ForkJoinPool.java:1622) ~[?:?]
	at java.util.concurrent.ForkJoinWorkerThread.run(ForkJoinWorkerThread.java:165) ~[?:?]
Caused by: java.io.EOFException: End of input at line 1 column 1 path $
	at com.google.gson.stream.JsonReader.nextNonWhitespace(JsonReader.java:1455) ~[gson-2.10.jar%2372!/:?]
	at com.google.gson.stream.JsonReader.doPeek(JsonReader.java:558) ~[gson-2.10.jar%2372!/:?]
	at com.google.gson.stream.JsonReader.peek(JsonReader.java:433) ~[gson-2.10.jar%2372!/:?]
	at com.google.gson.internal.bind.TypeAdapters$28.read(TypeAdapters.java:769) ~[gson-2.10.jar%2372!/:?]
	at com.google.gson.internal.bind.TypeAdapters$28.read(TypeAdapters.java:725) ~[gson-2.10.jar%2372!/:?]
	at com.google.gson.internal.bind.TypeAdapters$34$1.read(TypeAdapters.java:1007) ~[gson-2.10.jar%2372!/:?]
	at net.minecraft.util.GsonHelper.m_13780_(GsonHelper.java:524) ~[server-1.20.1-20230612.114412-srg.jar%23420!/:?]
	... 13 more
[19Apr2026 02:22:05.068] [Worker-Main-3/ERROR] [net.minecraft.server.packs.resources.SimpleJsonResourceReloadListener/]: Couldn't parse data file irons_spellbooks:copper_spell_book from irons_spellbooks:recipes/copper_spell_book.json
com.google.gson.JsonParseException: java.io.EOFException: End of input at line 1 column 1 path $
	at net.minecraft.util.GsonHelper.m_13780_(GsonHelper.java:526) ~[server-1.20.1-20230612.114412-srg.jar%23420!/:?]
	at net.minecraft.util.GsonHelper.m_263475_(GsonHelper.java:531) ~[server-1.20.1-20230612.114412-srg.jar%23420!/:?]
	at net.minecraft.util.GsonHelper.m_13776_(GsonHelper.java:581) ~[server-1.20.1-20230612.114412-srg.jar%23420!/:?]
	at net.minecraft.server.packs.resources.SimpleJsonResourceReloadListener.m_278771_(SimpleJsonResourceReloadListener.java:41) ~[server-1.20.1-20230612.114412-srg.jar%23420!/:?]
	at net.minecraft.server.packs.resources.SimpleJsonResourceReloadListener.m_5944_(SimpleJsonResourceReloadListener.java:29) ~[server-1.20.1-20230612.114412-srg.jar%23420!/:?]
	at net.minecraft.server.packs.resources.SimpleJsonResourceReloadListener.m_5944_(SimpleJsonResourceReloadListener.java:17) ~[server-1.20.1-20230612.114412-srg.jar%23420!/:?]
	at net.minecraft.server.packs.resources.SimplePreparableReloadListener.m_10786_(SimplePreparableReloadListener.java:11) ~[server-1.20.1-20230612.114412-srg.jar%23420!/:?]
	at java.util.concurrent.CompletableFuture$AsyncSupply.run(CompletableFuture.java:1768) ~[?:?]
	at java.util.concurrent.CompletableFuture$AsyncSupply.exec(CompletableFuture.java:1760) ~[?:?]
	at java.util.concurrent.ForkJoinTask.doExec(ForkJoinTask.java:373) ~[?:?]
	at java.util.concurrent.ForkJoinPool$WorkQueue.topLevelExec(ForkJoinPool.java:1182) ~[?:?]
	at java.util.concurrent.ForkJoinPool.scan(ForkJoinPool.java:1655) ~[?:?]
	at java.util.concurrent.ForkJoinPool.runWorker(ForkJoinPool.java:1622) ~[?:?]
	at java.util.concurrent.ForkJoinWorkerThread.run(ForkJoinWorkerThread.java:165) ~[?:?]
Caused by: java.io.EOFException: End of input at line 1 column 1 path $
	at com.google.gson.stream.JsonReader.nextNonWhitespace(JsonReader.java:1455) ~[gson-2.10.jar%2372!/:?]
	at com.google.gson.stream.JsonReader.doPeek(JsonReader.java:558) ~[gson-2.10.jar%2372!/:?]
	at com.google.gson.stream.JsonReader.peek(JsonReader.java:433) ~[gson-2.10.jar%2372!/:?]
	at com.google.gson.internal.bind.TypeAdapters$28.read(TypeAdapters.java:769) ~[gson-2.10.jar%2372!/:?]
	at com.google.gson.internal.bind.TypeAdapters$28.read(TypeAdapters.java:725) ~[gson-2.10.jar%2372!/:?]
	at com.google.gson.internal.bind.TypeAdapters$34$1.read(TypeAdapters.java:1007) ~[gson-2.10.jar%2372!/:?]
	at net.minecraft.util.GsonHelper.m_13780_(GsonHelper.java:524) ~[server-1.20.1-20230612.114412-srg.jar%23420!/:?]
	... 13 more
[19Apr2026 02:22:05.070] [Worker-Main-3/ERROR] [net.minecraft.server.packs.resources.SimpleJsonResourceReloadListener/]: Couldn't parse data file cataclysm_spellbooks:coral_staff from cataclysm_spellbooks:recipes/coral_staff.json
com.google.gson.JsonParseException: java.io.EOFException: End of input at line 1 column 1 path $
	at net.minecraft.util.GsonHelper.m_13780_(GsonHelper.java:526) ~[server-1.20.1-20230612.114412-srg.jar%23420!/:?]
	at net.minecraft.util.GsonHelper.m_263475_(GsonHelper.java:531) ~[server-1.20.1-20230612.114412-srg.jar%23420!/:?]
	at net.minecraft.util.GsonHelper.m_13776_(GsonHelper.java:581) ~[server-1.20.1-20230612.114412-srg.jar%23420!/:?]
	at net.minecraft.server.packs.resources.SimpleJsonResourceReloadListener.m_278771_(SimpleJsonResourceReloadListener.java:41) ~[server-1.20.1-20230612.114412-srg.jar%23420!/:?]
	at net.minecraft.server.packs.resources.SimpleJsonResourceReloadListener.m_5944_(SimpleJsonResourceReloadListener.java:29) ~[server-1.20.1-20230612.114412-srg.jar%23420!/:?]
	at net.minecraft.server.packs.resources.SimpleJsonResourceReloadListener.m_5944_(SimpleJsonResourceReloadListener.java:17) ~[server-1.20.1-20230612.114412-srg.jar%23420!/:?]
	at net.minecraft.server.packs.resources.SimplePreparableReloadListener.m_10786_(SimplePreparableReloadListener.java:11) ~[server-1.20.1-20230612.114412-srg.jar%23420!/:?]
	at java.util.concurrent.CompletableFuture$AsyncSupply.run(CompletableFuture.java:1768) ~[?:?]
	at java.util.concurrent.CompletableFuture$AsyncSupply.exec(CompletableFuture.java:1760) ~[?:?]
	at java.util.concurrent.ForkJoinTask.doExec(ForkJoinTask.java:373) ~[?:?]
	at java.util.concurrent.ForkJoinPool$WorkQueue.topLevelExec(ForkJoinPool.java:1182) ~[?:?]
	at java.util.concurrent.ForkJoinPool.scan(ForkJoinPool.java:1655) ~[?:?]
	at java.util.concurrent.ForkJoinPool.runWorker(ForkJoinPool.java:1622) ~[?:?]
	at java.util.concurrent.ForkJoinWorkerThread.run(ForkJoinWorkerThread.java:165) ~[?:?]
Caused by: java.io.EOFException: End of input at line 1 column 1 path $
	at com.google.gson.stream.JsonReader.nextNonWhitespace(JsonReader.java:1455) ~[gson-2.10.jar%2372!/:?]
	at com.google.gson.stream.JsonReader.doPeek(JsonReader.java:558) ~[gson-2.10.jar%2372!/:?]
	at com.google.gson.stream.JsonReader.peek(JsonReader.java:433) ~[gson-2.10.jar%2372!/:?]
	at com.google.gson.internal.bind.TypeAdapters$28.read(TypeAdapters.java:769) ~[gson-2.10.jar%2372!/:?]
	at com.google.gson.internal.bind.TypeAdapters$28.read(TypeAdapters.java:725) ~[gson-2.10.jar%2372!/:?]
	at com.google.gson.internal.bind.TypeAdapters$34$1.read(TypeAdapters.java:1007) ~[gson-2.10.jar%2372!/:?]
	at net.minecraft.util.GsonHelper.m_13780_(GsonHelper.java:524) ~[server-1.20.1-20230612.114412-srg.jar%23420!/:?]
	... 13 more
[19Apr2026 02:22:05.075] [Worker-Main-3/ERROR] [net.minecraft.server.packs.resources.SimpleJsonResourceReloadListener/]: Couldn't parse data file efn:crescent_moon from efn:recipes/crescent_moon.json
com.google.gson.JsonParseException: java.io.EOFException: End of input at line 1 column 1 path $
	at net.minecraft.util.GsonHelper.m_13780_(GsonHelper.java:526) ~[server-1.20.1-20230612.114412-srg.jar%23420!/:?]
	at net.minecraft.util.GsonHelper.m_263475_(GsonHelper.java:531) ~[server-1.20.1-20230612.114412-srg.jar%23420!/:?]
	at net.minecraft.util.GsonHelper.m_13776_(GsonHelper.java:581) ~[server-1.20.1-20230612.114412-srg.jar%23420!/:?]
	at net.minecraft.server.packs.resources.SimpleJsonResourceReloadListener.m_278771_(SimpleJsonResourceReloadListener.java:41) ~[server-1.20.1-20230612.114412-srg.jar%23420!/:?]
	at net.minecraft.server.packs.resources.SimpleJsonResourceReloadListener.m_5944_(SimpleJsonResourceReloadListener.java:29) ~[server-1.20.1-20230612.114412-srg.jar%23420!/:?]
	at net.minecraft.server.packs.resources.SimpleJsonResourceReloadListener.m_5944_(SimpleJsonResourceReloadListener.java:17) ~[server-1.20.1-20230612.114412-srg.jar%23420!/:?]
	at net.minecraft.server.packs.resources.SimplePreparableReloadListener.m_10786_(SimplePreparableReloadListener.java:11) ~[server-1.20.1-20230612.114412-srg.jar%23420!/:?]
	at java.util.concurrent.CompletableFuture$AsyncSupply.run(CompletableFuture.java:1768) ~[?:?]
	at java.util.concurrent.CompletableFuture$AsyncSupply.exec(CompletableFuture.java:1760) ~[?:?]
	at java.util.concurrent.ForkJoinTask.doExec(ForkJoinTask.java:373) ~[?:?]
	at java.util.concurrent.ForkJoinPool$WorkQueue.topLevelExec(ForkJoinPool.java:1182) ~[?:?]
	at java.util.concurrent.ForkJoinPool.scan(ForkJoinPool.java:1655) ~[?:?]
	at java.util.concurrent.ForkJoinPool.runWorker(ForkJoinPool.java:1622) ~[?:?]
	at java.util.concurrent.ForkJoinWorkerThread.run(ForkJoinWorkerThread.java:165) ~[?:?]
Caused by: java.io.EOFException: End of input at line 1 column 1 path $
	at com.google.gson.stream.JsonReader.nextNonWhitespace(JsonReader.java:1455) ~[gson-2.10.jar%2372!/:?]
	at com.google.gson.stream.JsonReader.doPeek(JsonReader.java:558) ~[gson-2.10.jar%2372!/:?]
	at com.google.gson.stream.JsonReader.peek(JsonReader.java:433) ~[gson-2.10.jar%2372!/:?]
	at com.google.gson.internal.bind.TypeAdapters$28.read(TypeAdapters.java:769) ~[gson-2.10.jar%2372!/:?]
	at com.google.gson.internal.bind.TypeAdapters$28.read(TypeAdapters.java:725) ~[gson-2.10.jar%2372!/:?]
	at com.google.gson.internal.bind.TypeAdapters$34$1.read(TypeAdapters.java:1007) ~[gson-2.10.jar%2372!/:?]
	at net.minecraft.util.GsonHelper.m_13780_(GsonHelper.java:524) ~[server-1.20.1-20230612.114412-srg.jar%23420!/:?]
	... 13 more
[19Apr2026 02:22:05.077] [Worker-Main-3/ERROR] [net.minecraft.server.packs.resources.SimpleJsonResourceReloadListener/]: Couldn't parse data file efn:crimson_moon from efn:recipes/crimson_moon.json
com.google.gson.JsonParseException: java.io.EOFException: End of input at line 1 column 1 path $
	at net.minecraft.util.GsonHelper.m_13780_(GsonHelper.java:526) ~[server-1.20.1-20230612.114412-srg.jar%23420!/:?]
	at net.minecraft.util.GsonHelper.m_263475_(GsonHelper.java:531) ~[server-1.20.1-20230612.114412-srg.jar%23420!/:?]
	at net.minecraft.util.GsonHelper.m_13776_(GsonHelper.java:581) ~[server-1.20.1-20230612.114412-srg.jar%23420!/:?]
	at net.minecraft.server.packs.resources.SimpleJsonResourceReloadListener.m_278771_(SimpleJsonResourceReloadListener.java:41) ~[server-1.20.1-20230612.114412-srg.jar%23420!/:?]
	at net.minecraft.server.packs.resources.SimpleJsonResourceReloadListener.m_5944_(SimpleJsonResourceReloadListener.java:29) ~[server-1.20.1-20230612.114412-srg.jar%23420!/:?]
	at net.minecraft.server.packs.resources.SimpleJsonResourceReloadListener.m_5944_(SimpleJsonResourceReloadListener.java:17) ~[server-1.20.1-20230612.114412-srg.jar%23420!/:?]
	at net.minecraft.server.packs.resources.SimplePreparableReloadListener.m_10786_(SimplePreparableReloadListener.java:11) ~[server-1.20.1-20230612.114412-srg.jar%23420!/:?]
	at java.util.concurrent.CompletableFuture$AsyncSupply.run(CompletableFuture.java:1768) ~[?:?]
	at java.util.concurrent.CompletableFuture$AsyncSupply.exec(CompletableFuture.java:1760) ~[?:?]
	at java.util.concurrent.ForkJoinTask.doExec(ForkJoinTask.java:373) ~[?:?]
	at java.util.concurrent.ForkJoinPool$WorkQueue.topLevelExec(ForkJoinPool.java:1182) ~[?:?]
	at java.util.concurrent.ForkJoinPool.scan(ForkJoinPool.java:1655) ~[?:?]
	at java.util.concurrent.ForkJoinPool.runWorker(ForkJoinPool.java:1622) ~[?:?]
	at java.util.concurrent.ForkJoinWorkerThread.run(ForkJoinWorkerThread.java:165) ~[?:?]
Caused by: java.io.EOFException: End of input at line 1 column 1 path $
	at com.google.gson.stream.JsonReader.nextNonWhitespace(JsonReader.java:1455) ~[gson-2.10.jar%2372!/:?]
	at com.google.gson.stream.JsonReader.doPeek(JsonReader.java:558) ~[gson-2.10.jar%2372!/:?]
	at com.google.gson.stream.JsonReader.peek(JsonReader.java:433) ~[gson-2.10.jar%2372!/:?]
	at com.google.gson.internal.bind.TypeAdapters$28.read(TypeAdapters.java:769) ~[gson-2.10.jar%2372!/:?]
	at com.google.gson.internal.bind.TypeAdapters$28.read(TypeAdapters.java:725) ~[gson-2.10.jar%2372!/:?]
	at com.google.gson.internal.bind.TypeAdapters$34$1.read(TypeAdapters.java:1007) ~[gson-2.10.jar%2372!/:?]
	at net.minecraft.util.GsonHelper.m_13780_(GsonHelper.java:524) ~[server-1.20.1-20230612.114412-srg.jar%23420!/:?]
	... 13 more
[19Apr2026 02:22:05.080] [Worker-Main-3/ERROR] [net.minecraft.server.packs.resources.SimpleJsonResourceReloadListener/]: Couldn't parse data file fromtheshadows:crystallized_dagger from fromtheshadows:recipes/crystallized_dagger.json
com.google.gson.JsonParseException: java.io.EOFException: End of input at line 1 column 1 path $
	at net.minecraft.util.GsonHelper.m_13780_(GsonHelper.java:526) ~[server-1.20.1-20230612.114412-srg.jar%23420!/:?]
	at net.minecraft.util.GsonHelper.m_263475_(GsonHelper.java:531) ~[server-1.20.1-20230612.114412-srg.jar%23420!/:?]
	at net.minecraft.util.GsonHelper.m_13776_(GsonHelper.java:581) ~[server-1.20.1-20230612.114412-srg.jar%23420!/:?]
	at net.minecraft.server.packs.resources.SimpleJsonResourceReloadListener.m_278771_(SimpleJsonResourceReloadListener.java:41) ~[server-1.20.1-20230612.114412-srg.jar%23420!/:?]
	at net.minecraft.server.packs.resources.SimpleJsonResourceReloadListener.m_5944_(SimpleJsonResourceReloadListener.java:29) ~[server-1.20.1-20230612.114412-srg.jar%23420!/:?]
	at net.minecraft.server.packs.resources.SimpleJsonResourceReloadListener.m_5944_(SimpleJsonResourceReloadListener.java:17) ~[server-1.20.1-20230612.114412-srg.jar%23420!/:?]
	at net.minecraft.server.packs.resources.SimplePreparableReloadListener.m_10786_(SimplePreparableReloadListener.java:11) ~[server-1.20.1-20230612.114412-srg.jar%23420!/:?]
	at java.util.concurrent.CompletableFuture$AsyncSupply.run(CompletableFuture.java:1768) ~[?:?]
	at java.util.concurrent.CompletableFuture$AsyncSupply.exec(CompletableFuture.java:1760) ~[?:?]
	at java.util.concurrent.ForkJoinTask.doExec(ForkJoinTask.java:373) ~[?:?]
	at java.util.concurrent.ForkJoinPool$WorkQueue.topLevelExec(ForkJoinPool.java:1182) ~[?:?]
	at java.util.concurrent.ForkJoinPool.scan(ForkJoinPool.java:1655) ~[?:?]
	at java.util.concurrent.ForkJoinPool.runWorker(ForkJoinPool.java:1622) ~[?:?]
	at java.util.concurrent.ForkJoinWorkerThread.run(ForkJoinWorkerThread.java:165) ~[?:?]
Caused by: java.io.EOFException: End of input at line 1 column 1 path $
	at com.google.gson.stream.JsonReader.nextNonWhitespace(JsonReader.java:1455) ~[gson-2.10.jar%2372!/:?]
	at com.google.gson.stream.JsonReader.doPeek(JsonReader.java:558) ~[gson-2.10.jar%2372!/:?]
	at com.google.gson.stream.JsonReader.peek(JsonReader.java:433) ~[gson-2.10.jar%2372!/:?]
	at com.google.gson.internal.bind.TypeAdapters$28.read(TypeAdapters.java:769) ~[gson-2.10.jar%2372!/:?]
	at com.google.gson.internal.bind.TypeAdapters$28.read(TypeAdapters.java:725) ~[gson-2.10.jar%2372!/:?]
	at com.google.gson.internal.bind.TypeAdapters$34$1.read(TypeAdapters.java:1007) ~[gson-2.10.jar%2372!/:?]
	at net.minecraft.util.GsonHelper.m_13780_(GsonHelper.java:524) ~[server-1.20.1-20230612.114412-srg.jar%23420!/:?]
	... 13 more
[19Apr2026 02:22:05.083] [Worker-Main-3/ERROR] [net.minecraft.server.packs.resources.SimpleJsonResourceReloadListener/]: Couldn't parse data file cataclysm:cursed_bow from cataclysm:recipes/cursed_bow.json
com.google.gson.JsonParseException: java.io.EOFException: End of input at line 1 column 1 path $
	at net.minecraft.util.GsonHelper.m_13780_(GsonHelper.java:526) ~[server-1.20.1-20230612.114412-srg.jar%23420!/:?]
	at net.minecraft.util.GsonHelper.m_263475_(GsonHelper.java:531) ~[server-1.20.1-20230612.114412-srg.jar%23420!/:?]
	at net.minecraft.util.GsonHelper.m_13776_(GsonHelper.java:581) ~[server-1.20.1-20230612.114412-srg.jar%23420!/:?]
	at net.minecraft.server.packs.resources.SimpleJsonResourceReloadListener.m_278771_(SimpleJsonResourceReloadListener.java:41) ~[server-1.20.1-20230612.114412-srg.jar%23420!/:?]
	at net.minecraft.server.packs.resources.SimpleJsonResourceReloadListener.m_5944_(SimpleJsonResourceReloadListener.java:29) ~[server-1.20.1-20230612.114412-srg.jar%23420!/:?]
	at net.minecraft.server.packs.resources.SimpleJsonResourceReloadListener.m_5944_(SimpleJsonResourceReloadListener.java:17) ~[server-1.20.1-20230612.114412-srg.jar%23420!/:?]
	at net.minecraft.server.packs.resources.SimplePreparableReloadListener.m_10786_(SimplePreparableReloadListener.java:11) ~[server-1.20.1-20230612.114412-srg.jar%23420!/:?]
	at java.util.concurrent.CompletableFuture$AsyncSupply.run(CompletableFuture.java:1768) ~[?:?]
	at java.util.concurrent.CompletableFuture$AsyncSupply.exec(CompletableFuture.java:1760) ~[?:?]
	at java.util.concurrent.ForkJoinTask.doExec(ForkJoinTask.java:373) ~[?:?]
	at java.util.concurrent.ForkJoinPool$WorkQueue.topLevelExec(ForkJoinPool.java:1182) ~[?:?]
	at java.util.concurrent.ForkJoinPool.scan(ForkJoinPool.java:1655) ~[?:?]
	at java.util.concurrent.ForkJoinPool.runWorker(ForkJoinPool.java:1622) ~[?:?]
	at java.util.concurrent.ForkJoinWorkerThread.run(ForkJoinWorkerThread.java:165) ~[?:?]
Caused by: java.io.EOFException: End of input at line 1 column 1 path $
	at com.google.gson.stream.JsonReader.nextNonWhitespace(JsonReader.java:1455) ~[gson-2.10.jar%2372!/:?]
	at com.google.gson.stream.JsonReader.doPeek(JsonReader.java:558) ~[gson-2.10.jar%2372!/:?]
	at com.google.gson.stream.JsonReader.peek(JsonReader.java:433) ~[gson-2.10.jar%2372!/:?]
	at com.google.gson.internal.bind.TypeAdapters$28.read(TypeAdapters.java:769) ~[gson-2.10.jar%2372!/:?]
	at com.google.gson.internal.bind.TypeAdapters$28.read(TypeAdapters.java:725) ~[gson-2.10.jar%2372!/:?]
	at com.google.gson.internal.bind.TypeAdapters$34$1.read(TypeAdapters.java:1007) ~[gson-2.10.jar%2372!/:?]
	at net.minecraft.util.GsonHelper.m_13780_(GsonHelper.java:524) ~[server-1.20.1-20230612.114412-srg.jar%23420!/:?]
	... 13 more
[19Apr2026 02:22:05.085] [Worker-Main-3/ERROR] [net.minecraft.server.packs.resources.SimpleJsonResourceReloadListener/]: Couldn't parse data file irons_spellbooks:cursed_doll_spell_book from irons_spellbooks:recipes/cursed_doll_spell_book.json
com.google.gson.JsonParseException: java.io.EOFException: End of input at line 1 column 1 path $
	at net.minecraft.util.GsonHelper.m_13780_(GsonHelper.java:526) ~[server-1.20.1-20230612.114412-srg.jar%23420!/:?]
	at net.minecraft.util.GsonHelper.m_263475_(GsonHelper.java:531) ~[server-1.20.1-20230612.114412-srg.jar%23420!/:?]
	at net.minecraft.util.GsonHelper.m_13776_(GsonHelper.java:581) ~[server-1.20.1-20230612.114412-srg.jar%23420!/:?]
	at net.minecraft.server.packs.resources.SimpleJsonResourceReloadListener.m_278771_(SimpleJsonResourceReloadListener.java:41) ~[server-1.20.1-20230612.114412-srg.jar%23420!/:?]
	at net.minecraft.server.packs.resources.SimpleJsonResourceReloadListener.m_5944_(SimpleJsonResourceReloadListener.java:29) ~[server-1.20.1-20230612.114412-srg.jar%23420!/:?]
	at net.minecraft.server.packs.resources.SimpleJsonResourceReloadListener.m_5944_(SimpleJsonResourceReloadListener.java:17) ~[server-1.20.1-20230612.114412-srg.jar%23420!/:?]
	at net.minecraft.server.packs.resources.SimplePreparableReloadListener.m_10786_(SimplePreparableReloadListener.java:11) ~[server-1.20.1-20230612.114412-srg.jar%23420!/:?]
	at java.util.concurrent.CompletableFuture$AsyncSupply.run(CompletableFuture.java:1768) ~[?:?]
	at java.util.concurrent.CompletableFuture$AsyncSupply.exec(CompletableFuture.java:1760) ~[?:?]
	at java.util.concurrent.ForkJoinTask.doExec(ForkJoinTask.java:373) ~[?:?]
	at java.util.concurrent.ForkJoinPool$WorkQueue.topLevelExec(ForkJoinPool.java:1182) ~[?:?]
	at java.util.concurrent.ForkJoinPool.scan(ForkJoinPool.java:1655) ~[?:?]
	at java.util.concurrent.ForkJoinPool.runWorker(ForkJoinPool.java:1622) ~[?:?]
	at java.util.concurrent.ForkJoinWorkerThread.run(ForkJoinWorkerThread.java:165) ~[?:?]
Caused by: java.io.EOFException: End of input at line 1 column 1 path $
	at com.google.gson.stream.JsonReader.nextNonWhitespace(JsonReader.java:1455) ~[gson-2.10.jar%2372!/:?]
	at com.google.gson.stream.JsonReader.doPeek(JsonReader.java:558) ~[gson-2.10.jar%2372!/:?]
	at com.google.gson.stream.JsonReader.peek(JsonReader.java:433) ~[gson-2.10.jar%2372!/:?]
	at com.google.gson.internal.bind.TypeAdapters$28.read(TypeAdapters.java:769) ~[gson-2.10.jar%2372!/:?]
	at com.google.gson.internal.bind.TypeAdapters$28.read(TypeAdapters.java:725) ~[gson-2.10.jar%2372!/:?]
	at com.google.gson.internal.bind.TypeAdapters$34$1.read(TypeAdapters.java:1007) ~[gson-2.10.jar%2372!/:?]
	at net.minecraft.util.GsonHelper.m_13780_(GsonHelper.java:524) ~[server-1.20.1-20230612.114412-srg.jar%23420!/:?]
	... 13 more
[19Apr2026 02:22:05.092] [Worker-Main-3/ERROR] [net.minecraft.server.packs.resources.SimpleJsonResourceReloadListener/]: Couldn't parse data file irons_spellbooks:decrepit_scythe_repair from irons_spellbooks:recipes/decrepit_scythe_repair.json
com.google.gson.JsonParseException: java.io.EOFException: End of input at line 1 column 1 path $
	at net.minecraft.util.GsonHelper.m_13780_(GsonHelper.java:526) ~[server-1.20.1-20230612.114412-srg.jar%23420!/:?]
	at net.minecraft.util.GsonHelper.m_263475_(GsonHelper.java:531) ~[server-1.20.1-20230612.114412-srg.jar%23420!/:?]
	at net.minecraft.util.GsonHelper.m_13776_(GsonHelper.java:581) ~[server-1.20.1-20230612.114412-srg.jar%23420!/:?]
	at net.minecraft.server.packs.resources.SimpleJsonResourceReloadListener.m_278771_(SimpleJsonResourceReloadListener.java:41) ~[server-1.20.1-20230612.114412-srg.jar%23420!/:?]
	at net.minecraft.server.packs.resources.SimpleJsonResourceReloadListener.m_5944_(SimpleJsonResourceReloadListener.java:29) ~[server-1.20.1-20230612.114412-srg.jar%23420!/:?]
	at net.minecraft.server.packs.resources.SimpleJsonResourceReloadListener.m_5944_(SimpleJsonResourceReloadListener.java:17) ~[server-1.20.1-20230612.114412-srg.jar%23420!/:?]
	at net.minecraft.server.packs.resources.SimplePreparableReloadListener.m_10786_(SimplePreparableReloadListener.java:11) ~[server-1.20.1-20230612.114412-srg.jar%23420!/:?]
	at java.util.concurrent.CompletableFuture$AsyncSupply.run(CompletableFuture.java:1768) ~[?:?]
	at java.util.concurrent.CompletableFuture$AsyncSupply.exec(CompletableFuture.java:1760) ~[?:?]
	at java.util.concurrent.ForkJoinTask.doExec(ForkJoinTask.java:373) ~[?:?]
	at java.util.concurrent.ForkJoinPool$WorkQueue.topLevelExec(ForkJoinPool.java:1182) ~[?:?]
	at java.util.concurrent.ForkJoinPool.scan(ForkJoinPool.java:1655) ~[?:?]
	at java.util.concurrent.ForkJoinPool.runWorker(ForkJoinPool.java:1622) ~[?:?]
	at java.util.concurrent.ForkJoinWorkerThread.run(ForkJoinWorkerThread.java:165) ~[?:?]
Caused by: java.io.EOFException: End of input at line 1 column 1 path $
	at com.google.gson.stream.JsonReader.nextNonWhitespace(JsonReader.java:1455) ~[gson-2.10.jar%2372!/:?]
	at com.google.gson.stream.JsonReader.doPeek(JsonReader.java:558) ~[gson-2.10.jar%2372!/:?]
	at com.google.gson.stream.JsonReader.peek(JsonReader.java:433) ~[gson-2.10.jar%2372!/:?]
	at com.google.gson.internal.bind.TypeAdapters$28.read(TypeAdapters.java:769) ~[gson-2.10.jar%2372!/:?]
	at com.google.gson.internal.bind.TypeAdapters$28.read(TypeAdapters.java:725) ~[gson-2.10.jar%2372!/:?]
	at com.google.gson.internal.bind.TypeAdapters$34$1.read(TypeAdapters.java:1007) ~[gson-2.10.jar%2372!/:?]
	at net.minecraft.util.GsonHelper.m_13780_(GsonHelper.java:524) ~[server-1.20.1-20230612.114412-srg.jar%23420!/:?]
	... 13 more
[19Apr2026 02:22:05.095] [Worker-Main-3/ERROR] [net.minecraft.server.packs.resources.SimpleJsonResourceReloadListener/]: Couldn't parse data file fromtheshadows:devil_splitter from fromtheshadows:recipes/devil_splitter.json
com.google.gson.JsonParseException: java.io.EOFException: End of input at line 1 column 1 path $
	at net.minecraft.util.GsonHelper.m_13780_(GsonHelper.java:526) ~[server-1.20.1-20230612.114412-srg.jar%23420!/:?]
	at net.minecraft.util.GsonHelper.m_263475_(GsonHelper.java:531) ~[server-1.20.1-20230612.114412-srg.jar%23420!/:?]
	at net.minecraft.util.GsonHelper.m_13776_(GsonHelper.java:581) ~[server-1.20.1-20230612.114412-srg.jar%23420!/:?]
	at net.minecraft.server.packs.resources.SimpleJsonResourceReloadListener.m_278771_(SimpleJsonResourceReloadListener.java:41) ~[server-1.20.1-20230612.114412-srg.jar%23420!/:?]
	at net.minecraft.server.packs.resources.SimpleJsonResourceReloadListener.m_5944_(SimpleJsonResourceReloadListener.java:29) ~[server-1.20.1-20230612.114412-srg.jar%23420!/:?]
	at net.minecraft.server.packs.resources.SimpleJsonResourceReloadListener.m_5944_(SimpleJsonResourceReloadListener.java:17) ~[server-1.20.1-20230612.114412-srg.jar%23420!/:?]
	at net.minecraft.server.packs.resources.SimplePreparableReloadListener.m_10786_(SimplePreparableReloadListener.java:11) ~[server-1.20.1-20230612.114412-srg.jar%23420!/:?]
	at java.util.concurrent.CompletableFuture$AsyncSupply.run(CompletableFuture.java:1768) ~[?:?]
	at java.util.concurrent.CompletableFuture$AsyncSupply.exec(CompletableFuture.java:1760) ~[?:?]
	at java.util.concurrent.ForkJoinTask.doExec(ForkJoinTask.java:373) ~[?:?]
	at java.util.concurrent.ForkJoinPool$WorkQueue.topLevelExec(ForkJoinPool.java:1182) ~[?:?]
	at java.util.concurrent.ForkJoinPool.scan(ForkJoinPool.java:1655) ~[?:?]
	at java.util.concurrent.ForkJoinPool.runWorker(ForkJoinPool.java:1622) ~[?:?]
	at java.util.concurrent.ForkJoinWorkerThread.run(ForkJoinWorkerThread.java:165) ~[?:?]
Caused by: java.io.EOFException: End of input at line 1 column 1 path $
	at com.google.gson.stream.JsonReader.nextNonWhitespace(JsonReader.java:1455) ~[gson-2.10.jar%2372!/:?]
	at com.google.gson.stream.JsonReader.doPeek(JsonReader.java:558) ~[gson-2.10.jar%2372!/:?]
	at com.google.gson.stream.JsonReader.peek(JsonReader.java:433) ~[gson-2.10.jar%2372!/:?]
	at com.google.gson.internal.bind.TypeAdapters$28.read(TypeAdapters.java:769) ~[gson-2.10.jar%2372!/:?]
	at com.google.gson.internal.bind.TypeAdapters$28.read(TypeAdapters.java:725) ~[gson-2.10.jar%2372!/:?]
	at com.google.gson.internal.bind.TypeAdapters$34$1.read(TypeAdapters.java:1007) ~[gson-2.10.jar%2372!/:?]
	at net.minecraft.util.GsonHelper.m_13780_(GsonHelper.java:524) ~[server-1.20.1-20230612.114412-srg.jar%23420!/:?]
	... 13 more
[19Apr2026 02:22:05.099] [Worker-Main-3/ERROR] [net.minecraft.server.packs.resources.SimpleJsonResourceReloadListener/]: Couldn't parse data file irons_spellbooks:diamond_spell_book from irons_spellbooks:recipes/diamond_spell_book.json
com.google.gson.JsonParseException: java.io.EOFException: End of input at line 1 column 1 path $
	at net.minecraft.util.GsonHelper.m_13780_(GsonHelper.java:526) ~[server-1.20.1-20230612.114412-srg.jar%23420!/:?]
	at net.minecraft.util.GsonHelper.m_263475_(GsonHelper.java:531) ~[server-1.20.1-20230612.114412-srg.jar%23420!/:?]
	at net.minecraft.util.GsonHelper.m_13776_(GsonHelper.java:581) ~[server-1.20.1-20230612.114412-srg.jar%23420!/:?]
	at net.minecraft.server.packs.resources.SimpleJsonResourceReloadListener.m_278771_(SimpleJsonResourceReloadListener.java:41) ~[server-1.20.1-20230612.114412-srg.jar%23420!/:?]
	at net.minecraft.server.packs.resources.SimpleJsonResourceReloadListener.m_5944_(SimpleJsonResourceReloadListener.java:29) ~[server-1.20.1-20230612.114412-srg.jar%23420!/:?]
	at net.minecraft.server.packs.resources.SimpleJsonResourceReloadListener.m_5944_(SimpleJsonResourceReloadListener.java:17) ~[server-1.20.1-20230612.114412-srg.jar%23420!/:?]
	at net.minecraft.server.packs.resources.SimplePreparableReloadListener.m_10786_(SimplePreparableReloadListener.java:11) ~[server-1.20.1-20230612.114412-srg.jar%23420!/:?]
	at java.util.concurrent.CompletableFuture$AsyncSupply.run(CompletableFuture.java:1768) ~[?:?]
	at java.util.concurrent.CompletableFuture$AsyncSupply.exec(CompletableFuture.java:1760) ~[?:?]
	at java.util.concurrent.ForkJoinTask.doExec(ForkJoinTask.java:373) ~[?:?]
	at java.util.concurrent.ForkJoinPool$WorkQueue.topLevelExec(ForkJoinPool.java:1182) ~[?:?]
	at java.util.concurrent.ForkJoinPool.scan(ForkJoinPool.java:1655) ~[?:?]
	at java.util.concurrent.ForkJoinPool.runWorker(ForkJoinPool.java:1622) ~[?:?]
	at java.util.concurrent.ForkJoinWorkerThread.run(ForkJoinWorkerThread.java:165) ~[?:?]
Caused by: java.io.EOFException: End of input at line 1 column 1 path $
	at com.google.gson.stream.JsonReader.nextNonWhitespace(JsonReader.java:1455) ~[gson-2.10.jar%2372!/:?]
	at com.google.gson.stream.JsonReader.doPeek(JsonReader.java:558) ~[gson-2.10.jar%2372!/:?]
	at com.google.gson.stream.JsonReader.peek(JsonReader.java:433) ~[gson-2.10.jar%2372!/:?]
	at com.google.gson.internal.bind.TypeAdapters$28.read(TypeAdapters.java:769) ~[gson-2.10.jar%2372!/:?]
	at com.google.gson.internal.bind.TypeAdapters$28.read(TypeAdapters.java:725) ~[gson-2.10.jar%2372!/:?]
	at com.google.gson.internal.bind.TypeAdapters$34$1.read(TypeAdapters.java:1007) ~[gson-2.10.jar%2372!/:?]
	at net.minecraft.util.GsonHelper.m_13780_(GsonHelper.java:524) ~[server-1.20.1-20230612.114412-srg.jar%23420!/:?]
	... 13 more
[19Apr2026 02:22:05.105] [Worker-Main-3/ERROR] [net.minecraft.server.packs.resources.SimpleJsonResourceReloadListener/]: Couldn't parse data file irons_spellbooks:dragonskin_spell_book from irons_spellbooks:recipes/dragonskin_spell_book.json
com.google.gson.JsonParseException: java.io.EOFException: End of input at line 1 column 1 path $
	at net.minecraft.util.GsonHelper.m_13780_(GsonHelper.java:526) ~[server-1.20.1-20230612.114412-srg.jar%23420!/:?]
	at net.minecraft.util.GsonHelper.m_263475_(GsonHelper.java:531) ~[server-1.20.1-20230612.114412-srg.jar%23420!/:?]
	at net.minecraft.util.GsonHelper.m_13776_(GsonHelper.java:581) ~[server-1.20.1-20230612.114412-srg.jar%23420!/:?]
	at net.minecraft.server.packs.resources.SimpleJsonResourceReloadListener.m_278771_(SimpleJsonResourceReloadListener.java:41) ~[server-1.20.1-20230612.114412-srg.jar%23420!/:?]
	at net.minecraft.server.packs.resources.SimpleJsonResourceReloadListener.m_5944_(SimpleJsonResourceReloadListener.java:29) ~[server-1.20.1-20230612.114412-srg.jar%23420!/:?]
	at net.minecraft.server.packs.resources.SimpleJsonResourceReloadListener.m_5944_(SimpleJsonResourceReloadListener.java:17) ~[server-1.20.1-20230612.114412-srg.jar%23420!/:?]
	at net.minecraft.server.packs.resources.SimplePreparableReloadListener.m_10786_(SimplePreparableReloadListener.java:11) ~[server-1.20.1-20230612.114412-srg.jar%23420!/:?]
	at java.util.concurrent.CompletableFuture$AsyncSupply.run(CompletableFuture.java:1768) ~[?:?]
	at java.util.concurrent.CompletableFuture$AsyncSupply.exec(CompletableFuture.java:1760) ~[?:?]
	at java.util.concurrent.ForkJoinTask.doExec(ForkJoinTask.java:373) ~[?:?]
	at java.util.concurrent.ForkJoinPool$WorkQueue.topLevelExec(ForkJoinPool.java:1182) ~[?:?]
	at java.util.concurrent.ForkJoinPool.scan(ForkJoinPool.java:1655) ~[?:?]
	at java.util.concurrent.ForkJoinPool.runWorker(ForkJoinPool.java:1622) ~[?:?]
	at java.util.concurrent.ForkJoinWorkerThread.run(ForkJoinWorkerThread.java:165) ~[?:?]
Caused by: java.io.EOFException: End of input at line 1 column 1 path $
	at com.google.gson.stream.JsonReader.nextNonWhitespace(JsonReader.java:1455) ~[gson-2.10.jar%2372!/:?]
	at com.google.gson.stream.JsonReader.doPeek(JsonReader.java:558) ~[gson-2.10.jar%2372!/:?]
	at com.google.gson.stream.JsonReader.peek(JsonReader.java:433) ~[gson-2.10.jar%2372!/:?]
	at com.google.gson.internal.bind.TypeAdapters$28.read(TypeAdapters.java:769) ~[gson-2.10.jar%2372!/:?]
	at com.google.gson.internal.bind.TypeAdapters$28.read(TypeAdapters.java:725) ~[gson-2.10.jar%2372!/:?]
	at com.google.gson.internal.bind.TypeAdapters$34$1.read(TypeAdapters.java:1007) ~[gson-2.10.jar%2372!/:?]
	at net.minecraft.util.GsonHelper.m_13780_(GsonHelper.java:524) ~[server-1.20.1-20230612.114412-srg.jar%23420!/:?]
	... 13 more
[19Apr2026 02:22:05.106] [Worker-Main-3/ERROR] [net.minecraft.server.packs.resources.SimpleJsonResourceReloadListener/]: Couldn't parse data file irons_spellbooks:druidic_spell_book from irons_spellbooks:recipes/druidic_spell_book.json
com.google.gson.JsonParseException: java.io.EOFException: End of input at line 1 column 1 path $
	at net.minecraft.util.GsonHelper.m_13780_(GsonHelper.java:526) ~[server-1.20.1-20230612.114412-srg.jar%23420!/:?]
	at net.minecraft.util.GsonHelper.m_263475_(GsonHelper.java:531) ~[server-1.20.1-20230612.114412-srg.jar%23420!/:?]
	at net.minecraft.util.GsonHelper.m_13776_(GsonHelper.java:581) ~[server-1.20.1-20230612.114412-srg.jar%23420!/:?]
	at net.minecraft.server.packs.resources.SimpleJsonResourceReloadListener.m_278771_(SimpleJsonResourceReloadListener.java:41) ~[server-1.20.1-20230612.114412-srg.jar%23420!/:?]
	at net.minecraft.server.packs.resources.SimpleJsonResourceReloadListener.m_5944_(SimpleJsonResourceReloadListener.java:29) ~[server-1.20.1-20230612.114412-srg.jar%23420!/:?]
	at net.minecraft.server.packs.resources.SimpleJsonResourceReloadListener.m_5944_(SimpleJsonResourceReloadListener.java:17) ~[server-1.20.1-20230612.114412-srg.jar%23420!/:?]
	at net.minecraft.server.packs.resources.SimplePreparableReloadListener.m_10786_(SimplePreparableReloadListener.java:11) ~[server-1.20.1-20230612.114412-srg.jar%23420!/:?]
	at java.util.concurrent.CompletableFuture$AsyncSupply.run(CompletableFuture.java:1768) ~[?:?]
	at java.util.concurrent.CompletableFuture$AsyncSupply.exec(CompletableFuture.java:1760) ~[?:?]
	at java.util.concurrent.ForkJoinTask.doExec(ForkJoinTask.java:373) ~[?:?]
	at java.util.concurrent.ForkJoinPool$WorkQueue.topLevelExec(ForkJoinPool.java:1182) ~[?:?]
	at java.util.concurrent.ForkJoinPool.scan(ForkJoinPool.java:1655) ~[?:?]
	at java.util.concurrent.ForkJoinPool.runWorker(ForkJoinPool.java:1622) ~[?:?]
	at java.util.concurrent.ForkJoinWorkerThread.run(ForkJoinWorkerThread.java:165) ~[?:?]
Caused by: java.io.EOFException: End of input at line 1 column 1 path $
	at com.google.gson.stream.JsonReader.nextNonWhitespace(JsonReader.java:1455) ~[gson-2.10.jar%2372!/:?]
	at com.google.gson.stream.JsonReader.doPeek(JsonReader.java:558) ~[gson-2.10.jar%2372!/:?]
	at com.google.gson.stream.JsonReader.peek(JsonReader.java:433) ~[gson-2.10.jar%2372!/:?]
	at com.google.gson.internal.bind.TypeAdapters$28.read(TypeAdapters.java:769) ~[gson-2.10.jar%2372!/:?]
	at com.google.gson.internal.bind.TypeAdapters$28.read(TypeAdapters.java:725) ~[gson-2.10.jar%2372!/:?]
	at com.google.gson.internal.bind.TypeAdapters$34$1.read(TypeAdapters.java:1007) ~[gson-2.10.jar%2372!/:?]
	at net.minecraft.util.GsonHelper.m_13780_(GsonHelper.java:524) ~[server-1.20.1-20230612.114412-srg.jar%23420!/:?]
	... 13 more
[19Apr2026 02:22:05.107] [Worker-Main-3/ERROR] [net.minecraft.server.packs.resources.SimpleJsonResourceReloadListener/]: Couldn't parse data file efn:duskfire_boots from efn:recipes/duskfire_boots.json
com.google.gson.JsonParseException: java.io.EOFException: End of input at line 1 column 1 path $
	at net.minecraft.util.GsonHelper.m_13780_(GsonHelper.java:526) ~[server-1.20.1-20230612.114412-srg.jar%23420!/:?]
	at net.minecraft.util.GsonHelper.m_263475_(GsonHelper.java:531) ~[server-1.20.1-20230612.114412-srg.jar%23420!/:?]
	at net.minecraft.util.GsonHelper.m_13776_(GsonHelper.java:581) ~[server-1.20.1-20230612.114412-srg.jar%23420!/:?]
	at net.minecraft.server.packs.resources.SimpleJsonResourceReloadListener.m_278771_(SimpleJsonResourceReloadListener.java:41) ~[server-1.20.1-20230612.114412-srg.jar%23420!/:?]
	at net.minecraft.server.packs.resources.SimpleJsonResourceReloadListener.m_5944_(SimpleJsonResourceReloadListener.java:29) ~[server-1.20.1-20230612.114412-srg.jar%23420!/:?]
	at net.minecraft.server.packs.resources.SimpleJsonResourceReloadListener.m_5944_(SimpleJsonResourceReloadListener.java:17) ~[server-1.20.1-20230612.114412-srg.jar%23420!/:?]
	at net.minecraft.server.packs.resources.SimplePreparableReloadListener.m_10786_(SimplePreparableReloadListener.java:11) ~[server-1.20.1-20230612.114412-srg.jar%23420!/:?]
	at java.util.concurrent.CompletableFuture$AsyncSupply.run(CompletableFuture.java:1768) ~[?:?]
	at java.util.concurrent.CompletableFuture$AsyncSupply.exec(CompletableFuture.java:1760) ~[?:?]
	at java.util.concurrent.ForkJoinTask.doExec(ForkJoinTask.java:373) ~[?:?]
	at java.util.concurrent.ForkJoinPool$WorkQueue.topLevelExec(ForkJoinPool.java:1182) ~[?:?]
	at java.util.concurrent.ForkJoinPool.scan(ForkJoinPool.java:1655) ~[?:?]
	at java.util.concurrent.ForkJoinPool.runWorker(ForkJoinPool.java:1622) ~[?:?]
	at java.util.concurrent.ForkJoinWorkerThread.run(ForkJoinWorkerThread.java:165) ~[?:?]
Caused by: java.io.EOFException: End of input at line 1 column 1 path $
	at com.google.gson.stream.JsonReader.nextNonWhitespace(JsonReader.java:1455) ~[gson-2.10.jar%2372!/:?]
	at com.google.gson.stream.JsonReader.doPeek(JsonReader.java:558) ~[gson-2.10.jar%2372!/:?]
	at com.google.gson.stream.JsonReader.peek(JsonReader.java:433) ~[gson-2.10.jar%2372!/:?]
	at com.google.gson.internal.bind.TypeAdapters$28.read(TypeAdapters.java:769) ~[gson-2.10.jar%2372!/:?]
	at com.google.gson.internal.bind.TypeAdapters$28.read(TypeAdapters.java:725) ~[gson-2.10.jar%2372!/:?]
	at com.google.gson.internal.bind.TypeAdapters$34$1.read(TypeAdapters.java:1007) ~[gson-2.10.jar%2372!/:?]
	at net.minecraft.util.GsonHelper.m_13780_(GsonHelper.java:524) ~[server-1.20.1-20230612.114412-srg.jar%23420!/:?]
	... 13 more
[19Apr2026 02:22:05.109] [Worker-Main-3/ERROR] [net.minecraft.server.packs.resources.SimpleJsonResourceReloadListener/]: Couldn't parse data file efn:duskfire_chestplate from efn:recipes/duskfire_chestplate.json
com.google.gson.JsonParseException: java.io.EOFException: End of input at line 1 column 1 path $
	at net.minecraft.util.GsonHelper.m_13780_(GsonHelper.java:526) ~[server-1.20.1-20230612.114412-srg.jar%23420!/:?]
	at net.minecraft.util.GsonHelper.m_263475_(GsonHelper.java:531) ~[server-1.20.1-20230612.114412-srg.jar%23420!/:?]
	at net.minecraft.util.GsonHelper.m_13776_(GsonHelper.java:581) ~[server-1.20.1-20230612.114412-srg.jar%23420!/:?]
	at net.minecraft.server.packs.resources.SimpleJsonResourceReloadListener.m_278771_(SimpleJsonResourceReloadListener.java:41) ~[server-1.20.1-20230612.114412-srg.jar%23420!/:?]
	at net.minecraft.server.packs.resources.SimpleJsonResourceReloadListener.m_5944_(SimpleJsonResourceReloadListener.java:29) ~[server-1.20.1-20230612.114412-srg.jar%23420!/:?]
	at net.minecraft.server.packs.resources.SimpleJsonResourceReloadListener.m_5944_(SimpleJsonResourceReloadListener.java:17) ~[server-1.20.1-20230612.114412-srg.jar%23420!/:?]
	at net.minecraft.server.packs.resources.SimplePreparableReloadListener.m_10786_(SimplePreparableReloadListener.java:11) ~[server-1.20.1-20230612.114412-srg.jar%23420!/:?]
	at java.util.concurrent.CompletableFuture$AsyncSupply.run(CompletableFuture.java:1768) ~[?:?]
	at java.util.concurrent.CompletableFuture$AsyncSupply.exec(CompletableFuture.java:1760) ~[?:?]
	at java.util.concurrent.ForkJoinTask.doExec(ForkJoinTask.java:373) ~[?:?]
	at java.util.concurrent.ForkJoinPool$WorkQueue.topLevelExec(ForkJoinPool.java:1182) ~[?:?]
	at java.util.concurrent.ForkJoinPool.scan(ForkJoinPool.java:1655) ~[?:?]
	at java.util.concurrent.ForkJoinPool.runWorker(ForkJoinPool.java:1622) ~[?:?]
	at java.util.concurrent.ForkJoinWorkerThread.run(ForkJoinWorkerThread.java:165) ~[?:?]
Caused by: java.io.EOFException: End of input at line 1 column 1 path $
	at com.google.gson.stream.JsonReader.nextNonWhitespace(JsonReader.java:1455) ~[gson-2.10.jar%2372!/:?]
	at com.google.gson.stream.JsonReader.doPeek(JsonReader.java:558) ~[gson-2.10.jar%2372!/:?]
	at com.google.gson.stream.JsonReader.peek(JsonReader.java:433) ~[gson-2.10.jar%2372!/:?]
	at com.google.gson.internal.bind.TypeAdapters$28.read(TypeAdapters.java:769) ~[gson-2.10.jar%2372!/:?]
	at com.google.gson.internal.bind.TypeAdapters$28.read(TypeAdapters.java:725) ~[gson-2.10.jar%2372!/:?]
	at com.google.gson.internal.bind.TypeAdapters$34$1.read(TypeAdapters.java:1007) ~[gson-2.10.jar%2372!/:?]
	at net.minecraft.util.GsonHelper.m_13780_(GsonHelper.java:524) ~[server-1.20.1-20230612.114412-srg.jar%23420!/:?]
	... 13 more
[19Apr2026 02:22:05.111] [Worker-Main-3/ERROR] [net.minecraft.server.packs.resources.SimpleJsonResourceReloadListener/]: Couldn't parse data file efn:duskfire_helmet from efn:recipes/duskfire_helmet.json
com.google.gson.JsonParseException: java.io.EOFException: End of input at line 1 column 1 path $
	at net.minecraft.util.GsonHelper.m_13780_(GsonHelper.java:526) ~[server-1.20.1-20230612.114412-srg.jar%23420!/:?]
	at net.minecraft.util.GsonHelper.m_263475_(GsonHelper.java:531) ~[server-1.20.1-20230612.114412-srg.jar%23420!/:?]
	at net.minecraft.util.GsonHelper.m_13776_(GsonHelper.java:581) ~[server-1.20.1-20230612.114412-srg.jar%23420!/:?]
	at net.minecraft.server.packs.resources.SimpleJsonResourceReloadListener.m_278771_(SimpleJsonResourceReloadListener.java:41) ~[server-1.20.1-20230612.114412-srg.jar%23420!/:?]
	at net.minecraft.server.packs.resources.SimpleJsonResourceReloadListener.m_5944_(SimpleJsonResourceReloadListener.java:29) ~[server-1.20.1-20230612.114412-srg.jar%23420!/:?]
	at net.minecraft.server.packs.resources.SimpleJsonResourceReloadListener.m_5944_(SimpleJsonResourceReloadListener.java:17) ~[server-1.20.1-20230612.114412-srg.jar%23420!/:?]
	at net.minecraft.server.packs.resources.SimplePreparableReloadListener.m_10786_(SimplePreparableReloadListener.java:11) ~[server-1.20.1-20230612.114412-srg.jar%23420!/:?]
	at java.util.concurrent.CompletableFuture$AsyncSupply.run(CompletableFuture.java:1768) ~[?:?]
	at java.util.concurrent.CompletableFuture$AsyncSupply.exec(CompletableFuture.java:1760) ~[?:?]
	at java.util.concurrent.ForkJoinTask.doExec(ForkJoinTask.java:373) ~[?:?]
	at java.util.concurrent.ForkJoinPool$WorkQueue.topLevelExec(ForkJoinPool.java:1182) ~[?:?]
	at java.util.concurrent.ForkJoinPool.scan(ForkJoinPool.java:1655) ~[?:?]
	at java.util.concurrent.ForkJoinPool.runWorker(ForkJoinPool.java:1622) ~[?:?]
	at java.util.concurrent.ForkJoinWorkerThread.run(ForkJoinWorkerThread.java:165) ~[?:?]
Caused by: java.io.EOFException: End of input at line 1 column 1 path $
	at com.google.gson.stream.JsonReader.nextNonWhitespace(JsonReader.java:1455) ~[gson-2.10.jar%2372!/:?]
	at com.google.gson.stream.JsonReader.doPeek(JsonReader.java:558) ~[gson-2.10.jar%2372!/:?]
	at com.google.gson.stream.JsonReader.peek(JsonReader.java:433) ~[gson-2.10.jar%2372!/:?]
	at com.google.gson.internal.bind.TypeAdapters$28.read(TypeAdapters.java:769) ~[gson-2.10.jar%2372!/:?]
	at com.google.gson.internal.bind.TypeAdapters$28.read(TypeAdapters.java:725) ~[gson-2.10.jar%2372!/:?]
	at com.google.gson.internal.bind.TypeAdapters$34$1.read(TypeAdapters.java:1007) ~[gson-2.10.jar%2372!/:?]
	at net.minecraft.util.GsonHelper.m_13780_(GsonHelper.java:524) ~[server-1.20.1-20230612.114412-srg.jar%23420!/:?]
	... 13 more
[19Apr2026 02:22:05.113] [Worker-Main-3/ERROR] [net.minecraft.server.packs.resources.SimpleJsonResourceReloadListener/]: Couldn't parse data file efn:duskfire_leggings from efn:recipes/duskfire_leggings.json
com.google.gson.JsonParseException: java.io.EOFException: End of input at line 1 column 1 path $
	at net.minecraft.util.GsonHelper.m_13780_(GsonHelper.java:526) ~[server-1.20.1-20230612.114412-srg.jar%23420!/:?]
	at net.minecraft.util.GsonHelper.m_263475_(GsonHelper.java:531) ~[server-1.20.1-20230612.114412-srg.jar%23420!/:?]
	at net.minecraft.util.GsonHelper.m_13776_(GsonHelper.java:581) ~[server-1.20.1-20230612.114412-srg.jar%23420!/:?]
	at net.minecraft.server.packs.resources.SimpleJsonResourceReloadListener.m_278771_(SimpleJsonResourceReloadListener.java:41) ~[server-1.20.1-20230612.114412-srg.jar%23420!/:?]
	at net.minecraft.server.packs.resources.SimpleJsonResourceReloadListener.m_5944_(SimpleJsonResourceReloadListener.java:29) ~[server-1.20.1-20230612.114412-srg.jar%23420!/:?]
	at net.minecraft.server.packs.resources.SimpleJsonResourceReloadListener.m_5944_(SimpleJsonResourceReloadListener.java:17) ~[server-1.20.1-20230612.114412-srg.jar%23420!/:?]
	at net.minecraft.server.packs.resources.SimplePreparableReloadListener.m_10786_(SimplePreparableReloadListener.java:11) ~[server-1.20.1-20230612.114412-srg.jar%23420!/:?]
	at java.util.concurrent.CompletableFuture$AsyncSupply.run(CompletableFuture.java:1768) ~[?:?]
	at java.util.concurrent.CompletableFuture$AsyncSupply.exec(CompletableFuture.java:1760) ~[?:?]
	at java.util.concurrent.ForkJoinTask.doExec(ForkJoinTask.java:373) ~[?:?]
	at java.util.concurrent.ForkJoinPool$WorkQueue.topLevelExec(ForkJoinPool.java:1182) ~[?:?]
	at java.util.concurrent.ForkJoinPool.scan(ForkJoinPool.java:1655) ~[?:?]
	at java.util.concurrent.ForkJoinPool.runWorker(ForkJoinPool.java:1622) ~[?:?]
	at java.util.concurrent.ForkJoinWorkerThread.run(ForkJoinWorkerThread.java:165) ~[?:?]
Caused by: java.io.EOFException: End of input at line 1 column 1 path $
	at com.google.gson.stream.JsonReader.nextNonWhitespace(JsonReader.java:1455) ~[gson-2.10.jar%2372!/:?]
	at com.google.gson.stream.JsonReader.doPeek(JsonReader.java:558) ~[gson-2.10.jar%2372!/:?]
	at com.google.gson.stream.JsonReader.peek(JsonReader.java:433) ~[gson-2.10.jar%2372!/:?]
	at com.google.gson.internal.bind.TypeAdapters$28.read(TypeAdapters.java:769) ~[gson-2.10.jar%2372!/:?]
	at com.google.gson.internal.bind.TypeAdapters$28.read(TypeAdapters.java:725) ~[gson-2.10.jar%2372!/:?]
	at com.google.gson.internal.bind.TypeAdapters$34$1.read(TypeAdapters.java:1007) ~[gson-2.10.jar%2372!/:?]
	at net.minecraft.util.GsonHelper.m_13780_(GsonHelper.java:524) ~[server-1.20.1-20230612.114412-srg.jar%23420!/:?]
	... 13 more
[19Apr2026 02:22:05.120] [Worker-Main-3/ERROR] [net.minecraft.server.packs.resources.SimpleJsonResourceReloadListener/]: Couldn't parse data file efn:efn_dodge from efn:recipes/efn_dodge.json
com.google.gson.JsonParseException: java.io.EOFException: End of input at line 1 column 1 path $
	at net.minecraft.util.GsonHelper.m_13780_(GsonHelper.java:526) ~[server-1.20.1-20230612.114412-srg.jar%23420!/:?]
	at net.minecraft.util.GsonHelper.m_263475_(GsonHelper.java:531) ~[server-1.20.1-20230612.114412-srg.jar%23420!/:?]
	at net.minecraft.util.GsonHelper.m_13776_(GsonHelper.java:581) ~[server-1.20.1-20230612.114412-srg.jar%23420!/:?]
	at net.minecraft.server.packs.resources.SimpleJsonResourceReloadListener.m_278771_(SimpleJsonResourceReloadListener.java:41) ~[server-1.20.1-20230612.114412-srg.jar%23420!/:?]
	at net.minecraft.server.packs.resources.SimpleJsonResourceReloadListener.m_5944_(SimpleJsonResourceReloadListener.java:29) ~[server-1.20.1-20230612.114412-srg.jar%23420!/:?]
	at net.minecraft.server.packs.resources.SimpleJsonResourceReloadListener.m_5944_(SimpleJsonResourceReloadListener.java:17) ~[server-1.20.1-20230612.114412-srg.jar%23420!/:?]
	at net.minecraft.server.packs.resources.SimplePreparableReloadListener.m_10786_(SimplePreparableReloadListener.java:11) ~[server-1.20.1-20230612.114412-srg.jar%23420!/:?]
	at java.util.concurrent.CompletableFuture$AsyncSupply.run(CompletableFuture.java:1768) ~[?:?]
	at java.util.concurrent.CompletableFuture$AsyncSupply.exec(CompletableFuture.java:1760) ~[?:?]
	at java.util.concurrent.ForkJoinTask.doExec(ForkJoinTask.java:373) ~[?:?]
	at java.util.concurrent.ForkJoinPool$WorkQueue.topLevelExec(ForkJoinPool.java:1182) ~[?:?]
	at java.util.concurrent.ForkJoinPool.scan(ForkJoinPool.java:1655) ~[?:?]
	at java.util.concurrent.ForkJoinPool.runWorker(ForkJoinPool.java:1622) ~[?:?]
	at java.util.concurrent.ForkJoinWorkerThread.run(ForkJoinWorkerThread.java:165) ~[?:?]
Caused by: java.io.EOFException: End of input at line 1 column 1 path $
	at com.google.gson.stream.JsonReader.nextNonWhitespace(JsonReader.java:1455) ~[gson-2.10.jar%2372!/:?]
	at com.google.gson.stream.JsonReader.doPeek(JsonReader.java:558) ~[gson-2.10.jar%2372!/:?]
	at com.google.gson.stream.JsonReader.peek(JsonReader.java:433) ~[gson-2.10.jar%2372!/:?]
	at com.google.gson.internal.bind.TypeAdapters$28.read(TypeAdapters.java:769) ~[gson-2.10.jar%2372!/:?]
	at com.google.gson.internal.bind.TypeAdapters$28.read(TypeAdapters.java:725) ~[gson-2.10.jar%2372!/:?]
	at com.google.gson.internal.bind.TypeAdapters$34$1.read(TypeAdapters.java:1007) ~[gson-2.10.jar%2372!/:?]
	at net.minecraft.util.GsonHelper.m_13780_(GsonHelper.java:524) ~[server-1.20.1-20230612.114412-srg.jar%23420!/:?]
	... 13 more
[19Apr2026 02:22:05.121] [Worker-Main-3/ERROR] [net.minecraft.server.packs.resources.SimpleJsonResourceReloadListener/]: Couldn't parse data file efn:efn_step from efn:recipes/efn_step.json
com.google.gson.JsonParseException: java.io.EOFException: End of input at line 1 column 1 path $
	at net.minecraft.util.GsonHelper.m_13780_(GsonHelper.java:526) ~[server-1.20.1-20230612.114412-srg.jar%23420!/:?]
	at net.minecraft.util.GsonHelper.m_263475_(GsonHelper.java:531) ~[server-1.20.1-20230612.114412-srg.jar%23420!/:?]
	at net.minecraft.util.GsonHelper.m_13776_(GsonHelper.java:581) ~[server-1.20.1-20230612.114412-srg.jar%23420!/:?]
	at net.minecraft.server.packs.resources.SimpleJsonResourceReloadListener.m_278771_(SimpleJsonResourceReloadListener.java:41) ~[server-1.20.1-20230612.114412-srg.jar%23420!/:?]
	at net.minecraft.server.packs.resources.SimpleJsonResourceReloadListener.m_5944_(SimpleJsonResourceReloadListener.java:29) ~[server-1.20.1-20230612.114412-srg.jar%23420!/:?]
	at net.minecraft.server.packs.resources.SimpleJsonResourceReloadListener.m_5944_(SimpleJsonResourceReloadListener.java:17) ~[server-1.20.1-20230612.114412-srg.jar%23420!/:?]
	at net.minecraft.server.packs.resources.SimplePreparableReloadListener.m_10786_(SimplePreparableReloadListener.java:11) ~[server-1.20.1-20230612.114412-srg.jar%23420!/:?]
	at java.util.concurrent.CompletableFuture$AsyncSupply.run(CompletableFuture.java:1768) ~[?:?]
	at java.util.concurrent.CompletableFuture$AsyncSupply.exec(CompletableFuture.java:1760) ~[?:?]
	at java.util.concurrent.ForkJoinTask.doExec(ForkJoinTask.java:373) ~[?:?]
	at java.util.concurrent.ForkJoinPool$WorkQueue.topLevelExec(ForkJoinPool.java:1182) ~[?:?]
	at java.util.concurrent.ForkJoinPool.scan(ForkJoinPool.java:1655) ~[?:?]
	at java.util.concurrent.ForkJoinPool.runWorker(ForkJoinPool.java:1622) ~[?:?]
	at java.util.concurrent.ForkJoinWorkerThread.run(ForkJoinWorkerThread.java:165) ~[?:?]
Caused by: java.io.EOFException: End of input at line 1 column 1 path $
	at com.google.gson.stream.JsonReader.nextNonWhitespace(JsonReader.java:1455) ~[gson-2.10.jar%2372!/:?]
	at com.google.gson.stream.JsonReader.doPeek(JsonReader.java:558) ~[gson-2.10.jar%2372!/:?]
	at com.google.gson.stream.JsonReader.peek(JsonReader.java:433) ~[gson-2.10.jar%2372!/:?]
	at com.google.gson.internal.bind.TypeAdapters$28.read(TypeAdapters.java:769) ~[gson-2.10.jar%2372!/:?]
	at com.google.gson.internal.bind.TypeAdapters$28.read(TypeAdapters.java:725) ~[gson-2.10.jar%2372!/:?]
	at com.google.gson.internal.bind.TypeAdapters$34$1.read(TypeAdapters.java:1007) ~[gson-2.10.jar%2372!/:?]
	at net.minecraft.util.GsonHelper.m_13780_(GsonHelper.java:524) ~[server-1.20.1-20230612.114412-srg.jar%23420!/:?]
	... 13 more
[19Apr2026 02:22:05.124] [Worker-Main-3/ERROR] [net.minecraft.server.packs.resources.SimpleJsonResourceReloadListener/]: Couldn't parse data file irons_spellbooks:energized_core from irons_spellbooks:recipes/energized_core.json
com.google.gson.JsonParseException: java.io.EOFException: End of input at line 1 column 1 path $
	at net.minecraft.util.GsonHelper.m_13780_(GsonHelper.java:526) ~[server-1.20.1-20230612.114412-srg.jar%23420!/:?]
	at net.minecraft.util.GsonHelper.m_263475_(GsonHelper.java:531) ~[server-1.20.1-20230612.114412-srg.jar%23420!/:?]
	at net.minecraft.util.GsonHelper.m_13776_(GsonHelper.java:581) ~[server-1.20.1-20230612.114412-srg.jar%23420!/:?]
	at net.minecraft.server.packs.resources.SimpleJsonResourceReloadListener.m_278771_(SimpleJsonResourceReloadListener.java:41) ~[server-1.20.1-20230612.114412-srg.jar%23420!/:?]
	at net.minecraft.server.packs.resources.SimpleJsonResourceReloadListener.m_5944_(SimpleJsonResourceReloadListener.java:29) ~[server-1.20.1-20230612.114412-srg.jar%23420!/:?]
	at net.minecraft.server.packs.resources.SimpleJsonResourceReloadListener.m_5944_(SimpleJsonResourceReloadListener.java:17) ~[server-1.20.1-20230612.114412-srg.jar%23420!/:?]
	at net.minecraft.server.packs.resources.SimplePreparableReloadListener.m_10786_(SimplePreparableReloadListener.java:11) ~[server-1.20.1-20230612.114412-srg.jar%23420!/:?]
	at java.util.concurrent.CompletableFuture$AsyncSupply.run(CompletableFuture.java:1768) ~[?:?]
	at java.util.concurrent.CompletableFuture$AsyncSupply.exec(CompletableFuture.java:1760) ~[?:?]
	at java.util.concurrent.ForkJoinTask.doExec(ForkJoinTask.java:373) ~[?:?]
	at java.util.concurrent.ForkJoinPool$WorkQueue.topLevelExec(ForkJoinPool.java:1182) ~[?:?]
	at java.util.concurrent.ForkJoinPool.scan(ForkJoinPool.java:1655) ~[?:?]
	at java.util.concurrent.ForkJoinPool.runWorker(ForkJoinPool.java:1622) ~[?:?]
	at java.util.concurrent.ForkJoinWorkerThread.run(ForkJoinWorkerThread.java:165) ~[?:?]
Caused by: java.io.EOFException: End of input at line 1 column 1 path $
	at com.google.gson.stream.JsonReader.nextNonWhitespace(JsonReader.java:1455) ~[gson-2.10.jar%2372!/:?]
	at com.google.gson.stream.JsonReader.doPeek(JsonReader.java:558) ~[gson-2.10.jar%2372!/:?]
	at com.google.gson.stream.JsonReader.peek(JsonReader.java:433) ~[gson-2.10.jar%2372!/:?]
	at com.google.gson.internal.bind.TypeAdapters$28.read(TypeAdapters.java:769) ~[gson-2.10.jar%2372!/:?]
	at com.google.gson.internal.bind.TypeAdapters$28.read(TypeAdapters.java:725) ~[gson-2.10.jar%2372!/:?]
	at com.google.gson.internal.bind.TypeAdapters$34$1.read(TypeAdapters.java:1007) ~[gson-2.10.jar%2372!/:?]
	at net.minecraft.util.GsonHelper.m_13780_(GsonHelper.java:524) ~[server-1.20.1-20230612.114412-srg.jar%23420!/:?]
	... 13 more
[19Apr2026 02:22:05.128] [Worker-Main-3/ERROR] [net.minecraft.server.packs.resources.SimpleJsonResourceReloadListener/]: Couldn't parse data file efn:exsiliumgladius from efn:recipes/exsiliumgladius.json
com.google.gson.JsonParseException: java.io.EOFException: End of input at line 1 column 1 path $
	at net.minecraft.util.GsonHelper.m_13780_(GsonHelper.java:526) ~[server-1.20.1-20230612.114412-srg.jar%23420!/:?]
	at net.minecraft.util.GsonHelper.m_263475_(GsonHelper.java:531) ~[server-1.20.1-20230612.114412-srg.jar%23420!/:?]
	at net.minecraft.util.GsonHelper.m_13776_(GsonHelper.java:581) ~[server-1.20.1-20230612.114412-srg.jar%23420!/:?]
	at net.minecraft.server.packs.resources.SimpleJsonResourceReloadListener.m_278771_(SimpleJsonResourceReloadListener.java:41) ~[server-1.20.1-20230612.114412-srg.jar%23420!/:?]
	at net.minecraft.server.packs.resources.SimpleJsonResourceReloadListener.m_5944_(SimpleJsonResourceReloadListener.java:29) ~[server-1.20.1-20230612.114412-srg.jar%23420!/:?]
	at net.minecraft.server.packs.resources.SimpleJsonResourceReloadListener.m_5944_(SimpleJsonResourceReloadListener.java:17) ~[server-1.20.1-20230612.114412-srg.jar%23420!/:?]
	at net.minecraft.server.packs.resources.SimplePreparableReloadListener.m_10786_(SimplePreparableReloadListener.java:11) ~[server-1.20.1-20230612.114412-srg.jar%23420!/:?]
	at java.util.concurrent.CompletableFuture$AsyncSupply.run(CompletableFuture.java:1768) ~[?:?]
	at java.util.concurrent.CompletableFuture$AsyncSupply.exec(CompletableFuture.java:1760) ~[?:?]
	at java.util.concurrent.ForkJoinTask.doExec(ForkJoinTask.java:373) ~[?:?]
	at java.util.concurrent.ForkJoinPool$WorkQueue.topLevelExec(ForkJoinPool.java:1182) ~[?:?]
	at java.util.concurrent.ForkJoinPool.scan(ForkJoinPool.java:1655) ~[?:?]
	at java.util.concurrent.ForkJoinPool.runWorker(ForkJoinPool.java:1622) ~[?:?]
	at java.util.concurrent.ForkJoinWorkerThread.run(ForkJoinWorkerThread.java:165) ~[?:?]
Caused by: java.io.EOFException: End of input at line 1 column 1 path $
	at com.google.gson.stream.JsonReader.nextNonWhitespace(JsonReader.java:1455) ~[gson-2.10.jar%2372!/:?]
	at com.google.gson.stream.JsonReader.doPeek(JsonReader.java:558) ~[gson-2.10.jar%2372!/:?]
	at com.google.gson.stream.JsonReader.peek(JsonReader.java:433) ~[gson-2.10.jar%2372!/:?]
	at com.google.gson.internal.bind.TypeAdapters$28.read(TypeAdapters.java:769) ~[gson-2.10.jar%2372!/:?]
	at com.google.gson.internal.bind.TypeAdapters$28.read(TypeAdapters.java:725) ~[gson-2.10.jar%2372!/:?]
	at com.google.gson.internal.bind.TypeAdapters$34$1.read(TypeAdapters.java:1007) ~[gson-2.10.jar%2372!/:?]
	at net.minecraft.util.GsonHelper.m_13780_(GsonHelper.java:524) ~[server-1.20.1-20230612.114412-srg.jar%23420!/:?]
	... 13 more
[19Apr2026 02:22:05.133] [Worker-Main-3/ERROR] [net.minecraft.server.packs.resources.SimpleJsonResourceReloadListener/]: Couldn't parse data file efn:fire_exsiliumgladius from efn:recipes/fire_exsiliumgladius.json
com.google.gson.JsonParseException: java.io.EOFException: End of input at line 1 column 1 path $
	at net.minecraft.util.GsonHelper.m_13780_(GsonHelper.java:526) ~[server-1.20.1-20230612.114412-srg.jar%23420!/:?]
	at net.minecraft.util.GsonHelper.m_263475_(GsonHelper.java:531) ~[server-1.20.1-20230612.114412-srg.jar%23420!/:?]
	at net.minecraft.util.GsonHelper.m_13776_(GsonHelper.java:581) ~[server-1.20.1-20230612.114412-srg.jar%23420!/:?]
	at net.minecraft.server.packs.resources.SimpleJsonResourceReloadListener.m_278771_(SimpleJsonResourceReloadListener.java:41) ~[server-1.20.1-20230612.114412-srg.jar%23420!/:?]
	at net.minecraft.server.packs.resources.SimpleJsonResourceReloadListener.m_5944_(SimpleJsonResourceReloadListener.java:29) ~[server-1.20.1-20230612.114412-srg.jar%23420!/:?]
	at net.minecraft.server.packs.resources.SimpleJsonResourceReloadListener.m_5944_(SimpleJsonResourceReloadListener.java:17) ~[server-1.20.1-20230612.114412-srg.jar%23420!/:?]
	at net.minecraft.server.packs.resources.SimplePreparableReloadListener.m_10786_(SimplePreparableReloadListener.java:11) ~[server-1.20.1-20230612.114412-srg.jar%23420!/:?]
	at java.util.concurrent.CompletableFuture$AsyncSupply.run(CompletableFuture.java:1768) ~[?:?]
	at java.util.concurrent.CompletableFuture$AsyncSupply.exec(CompletableFuture.java:1760) ~[?:?]
	at java.util.concurrent.ForkJoinTask.doExec(ForkJoinTask.java:373) ~[?:?]
	at java.util.concurrent.ForkJoinPool$WorkQueue.topLevelExec(ForkJoinPool.java:1182) ~[?:?]
	at java.util.concurrent.ForkJoinPool.scan(ForkJoinPool.java:1655) ~[?:?]
	at java.util.concurrent.ForkJoinPool.runWorker(ForkJoinPool.java:1622) ~[?:?]
	at java.util.concurrent.ForkJoinWorkerThread.run(ForkJoinWorkerThread.java:165) ~[?:?]
Caused by: java.io.EOFException: End of input at line 1 column 1 path $
	at com.google.gson.stream.JsonReader.nextNonWhitespace(JsonReader.java:1455) ~[gson-2.10.jar%2372!/:?]
	at com.google.gson.stream.JsonReader.doPeek(JsonReader.java:558) ~[gson-2.10.jar%2372!/:?]
	at com.google.gson.stream.JsonReader.peek(JsonReader.java:433) ~[gson-2.10.jar%2372!/:?]
	at com.google.gson.internal.bind.TypeAdapters$28.read(TypeAdapters.java:769) ~[gson-2.10.jar%2372!/:?]
	at com.google.gson.internal.bind.TypeAdapters$28.read(TypeAdapters.java:725) ~[gson-2.10.jar%2372!/:?]
	at com.google.gson.internal.bind.TypeAdapters$34$1.read(TypeAdapters.java:1007) ~[gson-2.10.jar%2372!/:?]
	at net.minecraft.util.GsonHelper.m_13780_(GsonHelper.java:524) ~[server-1.20.1-20230612.114412-srg.jar%23420!/:?]
	... 13 more
[19Apr2026 02:22:05.147] [Worker-Main-3/ERROR] [net.minecraft.server.packs.resources.SimpleJsonResourceReloadListener/]: Couldn't parse data file irons_spellbooks:gold_spell_book from irons_spellbooks:recipes/gold_spell_book.json
com.google.gson.JsonParseException: java.io.EOFException: End of input at line 1 column 1 path $
	at net.minecraft.util.GsonHelper.m_13780_(GsonHelper.java:526) ~[server-1.20.1-20230612.114412-srg.jar%23420!/:?]
	at net.minecraft.util.GsonHelper.m_263475_(GsonHelper.java:531) ~[server-1.20.1-20230612.114412-srg.jar%23420!/:?]
	at net.minecraft.util.GsonHelper.m_13776_(GsonHelper.java:581) ~[server-1.20.1-20230612.114412-srg.jar%23420!/:?]
	at net.minecraft.server.packs.resources.SimpleJsonResourceReloadListener.m_278771_(SimpleJsonResourceReloadListener.java:41) ~[server-1.20.1-20230612.114412-srg.jar%23420!/:?]
	at net.minecraft.server.packs.resources.SimpleJsonResourceReloadListener.m_5944_(SimpleJsonResourceReloadListener.java:29) ~[server-1.20.1-20230612.114412-srg.jar%23420!/:?]
	at net.minecraft.server.packs.resources.SimpleJsonResourceReloadListener.m_5944_(SimpleJsonResourceReloadListener.java:17) ~[server-1.20.1-20230612.114412-srg.jar%23420!/:?]
	at net.minecraft.server.packs.resources.SimplePreparableReloadListener.m_10786_(SimplePreparableReloadListener.java:11) ~[server-1.20.1-20230612.114412-srg.jar%23420!/:?]
	at java.util.concurrent.CompletableFuture$AsyncSupply.run(CompletableFuture.java:1768) ~[?:?]
	at java.util.concurrent.CompletableFuture$AsyncSupply.exec(CompletableFuture.java:1760) ~[?:?]
	at java.util.concurrent.ForkJoinTask.doExec(ForkJoinTask.java:373) ~[?:?]
	at java.util.concurrent.ForkJoinPool$WorkQueue.topLevelExec(ForkJoinPool.java:1182) ~[?:?]
	at java.util.concurrent.ForkJoinPool.scan(ForkJoinPool.java:1655) ~[?:?]
	at java.util.concurrent.ForkJoinPool.runWorker(ForkJoinPool.java:1622) ~[?:?]
	at java.util.concurrent.ForkJoinWorkerThread.run(ForkJoinWorkerThread.java:165) ~[?:?]
Caused by: java.io.EOFException: End of input at line 1 column 1 path $
	at com.google.gson.stream.JsonReader.nextNonWhitespace(JsonReader.java:1455) ~[gson-2.10.jar%2372!/:?]
	at com.google.gson.stream.JsonReader.doPeek(JsonReader.java:558) ~[gson-2.10.jar%2372!/:?]
	at com.google.gson.stream.JsonReader.peek(JsonReader.java:433) ~[gson-2.10.jar%2372!/:?]
	at com.google.gson.internal.bind.TypeAdapters$28.read(TypeAdapters.java:769) ~[gson-2.10.jar%2372!/:?]
	at com.google.gson.internal.bind.TypeAdapters$28.read(TypeAdapters.java:725) ~[gson-2.10.jar%2372!/:?]
	at com.google.gson.internal.bind.TypeAdapters$34$1.read(TypeAdapters.java:1007) ~[gson-2.10.jar%2372!/:?]
	at net.minecraft.util.GsonHelper.m_13780_(GsonHelper.java:524) ~[server-1.20.1-20230612.114412-srg.jar%23420!/:?]
	... 13 more
[19Apr2026 02:22:05.152] [Worker-Main-3/ERROR] [net.minecraft.server.packs.resources.SimpleJsonResourceReloadListener/]: Couldn't parse data file irons_spellbooks:graybeard_staff from irons_spellbooks:recipes/graybeard_staff.json
com.google.gson.JsonParseException: java.io.EOFException: End of input at line 1 column 1 path $
	at net.minecraft.util.GsonHelper.m_13780_(GsonHelper.java:526) ~[server-1.20.1-20230612.114412-srg.jar%23420!/:?]
	at net.minecraft.util.GsonHelper.m_263475_(GsonHelper.java:531) ~[server-1.20.1-20230612.114412-srg.jar%23420!/:?]
	at net.minecraft.util.GsonHelper.m_13776_(GsonHelper.java:581) ~[server-1.20.1-20230612.114412-srg.jar%23420!/:?]
	at net.minecraft.server.packs.resources.SimpleJsonResourceReloadListener.m_278771_(SimpleJsonResourceReloadListener.java:41) ~[server-1.20.1-20230612.114412-srg.jar%23420!/:?]
	at net.minecraft.server.packs.resources.SimpleJsonResourceReloadListener.m_5944_(SimpleJsonResourceReloadListener.java:29) ~[server-1.20.1-20230612.114412-srg.jar%23420!/:?]
	at net.minecraft.server.packs.resources.SimpleJsonResourceReloadListener.m_5944_(SimpleJsonResourceReloadListener.java:17) ~[server-1.20.1-20230612.114412-srg.jar%23420!/:?]
	at net.minecraft.server.packs.resources.SimplePreparableReloadListener.m_10786_(SimplePreparableReloadListener.java:11) ~[server-1.20.1-20230612.114412-srg.jar%23420!/:?]
	at java.util.concurrent.CompletableFuture$AsyncSupply.run(CompletableFuture.java:1768) ~[?:?]
	at java.util.concurrent.CompletableFuture$AsyncSupply.exec(CompletableFuture.java:1760) ~[?:?]
	at java.util.concurrent.ForkJoinTask.doExec(ForkJoinTask.java:373) ~[?:?]
	at java.util.concurrent.ForkJoinPool$WorkQueue.topLevelExec(ForkJoinPool.java:1182) ~[?:?]
	at java.util.concurrent.ForkJoinPool.scan(ForkJoinPool.java:1655) ~[?:?]
	at java.util.concurrent.ForkJoinPool.runWorker(ForkJoinPool.java:1622) ~[?:?]
	at java.util.concurrent.ForkJoinWorkerThread.run(ForkJoinWorkerThread.java:165) ~[?:?]
Caused by: java.io.EOFException: End of input at line 1 column 1 path $
	at com.google.gson.stream.JsonReader.nextNonWhitespace(JsonReader.java:1455) ~[gson-2.10.jar%2372!/:?]
	at com.google.gson.stream.JsonReader.doPeek(JsonReader.java:558) ~[gson-2.10.jar%2372!/:?]
	at com.google.gson.stream.JsonReader.peek(JsonReader.java:433) ~[gson-2.10.jar%2372!/:?]
	at com.google.gson.internal.bind.TypeAdapters$28.read(TypeAdapters.java:769) ~[gson-2.10.jar%2372!/:?]
	at com.google.gson.internal.bind.TypeAdapters$28.read(TypeAdapters.java:725) ~[gson-2.10.jar%2372!/:?]
	at com.google.gson.internal.bind.TypeAdapters$34$1.read(TypeAdapters.java:1007) ~[gson-2.10.jar%2372!/:?]
	at net.minecraft.util.GsonHelper.m_13780_(GsonHelper.java:524) ~[server-1.20.1-20230612.114412-srg.jar%23420!/:?]
	... 13 more
[19Apr2026 02:22:05.160] [Worker-Main-3/ERROR] [net.minecraft.server.packs.resources.SimpleJsonResourceReloadListener/]: Couldn't parse data file irons_spellbooks:ice_spell_book from irons_spellbooks:recipes/ice_spell_book.json
com.google.gson.JsonParseException: java.io.EOFException: End of input at line 1 column 1 path $
	at net.minecraft.util.GsonHelper.m_13780_(GsonHelper.java:526) ~[server-1.20.1-20230612.114412-srg.jar%23420!/:?]
	at net.minecraft.util.GsonHelper.m_263475_(GsonHelper.java:531) ~[server-1.20.1-20230612.114412-srg.jar%23420!/:?]
	at net.minecraft.util.GsonHelper.m_13776_(GsonHelper.java:581) ~[server-1.20.1-20230612.114412-srg.jar%23420!/:?]
	at net.minecraft.server.packs.resources.SimpleJsonResourceReloadListener.m_278771_(SimpleJsonResourceReloadListener.java:41) ~[server-1.20.1-20230612.114412-srg.jar%23420!/:?]
	at net.minecraft.server.packs.resources.SimpleJsonResourceReloadListener.m_5944_(SimpleJsonResourceReloadListener.java:29) ~[server-1.20.1-20230612.114412-srg.jar%23420!/:?]
	at net.minecraft.server.packs.resources.SimpleJsonResourceReloadListener.m_5944_(SimpleJsonResourceReloadListener.java:17) ~[server-1.20.1-20230612.114412-srg.jar%23420!/:?]
	at net.minecraft.server.packs.resources.SimplePreparableReloadListener.m_10786_(SimplePreparableReloadListener.java:11) ~[server-1.20.1-20230612.114412-srg.jar%23420!/:?]
	at java.util.concurrent.CompletableFuture$AsyncSupply.run(CompletableFuture.java:1768) ~[?:?]
	at java.util.concurrent.CompletableFuture$AsyncSupply.exec(CompletableFuture.java:1760) ~[?:?]
	at java.util.concurrent.ForkJoinTask.doExec(ForkJoinTask.java:373) ~[?:?]
	at java.util.concurrent.ForkJoinPool$WorkQueue.topLevelExec(ForkJoinPool.java:1182) ~[?:?]
	at java.util.concurrent.ForkJoinPool.scan(ForkJoinPool.java:1655) ~[?:?]
	at java.util.concurrent.ForkJoinPool.runWorker(ForkJoinPool.java:1622) ~[?:?]
	at java.util.concurrent.ForkJoinWorkerThread.run(ForkJoinWorkerThread.java:165) ~[?:?]
Caused by: java.io.EOFException: End of input at line 1 column 1 path $
	at com.google.gson.stream.JsonReader.nextNonWhitespace(JsonReader.java:1455) ~[gson-2.10.jar%2372!/:?]
	at com.google.gson.stream.JsonReader.doPeek(JsonReader.java:558) ~[gson-2.10.jar%2372!/:?]
	at com.google.gson.stream.JsonReader.peek(JsonReader.java:433) ~[gson-2.10.jar%2372!/:?]
	at com.google.gson.internal.bind.TypeAdapters$28.read(TypeAdapters.java:769) ~[gson-2.10.jar%2372!/:?]
	at com.google.gson.internal.bind.TypeAdapters$28.read(TypeAdapters.java:725) ~[gson-2.10.jar%2372!/:?]
	at com.google.gson.internal.bind.TypeAdapters$34$1.read(TypeAdapters.java:1007) ~[gson-2.10.jar%2372!/:?]
	at net.minecraft.util.GsonHelper.m_13780_(GsonHelper.java:524) ~[server-1.20.1-20230612.114412-srg.jar%23420!/:?]
	... 13 more
[19Apr2026 02:22:05.162] [Worker-Main-3/ERROR] [net.minecraft.server.packs.resources.SimpleJsonResourceReloadListener/]: Couldn't parse data file irons_spellbooks:ice_staff from irons_spellbooks:recipes/ice_staff.json
com.google.gson.JsonParseException: java.io.EOFException: End of input at line 1 column 1 path $
	at net.minecraft.util.GsonHelper.m_13780_(GsonHelper.java:526) ~[server-1.20.1-20230612.114412-srg.jar%23420!/:?]
	at net.minecraft.util.GsonHelper.m_263475_(GsonHelper.java:531) ~[server-1.20.1-20230612.114412-srg.jar%23420!/:?]
	at net.minecraft.util.GsonHelper.m_13776_(GsonHelper.java:581) ~[server-1.20.1-20230612.114412-srg.jar%23420!/:?]
	at net.minecraft.server.packs.resources.SimpleJsonResourceReloadListener.m_278771_(SimpleJsonResourceReloadListener.java:41) ~[server-1.20.1-20230612.114412-srg.jar%23420!/:?]
	at net.minecraft.server.packs.resources.SimpleJsonResourceReloadListener.m_5944_(SimpleJsonResourceReloadListener.java:29) ~[server-1.20.1-20230612.114412-srg.jar%23420!/:?]
	at net.minecraft.server.packs.resources.SimpleJsonResourceReloadListener.m_5944_(SimpleJsonResourceReloadListener.java:17) ~[server-1.20.1-20230612.114412-srg.jar%23420!/:?]
	at net.minecraft.server.packs.resources.SimplePreparableReloadListener.m_10786_(SimplePreparableReloadListener.java:11) ~[server-1.20.1-20230612.114412-srg.jar%23420!/:?]
	at java.util.concurrent.CompletableFuture$AsyncSupply.run(CompletableFuture.java:1768) ~[?:?]
	at java.util.concurrent.CompletableFuture$AsyncSupply.exec(CompletableFuture.java:1760) ~[?:?]
	at java.util.concurrent.ForkJoinTask.doExec(ForkJoinTask.java:373) ~[?:?]
	at java.util.concurrent.ForkJoinPool$WorkQueue.topLevelExec(ForkJoinPool.java:1182) ~[?:?]
	at java.util.concurrent.ForkJoinPool.scan(ForkJoinPool.java:1655) ~[?:?]
	at java.util.concurrent.ForkJoinPool.runWorker(ForkJoinPool.java:1622) ~[?:?]
	at java.util.concurrent.ForkJoinWorkerThread.run(ForkJoinWorkerThread.java:165) ~[?:?]
Caused by: java.io.EOFException: End of input at line 1 column 1 path $
	at com.google.gson.stream.JsonReader.nextNonWhitespace(JsonReader.java:1455) ~[gson-2.10.jar%2372!/:?]
	at com.google.gson.stream.JsonReader.doPeek(JsonReader.java:558) ~[gson-2.10.jar%2372!/:?]
	at com.google.gson.stream.JsonReader.peek(JsonReader.java:433) ~[gson-2.10.jar%2372!/:?]
	at com.google.gson.internal.bind.TypeAdapters$28.read(TypeAdapters.java:769) ~[gson-2.10.jar%2372!/:?]
	at com.google.gson.internal.bind.TypeAdapters$28.read(TypeAdapters.java:725) ~[gson-2.10.jar%2372!/:?]
	at com.google.gson.internal.bind.TypeAdapters$34$1.read(TypeAdapters.java:1007) ~[gson-2.10.jar%2372!/:?]
	at net.minecraft.util.GsonHelper.m_13780_(GsonHelper.java:524) ~[server-1.20.1-20230612.114412-srg.jar%23420!/:?]
	... 13 more
[19Apr2026 02:22:05.163] [Worker-Main-3/ERROR] [net.minecraft.server.packs.resources.SimpleJsonResourceReloadListener/]: Couldn't parse data file irons_spellbooks:inscription_table from irons_spellbooks:recipes/inscription_table.json
com.google.gson.JsonParseException: java.io.EOFException: End of input at line 1 column 1 path $
	at net.minecraft.util.GsonHelper.m_13780_(GsonHelper.java:526) ~[server-1.20.1-20230612.114412-srg.jar%23420!/:?]
	at net.minecraft.util.GsonHelper.m_263475_(GsonHelper.java:531) ~[server-1.20.1-20230612.114412-srg.jar%23420!/:?]
	at net.minecraft.util.GsonHelper.m_13776_(GsonHelper.java:581) ~[server-1.20.1-20230612.114412-srg.jar%23420!/:?]
	at net.minecraft.server.packs.resources.SimpleJsonResourceReloadListener.m_278771_(SimpleJsonResourceReloadListener.java:41) ~[server-1.20.1-20230612.114412-srg.jar%23420!/:?]
	at net.minecraft.server.packs.resources.SimpleJsonResourceReloadListener.m_5944_(SimpleJsonResourceReloadListener.java:29) ~[server-1.20.1-20230612.114412-srg.jar%23420!/:?]
	at net.minecraft.server.packs.resources.SimpleJsonResourceReloadListener.m_5944_(SimpleJsonResourceReloadListener.java:17) ~[server-1.20.1-20230612.114412-srg.jar%23420!/:?]
	at net.minecraft.server.packs.resources.SimplePreparableReloadListener.m_10786_(SimplePreparableReloadListener.java:11) ~[server-1.20.1-20230612.114412-srg.jar%23420!/:?]
	at java.util.concurrent.CompletableFuture$AsyncSupply.run(CompletableFuture.java:1768) ~[?:?]
	at java.util.concurrent.CompletableFuture$AsyncSupply.exec(CompletableFuture.java:1760) ~[?:?]
	at java.util.concurrent.ForkJoinTask.doExec(ForkJoinTask.java:373) ~[?:?]
	at java.util.concurrent.ForkJoinPool$WorkQueue.topLevelExec(ForkJoinPool.java:1182) ~[?:?]
	at java.util.concurrent.ForkJoinPool.scan(ForkJoinPool.java:1655) ~[?:?]
	at java.util.concurrent.ForkJoinPool.runWorker(ForkJoinPool.java:1622) ~[?:?]
	at java.util.concurrent.ForkJoinWorkerThread.run(ForkJoinWorkerThread.java:165) ~[?:?]
Caused by: java.io.EOFException: End of input at line 1 column 1 path $
	at com.google.gson.stream.JsonReader.nextNonWhitespace(JsonReader.java:1455) ~[gson-2.10.jar%2372!/:?]
	at com.google.gson.stream.JsonReader.doPeek(JsonReader.java:558) ~[gson-2.10.jar%2372!/:?]
	at com.google.gson.stream.JsonReader.peek(JsonReader.java:433) ~[gson-2.10.jar%2372!/:?]
	at com.google.gson.internal.bind.TypeAdapters$28.read(TypeAdapters.java:769) ~[gson-2.10.jar%2372!/:?]
	at com.google.gson.internal.bind.TypeAdapters$28.read(TypeAdapters.java:725) ~[gson-2.10.jar%2372!/:?]
	at com.google.gson.internal.bind.TypeAdapters$34$1.read(TypeAdapters.java:1007) ~[gson-2.10.jar%2372!/:?]
	at net.minecraft.util.GsonHelper.m_13780_(GsonHelper.java:524) ~[server-1.20.1-20230612.114412-srg.jar%23420!/:?]
	... 13 more
[19Apr2026 02:22:05.167] [Worker-Main-3/ERROR] [net.minecraft.server.packs.resources.SimpleJsonResourceReloadListener/]: Couldn't parse data file irons_spellbooks:iron_spell_book from irons_spellbooks:recipes/iron_spell_book.json
com.google.gson.JsonParseException: java.io.EOFException: End of input at line 1 column 1 path $
	at net.minecraft.util.GsonHelper.m_13780_(GsonHelper.java:526) ~[server-1.20.1-20230612.114412-srg.jar%23420!/:?]
	at net.minecraft.util.GsonHelper.m_263475_(GsonHelper.java:531) ~[server-1.20.1-20230612.114412-srg.jar%23420!/:?]
	at net.minecraft.util.GsonHelper.m_13776_(GsonHelper.java:581) ~[server-1.20.1-20230612.114412-srg.jar%23420!/:?]
	at net.minecraft.server.packs.resources.SimpleJsonResourceReloadListener.m_278771_(SimpleJsonResourceReloadListener.java:41) ~[server-1.20.1-20230612.114412-srg.jar%23420!/:?]
	at net.minecraft.server.packs.resources.SimpleJsonResourceReloadListener.m_5944_(SimpleJsonResourceReloadListener.java:29) ~[server-1.20.1-20230612.114412-srg.jar%23420!/:?]
	at net.minecraft.server.packs.resources.SimpleJsonResourceReloadListener.m_5944_(SimpleJsonResourceReloadListener.java:17) ~[server-1.20.1-20230612.114412-srg.jar%23420!/:?]
	at net.minecraft.server.packs.resources.SimplePreparableReloadListener.m_10786_(SimplePreparableReloadListener.java:11) ~[server-1.20.1-20230612.114412-srg.jar%23420!/:?]
	at java.util.concurrent.CompletableFuture$AsyncSupply.run(CompletableFuture.java:1768) ~[?:?]
	at java.util.concurrent.CompletableFuture$AsyncSupply.exec(CompletableFuture.java:1760) ~[?:?]
	at java.util.concurrent.ForkJoinTask.doExec(ForkJoinTask.java:373) ~[?:?]
	at java.util.concurrent.ForkJoinPool$WorkQueue.topLevelExec(ForkJoinPool.java:1182) ~[?:?]
	at java.util.concurrent.ForkJoinPool.scan(ForkJoinPool.java:1655) ~[?:?]
	at java.util.concurrent.ForkJoinPool.runWorker(ForkJoinPool.java:1622) ~[?:?]
	at java.util.concurrent.ForkJoinWorkerThread.run(ForkJoinWorkerThread.java:165) ~[?:?]
Caused by: java.io.EOFException: End of input at line 1 column 1 path $
	at com.google.gson.stream.JsonReader.nextNonWhitespace(JsonReader.java:1455) ~[gson-2.10.jar%2372!/:?]
	at com.google.gson.stream.JsonReader.doPeek(JsonReader.java:558) ~[gson-2.10.jar%2372!/:?]
	at com.google.gson.stream.JsonReader.peek(JsonReader.java:433) ~[gson-2.10.jar%2372!/:?]
	at com.google.gson.internal.bind.TypeAdapters$28.read(TypeAdapters.java:769) ~[gson-2.10.jar%2372!/:?]
	at com.google.gson.internal.bind.TypeAdapters$28.read(TypeAdapters.java:725) ~[gson-2.10.jar%2372!/:?]
	at com.google.gson.internal.bind.TypeAdapters$34$1.read(TypeAdapters.java:1007) ~[gson-2.10.jar%2372!/:?]
	at net.minecraft.util.GsonHelper.m_13780_(GsonHelper.java:524) ~[server-1.20.1-20230612.114412-srg.jar%23420!/:?]
	... 13 more
[19Apr2026 02:22:05.172] [Worker-Main-3/ERROR] [net.minecraft.server.packs.resources.SimpleJsonResourceReloadListener/]: Couldn't parse data file efn:kusabimaru from efn:recipes/kusabimaru.json
com.google.gson.JsonParseException: java.io.EOFException: End of input at line 1 column 1 path $
	at net.minecraft.util.GsonHelper.m_13780_(GsonHelper.java:526) ~[server-1.20.1-20230612.114412-srg.jar%23420!/:?]
	at net.minecraft.util.GsonHelper.m_263475_(GsonHelper.java:531) ~[server-1.20.1-20230612.114412-srg.jar%23420!/:?]
	at net.minecraft.util.GsonHelper.m_13776_(GsonHelper.java:581) ~[server-1.20.1-20230612.114412-srg.jar%23420!/:?]
	at net.minecraft.server.packs.resources.SimpleJsonResourceReloadListener.m_278771_(SimpleJsonResourceReloadListener.java:41) ~[server-1.20.1-20230612.114412-srg.jar%23420!/:?]
	at net.minecraft.server.packs.resources.SimpleJsonResourceReloadListener.m_5944_(SimpleJsonResourceReloadListener.java:29) ~[server-1.20.1-20230612.114412-srg.jar%23420!/:?]
	at net.minecraft.server.packs.resources.SimpleJsonResourceReloadListener.m_5944_(SimpleJsonResourceReloadListener.java:17) ~[server-1.20.1-20230612.114412-srg.jar%23420!/:?]
	at net.minecraft.server.packs.resources.SimplePreparableReloadListener.m_10786_(SimplePreparableReloadListener.java:11) ~[server-1.20.1-20230612.114412-srg.jar%23420!/:?]
	at java.util.concurrent.CompletableFuture$AsyncSupply.run(CompletableFuture.java:1768) ~[?:?]
	at java.util.concurrent.CompletableFuture$AsyncSupply.exec(CompletableFuture.java:1760) ~[?:?]
	at java.util.concurrent.ForkJoinTask.doExec(ForkJoinTask.java:373) ~[?:?]
	at java.util.concurrent.ForkJoinPool$WorkQueue.topLevelExec(ForkJoinPool.java:1182) ~[?:?]
	at java.util.concurrent.ForkJoinPool.scan(ForkJoinPool.java:1655) ~[?:?]
	at java.util.concurrent.ForkJoinPool.runWorker(ForkJoinPool.java:1622) ~[?:?]
	at java.util.concurrent.ForkJoinWorkerThread.run(ForkJoinWorkerThread.java:165) ~[?:?]
Caused by: java.io.EOFException: End of input at line 1 column 1 path $
	at com.google.gson.stream.JsonReader.nextNonWhitespace(JsonReader.java:1455) ~[gson-2.10.jar%2372!/:?]
	at com.google.gson.stream.JsonReader.doPeek(JsonReader.java:558) ~[gson-2.10.jar%2372!/:?]
	at com.google.gson.stream.JsonReader.peek(JsonReader.java:433) ~[gson-2.10.jar%2372!/:?]
	at com.google.gson.internal.bind.TypeAdapters$28.read(TypeAdapters.java:769) ~[gson-2.10.jar%2372!/:?]
	at com.google.gson.internal.bind.TypeAdapters$28.read(TypeAdapters.java:725) ~[gson-2.10.jar%2372!/:?]
	at com.google.gson.internal.bind.TypeAdapters$34$1.read(TypeAdapters.java:1007) ~[gson-2.10.jar%2372!/:?]
	at net.minecraft.util.GsonHelper.m_13780_(GsonHelper.java:524) ~[server-1.20.1-20230612.114412-srg.jar%23420!/:?]
	... 13 more
[19Apr2026 02:22:05.174] [Worker-Main-3/ERROR] [net.minecraft.server.packs.resources.SimpleJsonResourceReloadListener/]: Couldn't parse data file cataclysm:laser_gatling from cataclysm:recipes/laser_gatling.json
com.google.gson.JsonParseException: java.io.EOFException: End of input at line 1 column 1 path $
	at net.minecraft.util.GsonHelper.m_13780_(GsonHelper.java:526) ~[server-1.20.1-20230612.114412-srg.jar%23420!/:?]
	at net.minecraft.util.GsonHelper.m_263475_(GsonHelper.java:531) ~[server-1.20.1-20230612.114412-srg.jar%23420!/:?]
	at net.minecraft.util.GsonHelper.m_13776_(GsonHelper.java:581) ~[server-1.20.1-20230612.114412-srg.jar%23420!/:?]
	at net.minecraft.server.packs.resources.SimpleJsonResourceReloadListener.m_278771_(SimpleJsonResourceReloadListener.java:41) ~[server-1.20.1-20230612.114412-srg.jar%23420!/:?]
	at net.minecraft.server.packs.resources.SimpleJsonResourceReloadListener.m_5944_(SimpleJsonResourceReloadListener.java:29) ~[server-1.20.1-20230612.114412-srg.jar%23420!/:?]
	at net.minecraft.server.packs.resources.SimpleJsonResourceReloadListener.m_5944_(SimpleJsonResourceReloadListener.java:17) ~[server-1.20.1-20230612.114412-srg.jar%23420!/:?]
	at net.minecraft.server.packs.resources.SimplePreparableReloadListener.m_10786_(SimplePreparableReloadListener.java:11) ~[server-1.20.1-20230612.114412-srg.jar%23420!/:?]
	at java.util.concurrent.CompletableFuture$AsyncSupply.run(CompletableFuture.java:1768) ~[?:?]
	at java.util.concurrent.CompletableFuture$AsyncSupply.exec(CompletableFuture.java:1760) ~[?:?]
	at java.util.concurrent.ForkJoinTask.doExec(ForkJoinTask.java:373) ~[?:?]
	at java.util.concurrent.ForkJoinPool$WorkQueue.topLevelExec(ForkJoinPool.java:1182) ~[?:?]
	at java.util.concurrent.ForkJoinPool.scan(ForkJoinPool.java:1655) ~[?:?]
	at java.util.concurrent.ForkJoinPool.runWorker(ForkJoinPool.java:1622) ~[?:?]
	at java.util.concurrent.ForkJoinWorkerThread.run(ForkJoinWorkerThread.java:165) ~[?:?]
Caused by: java.io.EOFException: End of input at line 1 column 1 path $
	at com.google.gson.stream.JsonReader.nextNonWhitespace(JsonReader.java:1455) ~[gson-2.10.jar%2372!/:?]
	at com.google.gson.stream.JsonReader.doPeek(JsonReader.java:558) ~[gson-2.10.jar%2372!/:?]
	at com.google.gson.stream.JsonReader.peek(JsonReader.java:433) ~[gson-2.10.jar%2372!/:?]
	at com.google.gson.internal.bind.TypeAdapters$28.read(TypeAdapters.java:769) ~[gson-2.10.jar%2372!/:?]
	at com.google.gson.internal.bind.TypeAdapters$28.read(TypeAdapters.java:725) ~[gson-2.10.jar%2372!/:?]
	at com.google.gson.internal.bind.TypeAdapters$34$1.read(TypeAdapters.java:1007) ~[gson-2.10.jar%2372!/:?]
	at net.minecraft.util.GsonHelper.m_13780_(GsonHelper.java:524) ~[server-1.20.1-20230612.114412-srg.jar%23420!/:?]
	... 13 more
[19Apr2026 02:22:05.175] [Worker-Main-3/ERROR] [net.minecraft.server.packs.resources.SimpleJsonResourceReloadListener/]: Couldn't parse data file irons_spellbooks:legionnaire_flamberge_repair from irons_spellbooks:recipes/legionnaire_flamberge_repair.json
com.google.gson.JsonParseException: java.io.EOFException: End of input at line 1 column 1 path $
	at net.minecraft.util.GsonHelper.m_13780_(GsonHelper.java:526) ~[server-1.20.1-20230612.114412-srg.jar%23420!/:?]
	at net.minecraft.util.GsonHelper.m_263475_(GsonHelper.java:531) ~[server-1.20.1-20230612.114412-srg.jar%23420!/:?]
	at net.minecraft.util.GsonHelper.m_13776_(GsonHelper.java:581) ~[server-1.20.1-20230612.114412-srg.jar%23420!/:?]
	at net.minecraft.server.packs.resources.SimpleJsonResourceReloadListener.m_278771_(SimpleJsonResourceReloadListener.java:41) ~[server-1.20.1-20230612.114412-srg.jar%23420!/:?]
	at net.minecraft.server.packs.resources.SimpleJsonResourceReloadListener.m_5944_(SimpleJsonResourceReloadListener.java:29) ~[server-1.20.1-20230612.114412-srg.jar%23420!/:?]
	at net.minecraft.server.packs.resources.SimpleJsonResourceReloadListener.m_5944_(SimpleJsonResourceReloadListener.java:17) ~[server-1.20.1-20230612.114412-srg.jar%23420!/:?]
	at net.minecraft.server.packs.resources.SimplePreparableReloadListener.m_10786_(SimplePreparableReloadListener.java:11) ~[server-1.20.1-20230612.114412-srg.jar%23420!/:?]
	at java.util.concurrent.CompletableFuture$AsyncSupply.run(CompletableFuture.java:1768) ~[?:?]
	at java.util.concurrent.CompletableFuture$AsyncSupply.exec(CompletableFuture.java:1760) ~[?:?]
	at java.util.concurrent.ForkJoinTask.doExec(ForkJoinTask.java:373) ~[?:?]
	at java.util.concurrent.ForkJoinPool$WorkQueue.topLevelExec(ForkJoinPool.java:1182) ~[?:?]
	at java.util.concurrent.ForkJoinPool.scan(ForkJoinPool.java:1655) ~[?:?]
	at java.util.concurrent.ForkJoinPool.runWorker(ForkJoinPool.java:1622) ~[?:?]
	at java.util.concurrent.ForkJoinWorkerThread.run(ForkJoinWorkerThread.java:165) ~[?:?]
Caused by: java.io.EOFException: End of input at line 1 column 1 path $
	at com.google.gson.stream.JsonReader.nextNonWhitespace(JsonReader.java:1455) ~[gson-2.10.jar%2372!/:?]
	at com.google.gson.stream.JsonReader.doPeek(JsonReader.java:558) ~[gson-2.10.jar%2372!/:?]
	at com.google.gson.stream.JsonReader.peek(JsonReader.java:433) ~[gson-2.10.jar%2372!/:?]
	at com.google.gson.internal.bind.TypeAdapters$28.read(TypeAdapters.java:769) ~[gson-2.10.jar%2372!/:?]
	at com.google.gson.internal.bind.TypeAdapters$28.read(TypeAdapters.java:725) ~[gson-2.10.jar%2372!/:?]
	at com.google.gson.internal.bind.TypeAdapters$34$1.read(TypeAdapters.java:1007) ~[gson-2.10.jar%2372!/:?]
	at net.minecraft.util.GsonHelper.m_13780_(GsonHelper.java:524) ~[server-1.20.1-20230612.114412-srg.jar%23420!/:?]
	... 13 more
[19Apr2026 02:22:05.205] [Worker-Main-2/ERROR] [net.minecraft.server.packs.resources.SimpleJsonResourceReloadListener/]: Couldn't parse data file aether:gloves_loot_chain from aether:loot_modifiers/gloves_loot_chain.json
com.google.gson.JsonParseException: java.io.EOFException: End of input at line 1 column 1 path $
	at net.minecraft.util.GsonHelper.m_13780_(GsonHelper.java:526) ~[server-1.20.1-20230612.114412-srg.jar%23420!/:?]
	at net.minecraft.util.GsonHelper.m_263475_(GsonHelper.java:531) ~[server-1.20.1-20230612.114412-srg.jar%23420!/:?]
	at net.minecraft.util.GsonHelper.m_13776_(GsonHelper.java:581) ~[server-1.20.1-20230612.114412-srg.jar%23420!/:?]
	at net.minecraft.server.packs.resources.SimpleJsonResourceReloadListener.m_278771_(SimpleJsonResourceReloadListener.java:41) ~[server-1.20.1-20230612.114412-srg.jar%23420!/:?]
	at net.minecraft.server.packs.resources.SimpleJsonResourceReloadListener.m_5944_(SimpleJsonResourceReloadListener.java:29) ~[server-1.20.1-20230612.114412-srg.jar%23420!/:?]
	at net.minecraft.server.packs.resources.SimpleJsonResourceReloadListener.m_5944_(SimpleJsonResourceReloadListener.java:17) ~[server-1.20.1-20230612.114412-srg.jar%23420!/:?]
	at net.minecraft.server.packs.resources.SimplePreparableReloadListener.m_10786_(SimplePreparableReloadListener.java:11) ~[server-1.20.1-20230612.114412-srg.jar%23420!/:?]
	at java.util.concurrent.CompletableFuture$AsyncSupply.run(CompletableFuture.java:1768) ~[?:?]
	at java.util.concurrent.CompletableFuture$AsyncSupply.exec(CompletableFuture.java:1760) ~[?:?]
	at java.util.concurrent.ForkJoinTask.doExec(ForkJoinTask.java:373) ~[?:?]
	at java.util.concurrent.ForkJoinPool$WorkQueue.topLevelExec(ForkJoinPool.java:1182) ~[?:?]
	at java.util.concurrent.ForkJoinPool.scan(ForkJoinPool.java:1655) ~[?:?]
	at java.util.concurrent.ForkJoinPool.runWorker(ForkJoinPool.java:1622) ~[?:?]
	at java.util.concurrent.ForkJoinWorkerThread.run(ForkJoinWorkerThread.java:165) ~[?:?]
Caused by: java.io.EOFException: End of input at line 1 column 1 path $
	at com.google.gson.stream.JsonReader.nextNonWhitespace(JsonReader.java:1455) ~[gson-2.10.jar%2372!/:?]
	at com.google.gson.stream.JsonReader.doPeek(JsonReader.java:558) ~[gson-2.10.jar%2372!/:?]
	at com.google.gson.stream.JsonReader.peek(JsonReader.java:433) ~[gson-2.10.jar%2372!/:?]
	at com.google.gson.internal.bind.TypeAdapters$28.read(TypeAdapters.java:769) ~[gson-2.10.jar%2372!/:?]
	at com.google.gson.internal.bind.TypeAdapters$28.read(TypeAdapters.java:725) ~[gson-2.10.jar%2372!/:?]
	at com.google.gson.internal.bind.TypeAdapters$34$1.read(TypeAdapters.java:1007) ~[gson-2.10.jar%2372!/:?]
	at net.minecraft.util.GsonHelper.m_13780_(GsonHelper.java:524) ~[server-1.20.1-20230612.114412-srg.jar%23420!/:?]
	... 13 more
[19Apr2026 02:22:05.188] [Worker-Main-1/ERROR] [net.minecraft.server.packs.resources.SimpleJsonResourceReloadListener/]: Couldn't parse data file irons_spellbooks:chests/trial_chambers/pot_replacement from irons_spellbooks:loot_tables/chests/trial_chambers/pot_replacement.json
com.google.gson.JsonParseException: com.google.gson.stream.MalformedJsonException: Use JsonReader.setLenient(true) to accept malformed JSON at line 21 column 8 path $.pools[0].entries[1]
	at net.minecraft.util.GsonHelper.m_13780_(GsonHelper.java:526) ~[server-1.20.1-20230612.114412-srg.jar%23420!/:?]
	at net.minecraft.util.GsonHelper.m_263475_(GsonHelper.java:531) ~[server-1.20.1-20230612.114412-srg.jar%23420!/:?]
	at net.minecraft.util.GsonHelper.m_13776_(GsonHelper.java:581) ~[server-1.20.1-20230612.114412-srg.jar%23420!/:?]
	at net.minecraft.server.packs.resources.SimpleJsonResourceReloadListener.m_278771_(SimpleJsonResourceReloadListener.java:41) ~[server-1.20.1-20230612.114412-srg.jar%23420!/:?]
	at net.minecraft.world.level.storage.loot.LootDataManager.m_278660_(LootDataManager.java:54) ~[server-1.20.1-20230612.114412-srg.jar%23420!/:?]
	at java.util.concurrent.CompletableFuture$AsyncRun.run(CompletableFuture.java:1804) ~[?:?]
	at java.util.concurrent.CompletableFuture$AsyncRun.exec(CompletableFuture.java:1796) ~[?:?]
	at java.util.concurrent.ForkJoinTask.doExec(ForkJoinTask.java:373) ~[?:?]
	at java.util.concurrent.ForkJoinPool$WorkQueue.topLevelExec(ForkJoinPool.java:1182) ~[?:?]
	at java.util.concurrent.ForkJoinPool.scan(ForkJoinPool.java:1655) ~[?:?]
	at java.util.concurrent.ForkJoinPool.runWorker(ForkJoinPool.java:1622) ~[?:?]
	at java.util.concurrent.ForkJoinWorkerThread.run(ForkJoinWorkerThread.java:165) ~[?:?]
Caused by: com.google.gson.stream.MalformedJsonException: Use JsonReader.setLenient(true) to accept malformed JSON at line 21 column 8 path $.pools[0].entries[1]
	at com.google.gson.stream.JsonReader.syntaxError(JsonReader.java:1657) ~[gson-2.10.jar%2372!/:?]
	at com.google.gson.stream.JsonReader.checkLenient(JsonReader.java:1463) ~[gson-2.10.jar%2372!/:?]
	at com.google.gson.stream.JsonReader.doPeek(JsonReader.java:569) ~[gson-2.10.jar%2372!/:?]
	at com.google.gson.stream.JsonReader.hasNext(JsonReader.java:422) ~[gson-2.10.jar%2372!/:?]
	at com.google.gson.internal.bind.TypeAdapters$28.read(TypeAdapters.java:779) ~[gson-2.10.jar%2372!/:?]
	at com.google.gson.internal.bind.TypeAdapters$28.read(TypeAdapters.java:725) ~[gson-2.10.jar%2372!/:?]
	at com.google.gson.internal.bind.TypeAdapters$34$1.read(TypeAdapters.java:1007) ~[gson-2.10.jar%2372!/:?]
	at net.minecraft.util.GsonHelper.m_13780_(GsonHelper.java:524) ~[server-1.20.1-20230612.114412-srg.jar%23420!/:?]
	... 11 more
[19Apr2026 02:22:05.341] [Worker-Main-2/ERROR] [net.minecraft.server.packs.resources.SimpleJsonResourceReloadListener/]: Couldn't parse data file aether:gloves_loot_diamond from aether:loot_modifiers/gloves_loot_diamond.json
com.google.gson.JsonParseException: java.io.EOFException: End of input at line 1 column 1 path $
	at net.minecraft.util.GsonHelper.m_13780_(GsonHelper.java:526) ~[server-1.20.1-20230612.114412-srg.jar%23420!/:?]
	at net.minecraft.util.GsonHelper.m_263475_(GsonHelper.java:531) ~[server-1.20.1-20230612.114412-srg.jar%23420!/:?]
	at net.minecraft.util.GsonHelper.m_13776_(GsonHelper.java:581) ~[server-1.20.1-20230612.114412-srg.jar%23420!/:?]
	at net.minecraft.server.packs.resources.SimpleJsonResourceReloadListener.m_278771_(SimpleJsonResourceReloadListener.java:41) ~[server-1.20.1-20230612.114412-srg.jar%23420!/:?]
	at net.minecraft.server.packs.resources.SimpleJsonResourceReloadListener.m_5944_(SimpleJsonResourceReloadListener.java:29) ~[server-1.20.1-20230612.114412-srg.jar%23420!/:?]
	at net.minecraft.server.packs.resources.SimpleJsonResourceReloadListener.m_5944_(SimpleJsonResourceReloadListener.java:17) ~[server-1.20.1-20230612.114412-srg.jar%23420!/:?]
	at net.minecraft.server.packs.resources.SimplePreparableReloadListener.m_10786_(SimplePreparableReloadListener.java:11) ~[server-1.20.1-20230612.114412-srg.jar%23420!/:?]
	at java.util.concurrent.CompletableFuture$AsyncSupply.run(CompletableFuture.java:1768) ~[?:?]
	at java.util.concurrent.CompletableFuture$AsyncSupply.exec(CompletableFuture.java:1760) ~[?:?]
	at java.util.concurrent.ForkJoinTask.doExec(ForkJoinTask.java:373) ~[?:?]
	at java.util.concurrent.ForkJoinPool$WorkQueue.topLevelExec(ForkJoinPool.java:1182) ~[?:?]
	at java.util.concurrent.ForkJoinPool.scan(ForkJoinPool.java:1655) ~[?:?]
	at java.util.concurrent.ForkJoinPool.runWorker(ForkJoinPool.java:1622) ~[?:?]
	at java.util.concurrent.ForkJoinWorkerThread.run(ForkJoinWorkerThread.java:165) ~[?:?]
Caused by: java.io.EOFException: End of input at line 1 column 1 path $
	at com.google.gson.stream.JsonReader.nextNonWhitespace(JsonReader.java:1455) ~[gson-2.10.jar%2372!/:?]
	at com.google.gson.stream.JsonReader.doPeek(JsonReader.java:558) ~[gson-2.10.jar%2372!/:?]
	at com.google.gson.stream.JsonReader.peek(JsonReader.java:433) ~[gson-2.10.jar%2372!/:?]
	at com.google.gson.internal.bind.TypeAdapters$28.read(TypeAdapters.java:769) ~[gson-2.10.jar%2372!/:?]
	at com.google.gson.internal.bind.TypeAdapters$28.read(TypeAdapters.java:725) ~[gson-2.10.jar%2372!/:?]
	at com.google.gson.internal.bind.TypeAdapters$34$1.read(TypeAdapters.java:1007) ~[gson-2.10.jar%2372!/:?]
	at net.minecraft.util.GsonHelper.m_13780_(GsonHelper.java:524) ~[server-1.20.1-20230612.114412-srg.jar%23420!/:?]
	... 13 more
[19Apr2026 02:22:05.342] [Worker-Main-2/ERROR] [net.minecraft.server.packs.resources.SimpleJsonResourceReloadListener/]: Couldn't parse data file aether:gloves_loot_gold from aether:loot_modifiers/gloves_loot_gold.json
com.google.gson.JsonParseException: java.io.EOFException: End of input at line 1 column 1 path $
	at net.minecraft.util.GsonHelper.m_13780_(GsonHelper.java:526) ~[server-1.20.1-20230612.114412-srg.jar%23420!/:?]
	at net.minecraft.util.GsonHelper.m_263475_(GsonHelper.java:531) ~[server-1.20.1-20230612.114412-srg.jar%23420!/:?]
	at net.minecraft.util.GsonHelper.m_13776_(GsonHelper.java:581) ~[server-1.20.1-20230612.114412-srg.jar%23420!/:?]
	at net.minecraft.server.packs.resources.SimpleJsonResourceReloadListener.m_278771_(SimpleJsonResourceReloadListener.java:41) ~[server-1.20.1-20230612.114412-srg.jar%23420!/:?]
	at net.minecraft.server.packs.resources.SimpleJsonResourceReloadListener.m_5944_(SimpleJsonResourceReloadListener.java:29) ~[server-1.20.1-20230612.114412-srg.jar%23420!/:?]
	at net.minecraft.server.packs.resources.SimpleJsonResourceReloadListener.m_5944_(SimpleJsonResourceReloadListener.java:17) ~[server-1.20.1-20230612.114412-srg.jar%23420!/:?]
	at net.minecraft.server.packs.resources.SimplePreparableReloadListener.m_10786_(SimplePreparableReloadListener.java:11) ~[server-1.20.1-20230612.114412-srg.jar%23420!/:?]
	at java.util.concurrent.CompletableFuture$AsyncSupply.run(CompletableFuture.java:1768) ~[?:?]
	at java.util.concurrent.CompletableFuture$AsyncSupply.exec(CompletableFuture.java:1760) ~[?:?]
	at java.util.concurrent.ForkJoinTask.doExec(ForkJoinTask.java:373) ~[?:?]
	at java.util.concurrent.ForkJoinPool$WorkQueue.topLevelExec(ForkJoinPool.java:1182) ~[?:?]
	at java.util.concurrent.ForkJoinPool.scan(ForkJoinPool.java:1655) ~[?:?]
	at java.util.concurrent.ForkJoinPool.runWorker(ForkJoinPool.java:1622) ~[?:?]
	at java.util.concurrent.ForkJoinWorkerThread.run(ForkJoinWorkerThread.java:165) ~[?:?]
Caused by: java.io.EOFException: End of input at line 1 column 1 path $
	at com.google.gson.stream.JsonReader.nextNonWhitespace(JsonReader.java:1455) ~[gson-2.10.jar%2372!/:?]
	at com.google.gson.stream.JsonReader.doPeek(JsonReader.java:558) ~[gson-2.10.jar%2372!/:?]
	at com.google.gson.stream.JsonReader.peek(JsonReader.java:433) ~[gson-2.10.jar%2372!/:?]
	at com.google.gson.internal.bind.TypeAdapters$28.read(TypeAdapters.java:769) ~[gson-2.10.jar%2372!/:?]
	at com.google.gson.internal.bind.TypeAdapters$28.read(TypeAdapters.java:725) ~[gson-2.10.jar%2372!/:?]
	at com.google.gson.internal.bind.TypeAdapters$34$1.read(TypeAdapters.java:1007) ~[gson-2.10.jar%2372!/:?]
	at net.minecraft.util.GsonHelper.m_13780_(GsonHelper.java:524) ~[server-1.20.1-20230612.114412-srg.jar%23420!/:?]
	... 13 more
[19Apr2026 02:22:05.342] [Worker-Main-2/ERROR] [net.minecraft.server.packs.resources.SimpleJsonResourceReloadListener/]: Couldn't parse data file aether:gloves_loot_iron from aether:loot_modifiers/gloves_loot_iron.json
com.google.gson.JsonParseException: java.io.EOFException: End of input at line 1 column 1 path $
	at net.minecraft.util.GsonHelper.m_13780_(GsonHelper.java:526) ~[server-1.20.1-20230612.114412-srg.jar%23420!/:?]
	at net.minecraft.util.GsonHelper.m_263475_(GsonHelper.java:531) ~[server-1.20.1-20230612.114412-srg.jar%23420!/:?]
	at net.minecraft.util.GsonHelper.m_13776_(GsonHelper.java:581) ~[server-1.20.1-20230612.114412-srg.jar%23420!/:?]
	at net.minecraft.server.packs.resources.SimpleJsonResourceReloadListener.m_278771_(SimpleJsonResourceReloadListener.java:41) ~[server-1.20.1-20230612.114412-srg.jar%23420!/:?]
	at net.minecraft.server.packs.resources.SimpleJsonResourceReloadListener.m_5944_(SimpleJsonResourceReloadListener.java:29) ~[server-1.20.1-20230612.114412-srg.jar%23420!/:?]
	at net.minecraft.server.packs.resources.SimpleJsonResourceReloadListener.m_5944_(SimpleJsonResourceReloadListener.java:17) ~[server-1.20.1-20230612.114412-srg.jar%23420!/:?]
	at net.minecraft.server.packs.resources.SimplePreparableReloadListener.m_10786_(SimplePreparableReloadListener.java:11) ~[server-1.20.1-20230612.114412-srg.jar%23420!/:?]
	at java.util.concurrent.CompletableFuture$AsyncSupply.run(CompletableFuture.java:1768) ~[?:?]
	at java.util.concurrent.CompletableFuture$AsyncSupply.exec(CompletableFuture.java:1760) ~[?:?]
	at java.util.concurrent.ForkJoinTask.doExec(ForkJoinTask.java:373) ~[?:?]
	at java.util.concurrent.ForkJoinPool$WorkQueue.topLevelExec(ForkJoinPool.java:1182) ~[?:?]
	at java.util.concurrent.ForkJoinPool.scan(ForkJoinPool.java:1655) ~[?:?]
	at java.util.concurrent.ForkJoinPool.runWorker(ForkJoinPool.java:1622) ~[?:?]
	at java.util.concurrent.ForkJoinWorkerThread.run(ForkJoinWorkerThread.java:165) ~[?:?]
Caused by: java.io.EOFException: End of input at line 1 column 1 path $
	at com.google.gson.stream.JsonReader.nextNonWhitespace(JsonReader.java:1455) ~[gson-2.10.jar%2372!/:?]
	at com.google.gson.stream.JsonReader.doPeek(JsonReader.java:558) ~[gson-2.10.jar%2372!/:?]
	at com.google.gson.stream.JsonReader.peek(JsonReader.java:433) ~[gson-2.10.jar%2372!/:?]
	at com.google.gson.internal.bind.TypeAdapters$28.read(TypeAdapters.java:769) ~[gson-2.10.jar%2372!/:?]
	at com.google.gson.internal.bind.TypeAdapters$28.read(TypeAdapters.java:725) ~[gson-2.10.jar%2372!/:?]
	at com.google.gson.internal.bind.TypeAdapters$34$1.read(TypeAdapters.java:1007) ~[gson-2.10.jar%2372!/:?]
	at net.minecraft.util.GsonHelper.m_13780_(GsonHelper.java:524) ~[server-1.20.1-20230612.114412-srg.jar%23420!/:?]
	... 13 more
[19Apr2026 02:22:05.343] [Worker-Main-2/ERROR] [net.minecraft.server.packs.resources.SimpleJsonResourceReloadListener/]: Couldn't parse data file aether:gloves_loot_leather from aether:loot_modifiers/gloves_loot_leather.json
com.google.gson.JsonParseException: java.io.EOFException: End of input at line 1 column 1 path $
	at net.minecraft.util.GsonHelper.m_13780_(GsonHelper.java:526) ~[server-1.20.1-20230612.114412-srg.jar%23420!/:?]
	at net.minecraft.util.GsonHelper.m_263475_(GsonHelper.java:531) ~[server-1.20.1-20230612.114412-srg.jar%23420!/:?]
	at net.minecraft.util.GsonHelper.m_13776_(GsonHelper.java:581) ~[server-1.20.1-20230612.114412-srg.jar%23420!/:?]
	at net.minecraft.server.packs.resources.SimpleJsonResourceReloadListener.m_278771_(SimpleJsonResourceReloadListener.java:41) ~[server-1.20.1-20230612.114412-srg.jar%23420!/:?]
	at net.minecraft.server.packs.resources.SimpleJsonResourceReloadListener.m_5944_(SimpleJsonResourceReloadListener.java:29) ~[server-1.20.1-20230612.114412-srg.jar%23420!/:?]
	at net.minecraft.server.packs.resources.SimpleJsonResourceReloadListener.m_5944_(SimpleJsonResourceReloadListener.java:17) ~[server-1.20.1-20230612.114412-srg.jar%23420!/:?]
	at net.minecraft.server.packs.resources.SimplePreparableReloadListener.m_10786_(SimplePreparableReloadListener.java:11) ~[server-1.20.1-20230612.114412-srg.jar%23420!/:?]
	at java.util.concurrent.CompletableFuture$AsyncSupply.run(CompletableFuture.java:1768) ~[?:?]
	at java.util.concurrent.CompletableFuture$AsyncSupply.exec(CompletableFuture.java:1760) ~[?:?]
	at java.util.concurrent.ForkJoinTask.doExec(ForkJoinTask.java:373) ~[?:?]
	at java.util.concurrent.ForkJoinPool$WorkQueue.topLevelExec(ForkJoinPool.java:1182) ~[?:?]
	at java.util.concurrent.ForkJoinPool.scan(ForkJoinPool.java:1655) ~[?:?]
	at java.util.concurrent.ForkJoinPool.runWorker(ForkJoinPool.java:1622) ~[?:?]
	at java.util.concurrent.ForkJoinWorkerThread.run(ForkJoinWorkerThread.java:165) ~[?:?]
Caused by: java.io.EOFException: End of input at line 1 column 1 path $
	at com.google.gson.stream.JsonReader.nextNonWhitespace(JsonReader.java:1455) ~[gson-2.10.jar%2372!/:?]
	at com.google.gson.stream.JsonReader.doPeek(JsonReader.java:558) ~[gson-2.10.jar%2372!/:?]
	at com.google.gson.stream.JsonReader.peek(JsonReader.java:433) ~[gson-2.10.jar%2372!/:?]
	at com.google.gson.internal.bind.TypeAdapters$28.read(TypeAdapters.java:769) ~[gson-2.10.jar%2372!/:?]
	at com.google.gson.internal.bind.TypeAdapters$28.read(TypeAdapters.java:725) ~[gson-2.10.jar%2372!/:?]
	at com.google.gson.internal.bind.TypeAdapters$34$1.read(TypeAdapters.java:1007) ~[gson-2.10.jar%2372!/:?]
	at net.minecraft.util.GsonHelper.m_13780_(GsonHelper.java:524) ~[server-1.20.1-20230612.114412-srg.jar%23420!/:?]
	... 13 more
[19Apr2026 02:22:05.346] [Worker-Main-2/ERROR] [net.minecraft.server.packs.resources.SimpleJsonResourceReloadListener/]: Couldn't parse data file aether:gloves_loot_netherite from aether:loot_modifiers/gloves_loot_netherite.json
com.google.gson.JsonParseException: java.io.EOFException: End of input at line 1 column 1 path $
	at net.minecraft.util.GsonHelper.m_13780_(GsonHelper.java:526) ~[server-1.20.1-20230612.114412-srg.jar%23420!/:?]
	at net.minecraft.util.GsonHelper.m_263475_(GsonHelper.java:531) ~[server-1.20.1-20230612.114412-srg.jar%23420!/:?]
	at net.minecraft.util.GsonHelper.m_13776_(GsonHelper.java:581) ~[server-1.20.1-20230612.114412-srg.jar%23420!/:?]
	at net.minecraft.server.packs.resources.SimpleJsonResourceReloadListener.m_278771_(SimpleJsonResourceReloadListener.java:41) ~[server-1.20.1-20230612.114412-srg.jar%23420!/:?]
	at net.minecraft.server.packs.resources.SimpleJsonResourceReloadListener.m_5944_(SimpleJsonResourceReloadListener.java:29) ~[server-1.20.1-20230612.114412-srg.jar%23420!/:?]
	at net.minecraft.server.packs.resources.SimpleJsonResourceReloadListener.m_5944_(SimpleJsonResourceReloadListener.java:17) ~[server-1.20.1-20230612.114412-srg.jar%23420!/:?]
	at net.minecraft.server.packs.resources.SimplePreparableReloadListener.m_10786_(SimplePreparableReloadListener.java:11) ~[server-1.20.1-20230612.114412-srg.jar%23420!/:?]
	at java.util.concurrent.CompletableFuture$AsyncSupply.run(CompletableFuture.java:1768) ~[?:?]
	at java.util.concurrent.CompletableFuture$AsyncSupply.exec(CompletableFuture.java:1760) ~[?:?]
	at java.util.concurrent.ForkJoinTask.doExec(ForkJoinTask.java:373) ~[?:?]
	at java.util.concurrent.ForkJoinPool$WorkQueue.topLevelExec(ForkJoinPool.java:1182) ~[?:?]
	at java.util.concurrent.ForkJoinPool.scan(ForkJoinPool.java:1655) ~[?:?]
	at java.util.concurrent.ForkJoinPool.runWorker(ForkJoinPool.java:1622) ~[?:?]
	at java.util.concurrent.ForkJoinWorkerThread.run(ForkJoinWorkerThread.java:165) ~[?:?]
Caused by: java.io.EOFException: End of input at line 1 column 1 path $
	at com.google.gson.stream.JsonReader.nextNonWhitespace(JsonReader.java:1455) ~[gson-2.10.jar%2372!/:?]
	at com.google.gson.stream.JsonReader.doPeek(JsonReader.java:558) ~[gson-2.10.jar%2372!/:?]
	at com.google.gson.stream.JsonReader.peek(JsonReader.java:433) ~[gson-2.10.jar%2372!/:?]
	at com.google.gson.internal.bind.TypeAdapters$28.read(TypeAdapters.java:769) ~[gson-2.10.jar%2372!/:?]
	at com.google.gson.internal.bind.TypeAdapters$28.read(TypeAdapters.java:725) ~[gson-2.10.jar%2372!/:?]
	at com.google.gson.internal.bind.TypeAdapters$34$1.read(TypeAdapters.java:1007) ~[gson-2.10.jar%2372!/:?]
	at net.minecraft.util.GsonHelper.m_13780_(GsonHelper.java:524) ~[server-1.20.1-20230612.114412-srg.jar%23420!/:?]
	... 13 more
[19Apr2026 02:22:05.347] [Worker-Main-3/ERROR] [net.minecraft.server.packs.resources.SimpleJsonResourceReloadListener/]: Couldn't parse data file cataclysm:meat_shredder from cataclysm:recipes/meat_shredder.json
com.google.gson.JsonParseException: java.io.EOFException: End of input at line 1 column 1 path $
	at net.minecraft.util.GsonHelper.m_13780_(GsonHelper.java:526) ~[server-1.20.1-20230612.114412-srg.jar%23420!/:?]
	at net.minecraft.util.GsonHelper.m_263475_(GsonHelper.java:531) ~[server-1.20.1-20230612.114412-srg.jar%23420!/:?]
	at net.minecraft.util.GsonHelper.m_13776_(GsonHelper.java:581) ~[server-1.20.1-20230612.114412-srg.jar%23420!/:?]
	at net.minecraft.server.packs.resources.SimpleJsonResourceReloadListener.m_278771_(SimpleJsonResourceReloadListener.java:41) ~[server-1.20.1-20230612.114412-srg.jar%23420!/:?]
	at net.minecraft.server.packs.resources.SimpleJsonResourceReloadListener.m_5944_(SimpleJsonResourceReloadListener.java:29) ~[server-1.20.1-20230612.114412-srg.jar%23420!/:?]
	at net.minecraft.server.packs.resources.SimpleJsonResourceReloadListener.m_5944_(SimpleJsonResourceReloadListener.java:17) ~[server-1.20.1-20230612.114412-srg.jar%23420!/:?]
	at net.minecraft.server.packs.resources.SimplePreparableReloadListener.m_10786_(SimplePreparableReloadListener.java:11) ~[server-1.20.1-20230612.114412-srg.jar%23420!/:?]
	at java.util.concurrent.CompletableFuture$AsyncSupply.run(CompletableFuture.java:1768) ~[?:?]
	at java.util.concurrent.CompletableFuture$AsyncSupply.exec(CompletableFuture.java:1760) ~[?:?]
	at java.util.concurrent.ForkJoinTask.doExec(ForkJoinTask.java:373) ~[?:?]
	at java.util.concurrent.ForkJoinPool$WorkQueue.topLevelExec(ForkJoinPool.java:1182) ~[?:?]
	at java.util.concurrent.ForkJoinPool.scan(ForkJoinPool.java:1655) ~[?:?]
	at java.util.concurrent.ForkJoinPool.runWorker(ForkJoinPool.java:1622) ~[?:?]
	at java.util.concurrent.ForkJoinWorkerThread.run(ForkJoinWorkerThread.java:165) ~[?:?]
Caused by: java.io.EOFException: End of input at line 1 column 1 path $
	at com.google.gson.stream.JsonReader.nextNonWhitespace(JsonReader.java:1455) ~[gson-2.10.jar%2372!/:?]
	at com.google.gson.stream.JsonReader.doPeek(JsonReader.java:558) ~[gson-2.10.jar%2372!/:?]
	at com.google.gson.stream.JsonReader.peek(JsonReader.java:433) ~[gson-2.10.jar%2372!/:?]
	at com.google.gson.internal.bind.TypeAdapters$28.read(TypeAdapters.java:769) ~[gson-2.10.jar%2372!/:?]
	at com.google.gson.internal.bind.TypeAdapters$28.read(TypeAdapters.java:725) ~[gson-2.10.jar%2372!/:?]
	at com.google.gson.internal.bind.TypeAdapters$34$1.read(TypeAdapters.java:1007) ~[gson-2.10.jar%2372!/:?]
	at net.minecraft.util.GsonHelper.m_13780_(GsonHelper.java:524) ~[server-1.20.1-20230612.114412-srg.jar%23420!/:?]
	... 13 more
[19Apr2026 02:22:05.348] [Worker-Main-1/ERROR] [net.minecraft.server.packs.resources.SimpleJsonResourceReloadListener/]: Couldn't parse data file irons_spellbooks:entities/additional_blaze_loot from irons_spellbooks:loot_tables/entities/additional_blaze_loot.json
com.google.gson.JsonParseException: java.io.EOFException: End of input at line 1 column 1 path $
	at net.minecraft.util.GsonHelper.m_13780_(GsonHelper.java:526) ~[server-1.20.1-20230612.114412-srg.jar%23420!/:?]
	at net.minecraft.util.GsonHelper.m_263475_(GsonHelper.java:531) ~[server-1.20.1-20230612.114412-srg.jar%23420!/:?]
	at net.minecraft.util.GsonHelper.m_13776_(GsonHelper.java:581) ~[server-1.20.1-20230612.114412-srg.jar%23420!/:?]
	at net.minecraft.server.packs.resources.SimpleJsonResourceReloadListener.m_278771_(SimpleJsonResourceReloadListener.java:41) ~[server-1.20.1-20230612.114412-srg.jar%23420!/:?]
	at net.minecraft.world.level.storage.loot.LootDataManager.m_278660_(LootDataManager.java:54) ~[server-1.20.1-20230612.114412-srg.jar%23420!/:?]
	at java.util.concurrent.CompletableFuture$AsyncRun.run(CompletableFuture.java:1804) ~[?:?]
	at java.util.concurrent.CompletableFuture$AsyncRun.exec(CompletableFuture.java:1796) ~[?:?]
	at java.util.concurrent.ForkJoinTask.doExec(ForkJoinTask.java:373) ~[?:?]
	at java.util.concurrent.ForkJoinPool$WorkQueue.topLevelExec(ForkJoinPool.java:1182) ~[?:?]
	at java.util.concurrent.ForkJoinPool.scan(ForkJoinPool.java:1655) ~[?:?]
	at java.util.concurrent.ForkJoinPool.runWorker(ForkJoinPool.java:1622) ~[?:?]
	at java.util.concurrent.ForkJoinWorkerThread.run(ForkJoinWorkerThread.java:165) ~[?:?]
Caused by: java.io.EOFException: End of input at line 1 column 1 path $
	at com.google.gson.stream.JsonReader.nextNonWhitespace(JsonReader.java:1455) ~[gson-2.10.jar%2372!/:?]
	at com.google.gson.stream.JsonReader.doPeek(JsonReader.java:558) ~[gson-2.10.jar%2372!/:?]
	at com.google.gson.stream.JsonReader.peek(JsonReader.java:433) ~[gson-2.10.jar%2372!/:?]
	at com.google.gson.internal.bind.TypeAdapters$28.read(TypeAdapters.java:769) ~[gson-2.10.jar%2372!/:?]
	at com.google.gson.internal.bind.TypeAdapters$28.read(TypeAdapters.java:725) ~[gson-2.10.jar%2372!/:?]
	at com.google.gson.internal.bind.TypeAdapters$34$1.read(TypeAdapters.java:1007) ~[gson-2.10.jar%2372!/:?]
	at net.minecraft.util.GsonHelper.m_13780_(GsonHelper.java:524) ~[server-1.20.1-20230612.114412-srg.jar%23420!/:?]
	... 11 more
[19Apr2026 02:22:05.349] [Worker-Main-3/ERROR] [net.minecraft.server.packs.resources.SimpleJsonResourceReloadListener/]: Couldn't parse data file efn:meen_spear from efn:recipes/meen_spear.json
com.google.gson.JsonParseException: java.io.EOFException: End of input at line 1 column 1 path $
	at net.minecraft.util.GsonHelper.m_13780_(GsonHelper.java:526) ~[server-1.20.1-20230612.114412-srg.jar%23420!/:?]
	at net.minecraft.util.GsonHelper.m_263475_(GsonHelper.java:531) ~[server-1.20.1-20230612.114412-srg.jar%23420!/:?]
	at net.minecraft.util.GsonHelper.m_13776_(GsonHelper.java:581) ~[server-1.20.1-20230612.114412-srg.jar%23420!/:?]
	at net.minecraft.server.packs.resources.SimpleJsonResourceReloadListener.m_278771_(SimpleJsonResourceReloadListener.java:41) ~[server-1.20.1-20230612.114412-srg.jar%23420!/:?]
	at net.minecraft.server.packs.resources.SimpleJsonResourceReloadListener.m_5944_(SimpleJsonResourceReloadListener.java:29) ~[server-1.20.1-20230612.114412-srg.jar%23420!/:?]
	at net.minecraft.server.packs.resources.SimpleJsonResourceReloadListener.m_5944_(SimpleJsonResourceReloadListener.java:17) ~[server-1.20.1-20230612.114412-srg.jar%23420!/:?]
	at net.minecraft.server.packs.resources.SimplePreparableReloadListener.m_10786_(SimplePreparableReloadListener.java:11) ~[server-1.20.1-20230612.114412-srg.jar%23420!/:?]
	at java.util.concurrent.CompletableFuture$AsyncSupply.run(CompletableFuture.java:1768) ~[?:?]
	at java.util.concurrent.CompletableFuture$AsyncSupply.exec(CompletableFuture.java:1760) ~[?:?]
	at java.util.concurrent.ForkJoinTask.doExec(ForkJoinTask.java:373) ~[?:?]
	at java.util.concurrent.ForkJoinPool$WorkQueue.topLevelExec(ForkJoinPool.java:1182) ~[?:?]
	at java.util.concurrent.ForkJoinPool.scan(ForkJoinPool.java:1655) ~[?:?]
	at java.util.concurrent.ForkJoinPool.runWorker(ForkJoinPool.java:1622) ~[?:?]
	at java.util.concurrent.ForkJoinWorkerThread.run(ForkJoinWorkerThread.java:165) ~[?:?]
Caused by: java.io.EOFException: End of input at line 1 column 1 path $
	at com.google.gson.stream.JsonReader.nextNonWhitespace(JsonReader.java:1455) ~[gson-2.10.jar%2372!/:?]
	at com.google.gson.stream.JsonReader.doPeek(JsonReader.java:558) ~[gson-2.10.jar%2372!/:?]
	at com.google.gson.stream.JsonReader.peek(JsonReader.java:433) ~[gson-2.10.jar%2372!/:?]
	at com.google.gson.internal.bind.TypeAdapters$28.read(TypeAdapters.java:769) ~[gson-2.10.jar%2372!/:?]
	at com.google.gson.internal.bind.TypeAdapters$28.read(TypeAdapters.java:725) ~[gson-2.10.jar%2372!/:?]
	at com.google.gson.internal.bind.TypeAdapters$34$1.read(TypeAdapters.java:1007) ~[gson-2.10.jar%2372!/:?]
	at net.minecraft.util.GsonHelper.m_13780_(GsonHelper.java:524) ~[server-1.20.1-20230612.114412-srg.jar%23420!/:?]
	... 13 more
[19Apr2026 02:22:05.350] [Worker-Main-1/ERROR] [net.minecraft.server.packs.resources.SimpleJsonResourceReloadListener/]: Couldn't parse data file irons_spellbooks:entities/additional_evoker_loot from irons_spellbooks:loot_tables/entities/additional_evoker_loot.json
com.google.gson.JsonParseException: java.io.EOFException: End of input at line 1 column 1 path $
	at net.minecraft.util.GsonHelper.m_13780_(GsonHelper.java:526) ~[server-1.20.1-20230612.114412-srg.jar%23420!/:?]
	at net.minecraft.util.GsonHelper.m_263475_(GsonHelper.java:531) ~[server-1.20.1-20230612.114412-srg.jar%23420!/:?]
	at net.minecraft.util.GsonHelper.m_13776_(GsonHelper.java:581) ~[server-1.20.1-20230612.114412-srg.jar%23420!/:?]
	at net.minecraft.server.packs.resources.SimpleJsonResourceReloadListener.m_278771_(SimpleJsonResourceReloadListener.java:41) ~[server-1.20.1-20230612.114412-srg.jar%23420!/:?]
	at net.minecraft.world.level.storage.loot.LootDataManager.m_278660_(LootDataManager.java:54) ~[server-1.20.1-20230612.114412-srg.jar%23420!/:?]
	at java.util.concurrent.CompletableFuture$AsyncRun.run(CompletableFuture.java:1804) ~[?:?]
	at java.util.concurrent.CompletableFuture$AsyncRun.exec(CompletableFuture.java:1796) ~[?:?]
	at java.util.concurrent.ForkJoinTask.doExec(ForkJoinTask.java:373) ~[?:?]
	at java.util.concurrent.ForkJoinPool$WorkQueue.topLevelExec(ForkJoinPool.java:1182) ~[?:?]
	at java.util.concurrent.ForkJoinPool.scan(ForkJoinPool.java:1655) ~[?:?]
	at java.util.concurrent.ForkJoinPool.runWorker(ForkJoinPool.java:1622) ~[?:?]
	at java.util.concurrent.ForkJoinWorkerThread.run(ForkJoinWorkerThread.java:165) ~[?:?]
Caused by: java.io.EOFException: End of input at line 1 column 1 path $
	at com.google.gson.stream.JsonReader.nextNonWhitespace(JsonReader.java:1455) ~[gson-2.10.jar%2372!/:?]
	at com.google.gson.stream.JsonReader.doPeek(JsonReader.java:558) ~[gson-2.10.jar%2372!/:?]
	at com.google.gson.stream.JsonReader.peek(JsonReader.java:433) ~[gson-2.10.jar%2372!/:?]
	at com.google.gson.internal.bind.TypeAdapters$28.read(TypeAdapters.java:769) ~[gson-2.10.jar%2372!/:?]
	at com.google.gson.internal.bind.TypeAdapters$28.read(TypeAdapters.java:725) ~[gson-2.10.jar%2372!/:?]
	at com.google.gson.internal.bind.TypeAdapters$34$1.read(TypeAdapters.java:1007) ~[gson-2.10.jar%2372!/:?]
	at net.minecraft.util.GsonHelper.m_13780_(GsonHelper.java:524) ~[server-1.20.1-20230612.114412-srg.jar%23420!/:?]
	... 11 more
[19Apr2026 02:22:05.351] [Worker-Main-3/ERROR] [net.minecraft.server.packs.resources.SimpleJsonResourceReloadListener/]: Couldn't parse data file efn:mortal_blade from efn:recipes/mortal_blade.json
com.google.gson.JsonParseException: java.io.EOFException: End of input at line 1 column 1 path $
	at net.minecraft.util.GsonHelper.m_13780_(GsonHelper.java:526) ~[server-1.20.1-20230612.114412-srg.jar%23420!/:?]
	at net.minecraft.util.GsonHelper.m_263475_(GsonHelper.java:531) ~[server-1.20.1-20230612.114412-srg.jar%23420!/:?]
	at net.minecraft.util.GsonHelper.m_13776_(GsonHelper.java:581) ~[server-1.20.1-20230612.114412-srg.jar%23420!/:?]
	at net.minecraft.server.packs.resources.SimpleJsonResourceReloadListener.m_278771_(SimpleJsonResourceReloadListener.java:41) ~[server-1.20.1-20230612.114412-srg.jar%23420!/:?]
	at net.minecraft.server.packs.resources.SimpleJsonResourceReloadListener.m_5944_(SimpleJsonResourceReloadListener.java:29) ~[server-1.20.1-20230612.114412-srg.jar%23420!/:?]
	at net.minecraft.server.packs.resources.SimpleJsonResourceReloadListener.m_5944_(SimpleJsonResourceReloadListener.java:17) ~[server-1.20.1-20230612.114412-srg.jar%23420!/:?]
	at net.minecraft.server.packs.resources.SimplePreparableReloadListener.m_10786_(SimplePreparableReloadListener.java:11) ~[server-1.20.1-20230612.114412-srg.jar%23420!/:?]
	at java.util.concurrent.CompletableFuture$AsyncSupply.run(CompletableFuture.java:1768) ~[?:?]
	at java.util.concurrent.CompletableFuture$AsyncSupply.exec(CompletableFuture.java:1760) ~[?:?]
	at java.util.concurrent.ForkJoinTask.doExec(ForkJoinTask.java:373) ~[?:?]
	at java.util.concurrent.ForkJoinPool$WorkQueue.topLevelExec(ForkJoinPool.java:1182) ~[?:?]
	at java.util.concurrent.ForkJoinPool.scan(ForkJoinPool.java:1655) ~[?:?]
	at java.util.concurrent.ForkJoinPool.runWorker(ForkJoinPool.java:1622) ~[?:?]
	at java.util.concurrent.ForkJoinWorkerThread.run(ForkJoinWorkerThread.java:165) ~[?:?]
Caused by: java.io.EOFException: End of input at line 1 column 1 path $
	at com.google.gson.stream.JsonReader.nextNonWhitespace(JsonReader.java:1455) ~[gson-2.10.jar%2372!/:?]
	at com.google.gson.stream.JsonReader.doPeek(JsonReader.java:558) ~[gson-2.10.jar%2372!/:?]
	at com.google.gson.stream.JsonReader.peek(JsonReader.java:433) ~[gson-2.10.jar%2372!/:?]
	at com.google.gson.internal.bind.TypeAdapters$28.read(TypeAdapters.java:769) ~[gson-2.10.jar%2372!/:?]
	at com.google.gson.internal.bind.TypeAdapters$28.read(TypeAdapters.java:725) ~[gson-2.10.jar%2372!/:?]
	at com.google.gson.internal.bind.TypeAdapters$34$1.read(TypeAdapters.java:1007) ~[gson-2.10.jar%2372!/:?]
	at net.minecraft.util.GsonHelper.m_13780_(GsonHelper.java:524) ~[server-1.20.1-20230612.114412-srg.jar%23420!/:?]
	... 13 more
[19Apr2026 02:22:05.356] [Worker-Main-1/ERROR] [net.minecraft.server.packs.resources.SimpleJsonResourceReloadListener/]: Couldn't parse data file cataclysm_spellbooks:entities/burning_knowledge_fragments from cataclysm_spellbooks:loot_tables/entities/burning_knowledge_fragments.json
com.google.gson.JsonParseException: java.io.EOFException: End of input at line 1 column 1 path $
	at net.minecraft.util.GsonHelper.m_13780_(GsonHelper.java:526) ~[server-1.20.1-20230612.114412-srg.jar%23420!/:?]
	at net.minecraft.util.GsonHelper.m_263475_(GsonHelper.java:531) ~[server-1.20.1-20230612.114412-srg.jar%23420!/:?]
	at net.minecraft.util.GsonHelper.m_13776_(GsonHelper.java:581) ~[server-1.20.1-20230612.114412-srg.jar%23420!/:?]
	at net.minecraft.server.packs.resources.SimpleJsonResourceReloadListener.m_278771_(SimpleJsonResourceReloadListener.java:41) ~[server-1.20.1-20230612.114412-srg.jar%23420!/:?]
	at net.minecraft.world.level.storage.loot.LootDataManager.m_278660_(LootDataManager.java:54) ~[server-1.20.1-20230612.114412-srg.jar%23420!/:?]
	at java.util.concurrent.CompletableFuture$AsyncRun.run(CompletableFuture.java:1804) ~[?:?]
	at java.util.concurrent.CompletableFuture$AsyncRun.exec(CompletableFuture.java:1796) ~[?:?]
	at java.util.concurrent.ForkJoinTask.doExec(ForkJoinTask.java:373) ~[?:?]
	at java.util.concurrent.ForkJoinPool$WorkQueue.topLevelExec(ForkJoinPool.java:1182) ~[?:?]
	at java.util.concurrent.ForkJoinPool.scan(ForkJoinPool.java:1655) ~[?:?]
	at java.util.concurrent.ForkJoinPool.runWorker(ForkJoinPool.java:1622) ~[?:?]
	at java.util.concurrent.ForkJoinWorkerThread.run(ForkJoinWorkerThread.java:165) ~[?:?]
Caused by: java.io.EOFException: End of input at line 1 column 1 path $
	at com.google.gson.stream.JsonReader.nextNonWhitespace(JsonReader.java:1455) ~[gson-2.10.jar%2372!/:?]
	at com.google.gson.stream.JsonReader.doPeek(JsonReader.java:558) ~[gson-2.10.jar%2372!/:?]
	at com.google.gson.stream.JsonReader.peek(JsonReader.java:433) ~[gson-2.10.jar%2372!/:?]
	at com.google.gson.internal.bind.TypeAdapters$28.read(TypeAdapters.java:769) ~[gson-2.10.jar%2372!/:?]
	at com.google.gson.internal.bind.TypeAdapters$28.read(TypeAdapters.java:725) ~[gson-2.10.jar%2372!/:?]
	at com.google.gson.internal.bind.TypeAdapters$34$1.read(TypeAdapters.java:1007) ~[gson-2.10.jar%2372!/:?]
	at net.minecraft.util.GsonHelper.m_13780_(GsonHelper.java:524) ~[server-1.20.1-20230612.114412-srg.jar%23420!/:?]
	... 11 more
[19Apr2026 02:22:05.357] [Worker-Main-3/ERROR] [net.minecraft.server.packs.resources.SimpleJsonResourceReloadListener/]: Couldn't parse data file p1nero_bow:mortis_bow from p1nero_bow:recipes/mortis_bow.json
com.google.gson.JsonParseException: java.io.EOFException: End of input at line 1 column 1 path $
	at net.minecraft.util.GsonHelper.m_13780_(GsonHelper.java:526) ~[server-1.20.1-20230612.114412-srg.jar%23420!/:?]
	at net.minecraft.util.GsonHelper.m_263475_(GsonHelper.java:531) ~[server-1.20.1-20230612.114412-srg.jar%23420!/:?]
	at net.minecraft.util.GsonHelper.m_13776_(GsonHelper.java:581) ~[server-1.20.1-20230612.114412-srg.jar%23420!/:?]
	at net.minecraft.server.packs.resources.SimpleJsonResourceReloadListener.m_278771_(SimpleJsonResourceReloadListener.java:41) ~[server-1.20.1-20230612.114412-srg.jar%23420!/:?]
	at net.minecraft.server.packs.resources.SimpleJsonResourceReloadListener.m_5944_(SimpleJsonResourceReloadListener.java:29) ~[server-1.20.1-20230612.114412-srg.jar%23420!/:?]
	at net.minecraft.server.packs.resources.SimpleJsonResourceReloadListener.m_5944_(SimpleJsonResourceReloadListener.java:17) ~[server-1.20.1-20230612.114412-srg.jar%23420!/:?]
	at net.minecraft.server.packs.resources.SimplePreparableReloadListener.m_10786_(SimplePreparableReloadListener.java:11) ~[server-1.20.1-20230612.114412-srg.jar%23420!/:?]
	at java.util.concurrent.CompletableFuture$AsyncSupply.run(CompletableFuture.java:1768) ~[?:?]
	at java.util.concurrent.CompletableFuture$AsyncSupply.exec(CompletableFuture.java:1760) ~[?:?]
	at java.util.concurrent.ForkJoinTask.doExec(ForkJoinTask.java:373) ~[?:?]
	at java.util.concurrent.ForkJoinPool$WorkQueue.topLevelExec(ForkJoinPool.java:1182) ~[?:?]
	at java.util.concurrent.ForkJoinPool.scan(ForkJoinPool.java:1655) ~[?:?]
	at java.util.concurrent.ForkJoinPool.runWorker(ForkJoinPool.java:1622) ~[?:?]
	at java.util.concurrent.ForkJoinWorkerThread.run(ForkJoinWorkerThread.java:165) ~[?:?]
Caused by: java.io.EOFException: End of input at line 1 column 1 path $
	at com.google.gson.stream.JsonReader.nextNonWhitespace(JsonReader.java:1455) ~[gson-2.10.jar%2372!/:?]
	at com.google.gson.stream.JsonReader.doPeek(JsonReader.java:558) ~[gson-2.10.jar%2372!/:?]
	at com.google.gson.stream.JsonReader.peek(JsonReader.java:433) ~[gson-2.10.jar%2372!/:?]
	at com.google.gson.internal.bind.TypeAdapters$28.read(TypeAdapters.java:769) ~[gson-2.10.jar%2372!/:?]
	at com.google.gson.internal.bind.TypeAdapters$28.read(TypeAdapters.java:725) ~[gson-2.10.jar%2372!/:?]
	at com.google.gson.internal.bind.TypeAdapters$34$1.read(TypeAdapters.java:1007) ~[gson-2.10.jar%2372!/:?]
	at net.minecraft.util.GsonHelper.m_13780_(GsonHelper.java:524) ~[server-1.20.1-20230612.114412-srg.jar%23420!/:?]
	... 13 more
[19Apr2026 02:22:05.360] [Worker-Main-1/ERROR] [net.minecraft.server.packs.resources.SimpleJsonResourceReloadListener/]: Couldn't parse data file cataclysm_spellbooks:entities/desert_spellbook from cataclysm_spellbooks:loot_tables/entities/desert_spellbook.json
com.google.gson.JsonParseException: java.io.EOFException: End of input at line 1 column 1 path $
	at net.minecraft.util.GsonHelper.m_13780_(GsonHelper.java:526) ~[server-1.20.1-20230612.114412-srg.jar%23420!/:?]
	at net.minecraft.util.GsonHelper.m_263475_(GsonHelper.java:531) ~[server-1.20.1-20230612.114412-srg.jar%23420!/:?]
	at net.minecraft.util.GsonHelper.m_13776_(GsonHelper.java:581) ~[server-1.20.1-20230612.114412-srg.jar%23420!/:?]
	at net.minecraft.server.packs.resources.SimpleJsonResourceReloadListener.m_278771_(SimpleJsonResourceReloadListener.java:41) ~[server-1.20.1-20230612.114412-srg.jar%23420!/:?]
	at net.minecraft.world.level.storage.loot.LootDataManager.m_278660_(LootDataManager.java:54) ~[server-1.20.1-20230612.114412-srg.jar%23420!/:?]
	at java.util.concurrent.CompletableFuture$AsyncRun.run(CompletableFuture.java:1804) ~[?:?]
	at java.util.concurrent.CompletableFuture$AsyncRun.exec(CompletableFuture.java:1796) ~[?:?]
	at java.util.concurrent.ForkJoinTask.doExec(ForkJoinTask.java:373) ~[?:?]
	at java.util.concurrent.ForkJoinPool$WorkQueue.topLevelExec(ForkJoinPool.java:1182) ~[?:?]
	at java.util.concurrent.ForkJoinPool.scan(ForkJoinPool.java:1655) ~[?:?]
	at java.util.concurrent.ForkJoinPool.runWorker(ForkJoinPool.java:1622) ~[?:?]
	at java.util.concurrent.ForkJoinWorkerThread.run(ForkJoinWorkerThread.java:165) ~[?:?]
Caused by: java.io.EOFException: End of input at line 1 column 1 path $
	at com.google.gson.stream.JsonReader.nextNonWhitespace(JsonReader.java:1455) ~[gson-2.10.jar%2372!/:?]
	at com.google.gson.stream.JsonReader.doPeek(JsonReader.java:558) ~[gson-2.10.jar%2372!/:?]
	at com.google.gson.stream.JsonReader.peek(JsonReader.java:433) ~[gson-2.10.jar%2372!/:?]
	at com.google.gson.internal.bind.TypeAdapters$28.read(TypeAdapters.java:769) ~[gson-2.10.jar%2372!/:?]
	at com.google.gson.internal.bind.TypeAdapters$28.read(TypeAdapters.java:725) ~[gson-2.10.jar%2372!/:?]
	at com.google.gson.internal.bind.TypeAdapters$34$1.read(TypeAdapters.java:1007) ~[gson-2.10.jar%2372!/:?]
	at net.minecraft.util.GsonHelper.m_13780_(GsonHelper.java:524) ~[server-1.20.1-20230612.114412-srg.jar%23420!/:?]
	... 11 more
[19Apr2026 02:22:05.363] [Worker-Main-1/ERROR] [net.minecraft.server.packs.resources.SimpleJsonResourceReloadListener/]: Couldn't parse data file alexsmobs:entities/enderiophage from alexsmobs:loot_tables/entities/enderiophage.json
com.google.gson.JsonParseException: java.io.EOFException: End of input at line 1 column 1 path $
	at net.minecraft.util.GsonHelper.m_13780_(GsonHelper.java:526) ~[server-1.20.1-20230612.114412-srg.jar%23420!/:?]
	at net.minecraft.util.GsonHelper.m_263475_(GsonHelper.java:531) ~[server-1.20.1-20230612.114412-srg.jar%23420!/:?]
	at net.minecraft.util.GsonHelper.m_13776_(GsonHelper.java:581) ~[server-1.20.1-20230612.114412-srg.jar%23420!/:?]
	at net.minecraft.server.packs.resources.SimpleJsonResourceReloadListener.m_278771_(SimpleJsonResourceReloadListener.java:41) ~[server-1.20.1-20230612.114412-srg.jar%23420!/:?]
	at net.minecraft.world.level.storage.loot.LootDataManager.m_278660_(LootDataManager.java:54) ~[server-1.20.1-20230612.114412-srg.jar%23420!/:?]
	at java.util.concurrent.CompletableFuture$AsyncRun.run(CompletableFuture.java:1804) ~[?:?]
	at java.util.concurrent.CompletableFuture$AsyncRun.exec(CompletableFuture.java:1796) ~[?:?]
	at java.util.concurrent.ForkJoinTask.doExec(ForkJoinTask.java:373) ~[?:?]
	at java.util.concurrent.ForkJoinPool$WorkQueue.topLevelExec(ForkJoinPool.java:1182) ~[?:?]
	at java.util.concurrent.ForkJoinPool.scan(ForkJoinPool.java:1655) ~[?:?]
	at java.util.concurrent.ForkJoinPool.runWorker(ForkJoinPool.java:1622) ~[?:?]
	at java.util.concurrent.ForkJoinWorkerThread.run(ForkJoinWorkerThread.java:165) ~[?:?]
Caused by: java.io.EOFException: End of input at line 1 column 1 path $
	at com.google.gson.stream.JsonReader.nextNonWhitespace(JsonReader.java:1455) ~[gson-2.10.jar%2372!/:?]
	at com.google.gson.stream.JsonReader.doPeek(JsonReader.java:558) ~[gson-2.10.jar%2372!/:?]
	at com.google.gson.stream.JsonReader.peek(JsonReader.java:433) ~[gson-2.10.jar%2372!/:?]
	at com.google.gson.internal.bind.TypeAdapters$28.read(TypeAdapters.java:769) ~[gson-2.10.jar%2372!/:?]
	at com.google.gson.internal.bind.TypeAdapters$28.read(TypeAdapters.java:725) ~[gson-2.10.jar%2372!/:?]
	at com.google.gson.internal.bind.TypeAdapters$34$1.read(TypeAdapters.java:1007) ~[gson-2.10.jar%2372!/:?]
	at net.minecraft.util.GsonHelper.m_13780_(GsonHelper.java:524) ~[server-1.20.1-20230612.114412-srg.jar%23420!/:?]
	... 11 more
[19Apr2026 02:22:05.361] [Worker-Main-3/ERROR] [net.minecraft.server.packs.resources.SimpleJsonResourceReloadListener/]: Couldn't parse data file cataclysm_spellbooks:murasama from cataclysm_spellbooks:recipes/murasama.json
com.google.gson.JsonParseException: java.io.EOFException: End of input at line 1 column 1 path $
	at net.minecraft.util.GsonHelper.m_13780_(GsonHelper.java:526) ~[server-1.20.1-20230612.114412-srg.jar%23420!/:?]
	at net.minecraft.util.GsonHelper.m_263475_(GsonHelper.java:531) ~[server-1.20.1-20230612.114412-srg.jar%23420!/:?]
	at net.minecraft.util.GsonHelper.m_13776_(GsonHelper.java:581) ~[server-1.20.1-20230612.114412-srg.jar%23420!/:?]
	at net.minecraft.server.packs.resources.SimpleJsonResourceReloadListener.m_278771_(SimpleJsonResourceReloadListener.java:41) ~[server-1.20.1-20230612.114412-srg.jar%23420!/:?]
	at net.minecraft.server.packs.resources.SimpleJsonResourceReloadListener.m_5944_(SimpleJsonResourceReloadListener.java:29) ~[server-1.20.1-20230612.114412-srg.jar%23420!/:?]
	at net.minecraft.server.packs.resources.SimpleJsonResourceReloadListener.m_5944_(SimpleJsonResourceReloadListener.java:17) ~[server-1.20.1-20230612.114412-srg.jar%23420!/:?]
	at net.minecraft.server.packs.resources.SimplePreparableReloadListener.m_10786_(SimplePreparableReloadListener.java:11) ~[server-1.20.1-20230612.114412-srg.jar%23420!/:?]
	at java.util.concurrent.CompletableFuture$AsyncSupply.run(CompletableFuture.java:1768) ~[?:?]
	at java.util.concurrent.CompletableFuture$AsyncSupply.exec(CompletableFuture.java:1760) ~[?:?]
	at java.util.concurrent.ForkJoinTask.doExec(ForkJoinTask.java:373) ~[?:?]
	at java.util.concurrent.ForkJoinPool$WorkQueue.topLevelExec(ForkJoinPool.java:1182) ~[?:?]
	at java.util.concurrent.ForkJoinPool.scan(ForkJoinPool.java:1655) ~[?:?]
	at java.util.concurrent.ForkJoinPool.runWorker(ForkJoinPool.java:1622) ~[?:?]
	at java.util.concurrent.ForkJoinWorkerThread.run(ForkJoinWorkerThread.java:165) ~[?:?]
Caused by: java.io.EOFException: End of input at line 1 column 1 path $
	at com.google.gson.stream.JsonReader.nextNonWhitespace(JsonReader.java:1455) ~[gson-2.10.jar%2372!/:?]
	at com.google.gson.stream.JsonReader.doPeek(JsonReader.java:558) ~[gson-2.10.jar%2372!/:?]
	at com.google.gson.stream.JsonReader.peek(JsonReader.java:433) ~[gson-2.10.jar%2372!/:?]
	at com.google.gson.internal.bind.TypeAdapters$28.read(TypeAdapters.java:769) ~[gson-2.10.jar%2372!/:?]
	at com.google.gson.internal.bind.TypeAdapters$28.read(TypeAdapters.java:725) ~[gson-2.10.jar%2372!/:?]
	at com.google.gson.internal.bind.TypeAdapters$34$1.read(TypeAdapters.java:1007) ~[gson-2.10.jar%2372!/:?]
	at net.minecraft.util.GsonHelper.m_13780_(GsonHelper.java:524) ~[server-1.20.1-20230612.114412-srg.jar%23420!/:?]
	... 13 more
[19Apr2026 02:22:05.371] [Worker-Main-1/ERROR] [net.minecraft.server.packs.resources.SimpleJsonResourceReloadListener/]: Couldn't parse data file cataclysm_spellbooks:entities/frozen_knowledge_fragments from cataclysm_spellbooks:loot_tables/entities/frozen_knowledge_fragments.json
com.google.gson.JsonParseException: java.io.EOFException: End of input at line 1 column 1 path $
	at net.minecraft.util.GsonHelper.m_13780_(GsonHelper.java:526) ~[server-1.20.1-20230612.114412-srg.jar%23420!/:?]
	at net.minecraft.util.GsonHelper.m_263475_(GsonHelper.java:531) ~[server-1.20.1-20230612.114412-srg.jar%23420!/:?]
	at net.minecraft.util.GsonHelper.m_13776_(GsonHelper.java:581) ~[server-1.20.1-20230612.114412-srg.jar%23420!/:?]
	at net.minecraft.server.packs.resources.SimpleJsonResourceReloadListener.m_278771_(SimpleJsonResourceReloadListener.java:41) ~[server-1.20.1-20230612.114412-srg.jar%23420!/:?]
	at net.minecraft.world.level.storage.loot.LootDataManager.m_278660_(LootDataManager.java:54) ~[server-1.20.1-20230612.114412-srg.jar%23420!/:?]
	at java.util.concurrent.CompletableFuture$AsyncRun.run(CompletableFuture.java:1804) ~[?:?]
	at java.util.concurrent.CompletableFuture$AsyncRun.exec(CompletableFuture.java:1796) ~[?:?]
	at java.util.concurrent.ForkJoinTask.doExec(ForkJoinTask.java:373) ~[?:?]
	at java.util.concurrent.ForkJoinPool$WorkQueue.topLevelExec(ForkJoinPool.java:1182) ~[?:?]
	at java.util.concurrent.ForkJoinPool.scan(ForkJoinPool.java:1655) ~[?:?]
	at java.util.concurrent.ForkJoinPool.runWorker(ForkJoinPool.java:1622) ~[?:?]
	at java.util.concurrent.ForkJoinWorkerThread.run(ForkJoinWorkerThread.java:165) ~[?:?]
Caused by: java.io.EOFException: End of input at line 1 column 1 path $
	at com.google.gson.stream.JsonReader.nextNonWhitespace(JsonReader.java:1455) ~[gson-2.10.jar%2372!/:?]
	at com.google.gson.stream.JsonReader.doPeek(JsonReader.java:558) ~[gson-2.10.jar%2372!/:?]
	at com.google.gson.stream.JsonReader.peek(JsonReader.java:433) ~[gson-2.10.jar%2372!/:?]
	at com.google.gson.internal.bind.TypeAdapters$28.read(TypeAdapters.java:769) ~[gson-2.10.jar%2372!/:?]
	at com.google.gson.internal.bind.TypeAdapters$28.read(TypeAdapters.java:725) ~[gson-2.10.jar%2372!/:?]
	at com.google.gson.internal.bind.TypeAdapters$34$1.read(TypeAdapters.java:1007) ~[gson-2.10.jar%2372!/:?]
	at net.minecraft.util.GsonHelper.m_13780_(GsonHelper.java:524) ~[server-1.20.1-20230612.114412-srg.jar%23420!/:?]
	... 11 more
[19Apr2026 02:22:05.372] [Worker-Main-2/ERROR] [net.minecraft.server.packs.resources.SimpleJsonResourceReloadListener/]: Couldn't parse data file alexsmobs:shattered_dimensional_carver from alexsmobs:capsid_recipes/shattered_dimensional_carver.json
com.google.gson.JsonParseException: java.io.EOFException: End of input at line 1 column 1 path $
	at net.minecraft.util.GsonHelper.m_13780_(GsonHelper.java:526) ~[server-1.20.1-20230612.114412-srg.jar%23420!/:?]
	at net.minecraft.util.GsonHelper.m_263475_(GsonHelper.java:531) ~[server-1.20.1-20230612.114412-srg.jar%23420!/:?]
	at net.minecraft.util.GsonHelper.m_13776_(GsonHelper.java:581) ~[server-1.20.1-20230612.114412-srg.jar%23420!/:?]
	at net.minecraft.server.packs.resources.SimpleJsonResourceReloadListener.m_278771_(SimpleJsonResourceReloadListener.java:41) ~[server-1.20.1-20230612.114412-srg.jar%23420!/:?]
	at net.minecraft.server.packs.resources.SimpleJsonResourceReloadListener.m_5944_(SimpleJsonResourceReloadListener.java:29) ~[server-1.20.1-20230612.114412-srg.jar%23420!/:?]
	at net.minecraft.server.packs.resources.SimpleJsonResourceReloadListener.m_5944_(SimpleJsonResourceReloadListener.java:17) ~[server-1.20.1-20230612.114412-srg.jar%23420!/:?]
	at net.minecraft.server.packs.resources.SimplePreparableReloadListener.m_10786_(SimplePreparableReloadListener.java:11) ~[server-1.20.1-20230612.114412-srg.jar%23420!/:?]
	at java.util.concurrent.CompletableFuture$AsyncSupply.run(CompletableFuture.java:1768) ~[?:?]
	at java.util.concurrent.CompletableFuture$AsyncSupply.exec(CompletableFuture.java:1760) ~[?:?]
	at java.util.concurrent.ForkJoinTask.doExec(ForkJoinTask.java:373) ~[?:?]
	at java.util.concurrent.ForkJoinPool$WorkQueue.topLevelExec(ForkJoinPool.java:1182) ~[?:?]
	at java.util.concurrent.ForkJoinPool.scan(ForkJoinPool.java:1655) ~[?:?]
	at java.util.concurrent.ForkJoinPool.runWorker(ForkJoinPool.java:1622) ~[?:?]
	at java.util.concurrent.ForkJoinWorkerThread.run(ForkJoinWorkerThread.java:165) ~[?:?]
Caused by: java.io.EOFException: End of input at line 1 column 1 path $
	at com.google.gson.stream.JsonReader.nextNonWhitespace(JsonReader.java:1455) ~[gson-2.10.jar%2372!/:?]
	at com.google.gson.stream.JsonReader.doPeek(JsonReader.java:558) ~[gson-2.10.jar%2372!/:?]
	at com.google.gson.stream.JsonReader.peek(JsonReader.java:433) ~[gson-2.10.jar%2372!/:?]
	at com.google.gson.internal.bind.TypeAdapters$28.read(TypeAdapters.java:769) ~[gson-2.10.jar%2372!/:?]
	at com.google.gson.internal.bind.TypeAdapters$28.read(TypeAdapters.java:725) ~[gson-2.10.jar%2372!/:?]
	at com.google.gson.internal.bind.TypeAdapters$34$1.read(TypeAdapters.java:1007) ~[gson-2.10.jar%2372!/:?]
	at net.minecraft.util.GsonHelper.m_13780_(GsonHelper.java:524) ~[server-1.20.1-20230612.114412-srg.jar%23420!/:?]
	... 13 more
[19Apr2026 02:22:05.375] [Worker-Main-1/ERROR] [net.minecraft.server.packs.resources.SimpleJsonResourceReloadListener/]: Couldn't parse data file cataclysm_spellbooks:entities/leviathans_blessing from cataclysm_spellbooks:loot_tables/entities/leviathans_blessing.json
com.google.gson.JsonParseException: java.io.EOFException: End of input at line 1 column 1 path $
	at net.minecraft.util.GsonHelper.m_13780_(GsonHelper.java:526) ~[server-1.20.1-20230612.114412-srg.jar%23420!/:?]
	at net.minecraft.util.GsonHelper.m_263475_(GsonHelper.java:531) ~[server-1.20.1-20230612.114412-srg.jar%23420!/:?]
	at net.minecraft.util.GsonHelper.m_13776_(GsonHelper.java:581) ~[server-1.20.1-20230612.114412-srg.jar%23420!/:?]
	at net.minecraft.server.packs.resources.SimpleJsonResourceReloadListener.m_278771_(SimpleJsonResourceReloadListener.java:41) ~[server-1.20.1-20230612.114412-srg.jar%23420!/:?]
	at net.minecraft.world.level.storage.loot.LootDataManager.m_278660_(LootDataManager.java:54) ~[server-1.20.1-20230612.114412-srg.jar%23420!/:?]
	at java.util.concurrent.CompletableFuture$AsyncRun.run(CompletableFuture.java:1804) ~[?:?]
	at java.util.concurrent.CompletableFuture$AsyncRun.exec(CompletableFuture.java:1796) ~[?:?]
	at java.util.concurrent.ForkJoinTask.doExec(ForkJoinTask.java:373) ~[?:?]
	at java.util.concurrent.ForkJoinPool$WorkQueue.topLevelExec(ForkJoinPool.java:1182) ~[?:?]
	at java.util.concurrent.ForkJoinPool.scan(ForkJoinPool.java:1655) ~[?:?]
	at java.util.concurrent.ForkJoinPool.runWorker(ForkJoinPool.java:1622) ~[?:?]
	at java.util.concurrent.ForkJoinWorkerThread.run(ForkJoinWorkerThread.java:165) ~[?:?]
Caused by: java.io.EOFException: End of input at line 1 column 1 path $
	at com.google.gson.stream.JsonReader.nextNonWhitespace(JsonReader.java:1455) ~[gson-2.10.jar%2372!/:?]
	at com.google.gson.stream.JsonReader.doPeek(JsonReader.java:558) ~[gson-2.10.jar%2372!/:?]
	at com.google.gson.stream.JsonReader.peek(JsonReader.java:433) ~[gson-2.10.jar%2372!/:?]
	at com.google.gson.internal.bind.TypeAdapters$28.read(TypeAdapters.java:769) ~[gson-2.10.jar%2372!/:?]
	at com.google.gson.internal.bind.TypeAdapters$28.read(TypeAdapters.java:725) ~[gson-2.10.jar%2372!/:?]
	at com.google.gson.internal.bind.TypeAdapters$34$1.read(TypeAdapters.java:1007) ~[gson-2.10.jar%2372!/:?]
	at net.minecraft.util.GsonHelper.m_13780_(GsonHelper.java:524) ~[server-1.20.1-20230612.114412-srg.jar%23420!/:?]
	... 11 more
[19Apr2026 02:22:05.378] [Worker-Main-1/ERROR] [net.minecraft.server.packs.resources.SimpleJsonResourceReloadListener/]: Couldn't parse data file cataclysm_spellbooks:entities/mechanical_scrap from cataclysm_spellbooks:loot_tables/entities/mechanical_scrap.json
com.google.gson.JsonParseException: java.io.EOFException: End of input at line 1 column 1 path $
	at net.minecraft.util.GsonHelper.m_13780_(GsonHelper.java:526) ~[server-1.20.1-20230612.114412-srg.jar%23420!/:?]
	at net.minecraft.util.GsonHelper.m_263475_(GsonHelper.java:531) ~[server-1.20.1-20230612.114412-srg.jar%23420!/:?]
	at net.minecraft.util.GsonHelper.m_13776_(GsonHelper.java:581) ~[server-1.20.1-20230612.114412-srg.jar%23420!/:?]
	at net.minecraft.server.packs.resources.SimpleJsonResourceReloadListener.m_278771_(SimpleJsonResourceReloadListener.java:41) ~[server-1.20.1-20230612.114412-srg.jar%23420!/:?]
	at net.minecraft.world.level.storage.loot.LootDataManager.m_278660_(LootDataManager.java:54) ~[server-1.20.1-20230612.114412-srg.jar%23420!/:?]
	at java.util.concurrent.CompletableFuture$AsyncRun.run(CompletableFuture.java:1804) ~[?:?]
	at java.util.concurrent.CompletableFuture$AsyncRun.exec(CompletableFuture.java:1796) ~[?:?]
	at java.util.concurrent.ForkJoinTask.doExec(ForkJoinTask.java:373) ~[?:?]
	at java.util.concurrent.ForkJoinPool$WorkQueue.topLevelExec(ForkJoinPool.java:1182) ~[?:?]
	at java.util.concurrent.ForkJoinPool.scan(ForkJoinPool.java:1655) ~[?:?]
	at java.util.concurrent.ForkJoinPool.runWorker(ForkJoinPool.java:1622) ~[?:?]
	at java.util.concurrent.ForkJoinWorkerThread.run(ForkJoinWorkerThread.java:165) ~[?:?]
Caused by: java.io.EOFException: End of input at line 1 column 1 path $
	at com.google.gson.stream.JsonReader.nextNonWhitespace(JsonReader.java:1455) ~[gson-2.10.jar%2372!/:?]
	at com.google.gson.stream.JsonReader.doPeek(JsonReader.java:558) ~[gson-2.10.jar%2372!/:?]
	at com.google.gson.stream.JsonReader.peek(JsonReader.java:433) ~[gson-2.10.jar%2372!/:?]
	at com.google.gson.internal.bind.TypeAdapters$28.read(TypeAdapters.java:769) ~[gson-2.10.jar%2372!/:?]
	at com.google.gson.internal.bind.TypeAdapters$28.read(TypeAdapters.java:725) ~[gson-2.10.jar%2372!/:?]
	at com.google.gson.internal.bind.TypeAdapters$34$1.read(TypeAdapters.java:1007) ~[gson-2.10.jar%2372!/:?]
	at net.minecraft.util.GsonHelper.m_13780_(GsonHelper.java:524) ~[server-1.20.1-20230612.114412-srg.jar%23420!/:?]
	... 11 more
[19Apr2026 02:22:05.382] [Worker-Main-3/ERROR] [net.minecraft.server.packs.resources.SimpleJsonResourceReloadListener/]: Couldn't parse data file irons_spellbooks:netherite_spell_book from irons_spellbooks:recipes/netherite_spell_book.json
com.google.gson.JsonParseException: java.io.EOFException: End of input at line 1 column 1 path $
	at net.minecraft.util.GsonHelper.m_13780_(GsonHelper.java:526) ~[server-1.20.1-20230612.114412-srg.jar%23420!/:?]
	at net.minecraft.util.GsonHelper.m_263475_(GsonHelper.java:531) ~[server-1.20.1-20230612.114412-srg.jar%23420!/:?]
	at net.minecraft.util.GsonHelper.m_13776_(GsonHelper.java:581) ~[server-1.20.1-20230612.114412-srg.jar%23420!/:?]
	at net.minecraft.server.packs.resources.SimpleJsonResourceReloadListener.m_278771_(SimpleJsonResourceReloadListener.java:41) ~[server-1.20.1-20230612.114412-srg.jar%23420!/:?]
	at net.minecraft.server.packs.resources.SimpleJsonResourceReloadListener.m_5944_(SimpleJsonResourceReloadListener.java:29) ~[server-1.20.1-20230612.114412-srg.jar%23420!/:?]
	at net.minecraft.server.packs.resources.SimpleJsonResourceReloadListener.m_5944_(SimpleJsonResourceReloadListener.java:17) ~[server-1.20.1-20230612.114412-srg.jar%23420!/:?]
	at net.minecraft.server.packs.resources.SimplePreparableReloadListener.m_10786_(SimplePreparableReloadListener.java:11) ~[server-1.20.1-20230612.114412-srg.jar%23420!/:?]
	at java.util.concurrent.CompletableFuture$AsyncSupply.run(CompletableFuture.java:1768) ~[?:?]
	at java.util.concurrent.CompletableFuture$AsyncSupply.exec(CompletableFuture.java:1760) ~[?:?]
	at java.util.concurrent.ForkJoinTask.doExec(ForkJoinTask.java:373) ~[?:?]
	at java.util.concurrent.ForkJoinPool$WorkQueue.topLevelExec(ForkJoinPool.java:1182) ~[?:?]
	at java.util.concurrent.ForkJoinPool.scan(ForkJoinPool.java:1655) ~[?:?]
	at java.util.concurrent.ForkJoinPool.runWorker(ForkJoinPool.java:1622) ~[?:?]
	at java.util.concurrent.ForkJoinWorkerThread.run(ForkJoinWorkerThread.java:165) ~[?:?]
Caused by: java.io.EOFException: End of input at line 1 column 1 path $
	at com.google.gson.stream.JsonReader.nextNonWhitespace(JsonReader.java:1455) ~[gson-2.10.jar%2372!/:?]
	at com.google.gson.stream.JsonReader.doPeek(JsonReader.java:558) ~[gson-2.10.jar%2372!/:?]
	at com.google.gson.stream.JsonReader.peek(JsonReader.java:433) ~[gson-2.10.jar%2372!/:?]
	at com.google.gson.internal.bind.TypeAdapters$28.read(TypeAdapters.java:769) ~[gson-2.10.jar%2372!/:?]
	at com.google.gson.internal.bind.TypeAdapters$28.read(TypeAdapters.java:725) ~[gson-2.10.jar%2372!/:?]
	at com.google.gson.internal.bind.TypeAdapters$34$1.read(TypeAdapters.java:1007) ~[gson-2.10.jar%2372!/:?]
	at net.minecraft.util.GsonHelper.m_13780_(GsonHelper.java:524) ~[server-1.20.1-20230612.114412-srg.jar%23420!/:?]
	... 13 more
[19Apr2026 02:22:05.383] [Worker-Main-3/ERROR] [net.minecraft.server.packs.resources.SimpleJsonResourceReloadListener/]: Couldn't parse data file efn:nf_claw from efn:recipes/nf_claw.json
com.google.gson.JsonParseException: java.io.EOFException: End of input at line 1 column 1 path $
	at net.minecraft.util.GsonHelper.m_13780_(GsonHelper.java:526) ~[server-1.20.1-20230612.114412-srg.jar%23420!/:?]
	at net.minecraft.util.GsonHelper.m_263475_(GsonHelper.java:531) ~[server-1.20.1-20230612.114412-srg.jar%23420!/:?]
	at net.minecraft.util.GsonHelper.m_13776_(GsonHelper.java:581) ~[server-1.20.1-20230612.114412-srg.jar%23420!/:?]
	at net.minecraft.server.packs.resources.SimpleJsonResourceReloadListener.m_278771_(SimpleJsonResourceReloadListener.java:41) ~[server-1.20.1-20230612.114412-srg.jar%23420!/:?]
	at net.minecraft.server.packs.resources.SimpleJsonResourceReloadListener.m_5944_(SimpleJsonResourceReloadListener.java:29) ~[server-1.20.1-20230612.114412-srg.jar%23420!/:?]
	at net.minecraft.server.packs.resources.SimpleJsonResourceReloadListener.m_5944_(SimpleJsonResourceReloadListener.java:17) ~[server-1.20.1-20230612.114412-srg.jar%23420!/:?]
	at net.minecraft.server.packs.resources.SimplePreparableReloadListener.m_10786_(SimplePreparableReloadListener.java:11) ~[server-1.20.1-20230612.114412-srg.jar%23420!/:?]
	at java.util.concurrent.CompletableFuture$AsyncSupply.run(CompletableFuture.java:1768) ~[?:?]
	at java.util.concurrent.CompletableFuture$AsyncSupply.exec(CompletableFuture.java:1760) ~[?:?]
	at java.util.concurrent.ForkJoinTask.doExec(ForkJoinTask.java:373) ~[?:?]
	at java.util.concurrent.ForkJoinPool$WorkQueue.topLevelExec(ForkJoinPool.java:1182) ~[?:?]
	at java.util.concurrent.ForkJoinPool.scan(ForkJoinPool.java:1655) ~[?:?]
	at java.util.concurrent.ForkJoinPool.runWorker(ForkJoinPool.java:1622) ~[?:?]
	at java.util.concurrent.ForkJoinWorkerThread.run(ForkJoinWorkerThread.java:165) ~[?:?]
Caused by: java.io.EOFException: End of input at line 1 column 1 path $
	at com.google.gson.stream.JsonReader.nextNonWhitespace(JsonReader.java:1455) ~[gson-2.10.jar%2372!/:?]
	at com.google.gson.stream.JsonReader.doPeek(JsonReader.java:558) ~[gson-2.10.jar%2372!/:?]
	at com.google.gson.stream.JsonReader.peek(JsonReader.java:433) ~[gson-2.10.jar%2372!/:?]
	at com.google.gson.internal.bind.TypeAdapters$28.read(TypeAdapters.java:769) ~[gson-2.10.jar%2372!/:?]
	at com.google.gson.internal.bind.TypeAdapters$28.read(TypeAdapters.java:725) ~[gson-2.10.jar%2372!/:?]
	at com.google.gson.internal.bind.TypeAdapters$34$1.read(TypeAdapters.java:1007) ~[gson-2.10.jar%2372!/:?]
	at net.minecraft.util.GsonHelper.m_13780_(GsonHelper.java:524) ~[server-1.20.1-20230612.114412-srg.jar%23420!/:?]
	... 13 more
[19Apr2026 02:22:05.384] [Worker-Main-3/ERROR] [net.minecraft.server.packs.resources.SimpleJsonResourceReloadListener/]: Couldn't parse data file efn:nf_dual_sword from efn:recipes/nf_dual_sword.json
com.google.gson.JsonParseException: java.io.EOFException: End of input at line 1 column 1 path $
	at net.minecraft.util.GsonHelper.m_13780_(GsonHelper.java:526) ~[server-1.20.1-20230612.114412-srg.jar%23420!/:?]
	at net.minecraft.util.GsonHelper.m_263475_(GsonHelper.java:531) ~[server-1.20.1-20230612.114412-srg.jar%23420!/:?]
	at net.minecraft.util.GsonHelper.m_13776_(GsonHelper.java:581) ~[server-1.20.1-20230612.114412-srg.jar%23420!/:?]
	at net.minecraft.server.packs.resources.SimpleJsonResourceReloadListener.m_278771_(SimpleJsonResourceReloadListener.java:41) ~[server-1.20.1-20230612.114412-srg.jar%23420!/:?]
	at net.minecraft.server.packs.resources.SimpleJsonResourceReloadListener.m_5944_(SimpleJsonResourceReloadListener.java:29) ~[server-1.20.1-20230612.114412-srg.jar%23420!/:?]
	at net.minecraft.server.packs.resources.SimpleJsonResourceReloadListener.m_5944_(SimpleJsonResourceReloadListener.java:17) ~[server-1.20.1-20230612.114412-srg.jar%23420!/:?]
	at net.minecraft.server.packs.resources.SimplePreparableReloadListener.m_10786_(SimplePreparableReloadListener.java:11) ~[server-1.20.1-20230612.114412-srg.jar%23420!/:?]
	at java.util.concurrent.CompletableFuture$AsyncSupply.run(CompletableFuture.java:1768) ~[?:?]
	at java.util.concurrent.CompletableFuture$AsyncSupply.exec(CompletableFuture.java:1760) ~[?:?]
	at java.util.concurrent.ForkJoinTask.doExec(ForkJoinTask.java:373) ~[?:?]
	at java.util.concurrent.ForkJoinPool$WorkQueue.topLevelExec(ForkJoinPool.java:1182) ~[?:?]
	at java.util.concurrent.ForkJoinPool.scan(ForkJoinPool.java:1655) ~[?:?]
	at java.util.concurrent.ForkJoinPool.runWorker(ForkJoinPool.java:1622) ~[?:?]
	at java.util.concurrent.ForkJoinWorkerThread.run(ForkJoinWorkerThread.java:165) ~[?:?]
Caused by: java.io.EOFException: End of input at line 1 column 1 path $
	at com.google.gson.stream.JsonReader.nextNonWhitespace(JsonReader.java:1455) ~[gson-2.10.jar%2372!/:?]
	at com.google.gson.stream.JsonReader.doPeek(JsonReader.java:558) ~[gson-2.10.jar%2372!/:?]
	at com.google.gson.stream.JsonReader.peek(JsonReader.java:433) ~[gson-2.10.jar%2372!/:?]
	at com.google.gson.internal.bind.TypeAdapters$28.read(TypeAdapters.java:769) ~[gson-2.10.jar%2372!/:?]
	at com.google.gson.internal.bind.TypeAdapters$28.read(TypeAdapters.java:725) ~[gson-2.10.jar%2372!/:?]
	at com.google.gson.internal.bind.TypeAdapters$34$1.read(TypeAdapters.java:1007) ~[gson-2.10.jar%2372!/:?]
	at net.minecraft.util.GsonHelper.m_13780_(GsonHelper.java:524) ~[server-1.20.1-20230612.114412-srg.jar%23420!/:?]
	... 13 more
[19Apr2026 02:22:05.385] [Worker-Main-3/ERROR] [net.minecraft.server.packs.resources.SimpleJsonResourceReloadListener/]: Couldn't parse data file efn:nf_shortsword from efn:recipes/nf_shortsword.json
com.google.gson.JsonParseException: java.io.EOFException: End of input at line 1 column 1 path $
	at net.minecraft.util.GsonHelper.m_13780_(GsonHelper.java:526) ~[server-1.20.1-20230612.114412-srg.jar%23420!/:?]
	at net.minecraft.util.GsonHelper.m_263475_(GsonHelper.java:531) ~[server-1.20.1-20230612.114412-srg.jar%23420!/:?]
	at net.minecraft.util.GsonHelper.m_13776_(GsonHelper.java:581) ~[server-1.20.1-20230612.114412-srg.jar%23420!/:?]
	at net.minecraft.server.packs.resources.SimpleJsonResourceReloadListener.m_278771_(SimpleJsonResourceReloadListener.java:41) ~[server-1.20.1-20230612.114412-srg.jar%23420!/:?]
	at net.minecraft.server.packs.resources.SimpleJsonResourceReloadListener.m_5944_(SimpleJsonResourceReloadListener.java:29) ~[server-1.20.1-20230612.114412-srg.jar%23420!/:?]
	at net.minecraft.server.packs.resources.SimpleJsonResourceReloadListener.m_5944_(SimpleJsonResourceReloadListener.java:17) ~[server-1.20.1-20230612.114412-srg.jar%23420!/:?]
	at net.minecraft.server.packs.resources.SimplePreparableReloadListener.m_10786_(SimplePreparableReloadListener.java:11) ~[server-1.20.1-20230612.114412-srg.jar%23420!/:?]
	at java.util.concurrent.CompletableFuture$AsyncSupply.run(CompletableFuture.java:1768) ~[?:?]
	at java.util.concurrent.CompletableFuture$AsyncSupply.exec(CompletableFuture.java:1760) ~[?:?]
	at java.util.concurrent.ForkJoinTask.doExec(ForkJoinTask.java:373) ~[?:?]
	at java.util.concurrent.ForkJoinPool$WorkQueue.topLevelExec(ForkJoinPool.java:1182) ~[?:?]
	at java.util.concurrent.ForkJoinPool.scan(ForkJoinPool.java:1655) ~[?:?]
	at java.util.concurrent.ForkJoinPool.runWorker(ForkJoinPool.java:1622) ~[?:?]
	at java.util.concurrent.ForkJoinWorkerThread.run(ForkJoinWorkerThread.java:165) ~[?:?]
Caused by: java.io.EOFException: End of input at line 1 column 1 path $
	at com.google.gson.stream.JsonReader.nextNonWhitespace(JsonReader.java:1455) ~[gson-2.10.jar%2372!/:?]
	at com.google.gson.stream.JsonReader.doPeek(JsonReader.java:558) ~[gson-2.10.jar%2372!/:?]
	at com.google.gson.stream.JsonReader.peek(JsonReader.java:433) ~[gson-2.10.jar%2372!/:?]
	at com.google.gson.internal.bind.TypeAdapters$28.read(TypeAdapters.java:769) ~[gson-2.10.jar%2372!/:?]
	at com.google.gson.internal.bind.TypeAdapters$28.read(TypeAdapters.java:725) ~[gson-2.10.jar%2372!/:?]
	at com.google.gson.internal.bind.TypeAdapters$34$1.read(TypeAdapters.java:1007) ~[gson-2.10.jar%2372!/:?]
	at net.minecraft.util.GsonHelper.m_13780_(GsonHelper.java:524) ~[server-1.20.1-20230612.114412-srg.jar%23420!/:?]
	... 13 more
[19Apr2026 02:22:05.386] [Worker-Main-3/ERROR] [net.minecraft.server.packs.resources.SimpleJsonResourceReloadListener/]: Couldn't parse data file efn:nf_shortsword_2 from efn:recipes/nf_shortsword_2.json
com.google.gson.JsonParseException: java.io.EOFException: End of input at line 1 column 1 path $
	at net.minecraft.util.GsonHelper.m_13780_(GsonHelper.java:526) ~[server-1.20.1-20230612.114412-srg.jar%23420!/:?]
	at net.minecraft.util.GsonHelper.m_263475_(GsonHelper.java:531) ~[server-1.20.1-20230612.114412-srg.jar%23420!/:?]
	at net.minecraft.util.GsonHelper.m_13776_(GsonHelper.java:581) ~[server-1.20.1-20230612.114412-srg.jar%23420!/:?]
	at net.minecraft.server.packs.resources.SimpleJsonResourceReloadListener.m_278771_(SimpleJsonResourceReloadListener.java:41) ~[server-1.20.1-20230612.114412-srg.jar%23420!/:?]
	at net.minecraft.server.packs.resources.SimpleJsonResourceReloadListener.m_5944_(SimpleJsonResourceReloadListener.java:29) ~[server-1.20.1-20230612.114412-srg.jar%23420!/:?]
	at net.minecraft.server.packs.resources.SimpleJsonResourceReloadListener.m_5944_(SimpleJsonResourceReloadListener.java:17) ~[server-1.20.1-20230612.114412-srg.jar%23420!/:?]
	at net.minecraft.server.packs.resources.SimplePreparableReloadListener.m_10786_(SimplePreparableReloadListener.java:11) ~[server-1.20.1-20230612.114412-srg.jar%23420!/:?]
	at java.util.concurrent.CompletableFuture$AsyncSupply.run(CompletableFuture.java:1768) ~[?:?]
	at java.util.concurrent.CompletableFuture$AsyncSupply.exec(CompletableFuture.java:1760) ~[?:?]
	at java.util.concurrent.ForkJoinTask.doExec(ForkJoinTask.java:373) ~[?:?]
	at java.util.concurrent.ForkJoinPool$WorkQueue.topLevelExec(ForkJoinPool.java:1182) ~[?:?]
	at java.util.concurrent.ForkJoinPool.scan(ForkJoinPool.java:1655) ~[?:?]
	at java.util.concurrent.ForkJoinPool.runWorker(ForkJoinPool.java:1622) ~[?:?]
	at java.util.concurrent.ForkJoinWorkerThread.run(ForkJoinWorkerThread.java:165) ~[?:?]
Caused by: java.io.EOFException: End of input at line 1 column 1 path $
	at com.google.gson.stream.JsonReader.nextNonWhitespace(JsonReader.java:1455) ~[gson-2.10.jar%2372!/:?]
	at com.google.gson.stream.JsonReader.doPeek(JsonReader.java:558) ~[gson-2.10.jar%2372!/:?]
	at com.google.gson.stream.JsonReader.peek(JsonReader.java:433) ~[gson-2.10.jar%2372!/:?]
	at com.google.gson.internal.bind.TypeAdapters$28.read(TypeAdapters.java:769) ~[gson-2.10.jar%2372!/:?]
	at com.google.gson.internal.bind.TypeAdapters$28.read(TypeAdapters.java:725) ~[gson-2.10.jar%2372!/:?]
	at com.google.gson.internal.bind.TypeAdapters$34$1.read(TypeAdapters.java:1007) ~[gson-2.10.jar%2372!/:?]
	at net.minecraft.util.GsonHelper.m_13780_(GsonHelper.java:524) ~[server-1.20.1-20230612.114412-srg.jar%23420!/:?]
	... 13 more
[19Apr2026 02:22:05.392] [Worker-Main-1/ERROR] [net.minecraft.server.packs.resources.SimpleJsonResourceReloadListener/]: Couldn't parse data file cataclysm_spellbooks:entities/wadjets_staff from cataclysm_spellbooks:loot_tables/entities/wadjets_staff.json
com.google.gson.JsonParseException: java.io.EOFException: End of input at line 1 column 1 path $
	at net.minecraft.util.GsonHelper.m_13780_(GsonHelper.java:526) ~[server-1.20.1-20230612.114412-srg.jar%23420!/:?]
	at net.minecraft.util.GsonHelper.m_263475_(GsonHelper.java:531) ~[server-1.20.1-20230612.114412-srg.jar%23420!/:?]
	at net.minecraft.util.GsonHelper.m_13776_(GsonHelper.java:581) ~[server-1.20.1-20230612.114412-srg.jar%23420!/:?]
	at net.minecraft.server.packs.resources.SimpleJsonResourceReloadListener.m_278771_(SimpleJsonResourceReloadListener.java:41) ~[server-1.20.1-20230612.114412-srg.jar%23420!/:?]
	at net.minecraft.world.level.storage.loot.LootDataManager.m_278660_(LootDataManager.java:54) ~[server-1.20.1-20230612.114412-srg.jar%23420!/:?]
	at java.util.concurrent.CompletableFuture$AsyncRun.run(CompletableFuture.java:1804) ~[?:?]
	at java.util.concurrent.CompletableFuture$AsyncRun.exec(CompletableFuture.java:1796) ~[?:?]
	at java.util.concurrent.ForkJoinTask.doExec(ForkJoinTask.java:373) ~[?:?]
	at java.util.concurrent.ForkJoinPool$WorkQueue.topLevelExec(ForkJoinPool.java:1182) ~[?:?]
	at java.util.concurrent.ForkJoinPool.scan(ForkJoinPool.java:1655) ~[?:?]
	at java.util.concurrent.ForkJoinPool.runWorker(ForkJoinPool.java:1622) ~[?:?]
	at java.util.concurrent.ForkJoinWorkerThread.run(ForkJoinWorkerThread.java:165) ~[?:?]
Caused by: java.io.EOFException: End of input at line 1 column 1 path $
	at com.google.gson.stream.JsonReader.nextNonWhitespace(JsonReader.java:1455) ~[gson-2.10.jar%2372!/:?]
	at com.google.gson.stream.JsonReader.doPeek(JsonReader.java:558) ~[gson-2.10.jar%2372!/:?]
	at com.google.gson.stream.JsonReader.peek(JsonReader.java:433) ~[gson-2.10.jar%2372!/:?]
	at com.google.gson.internal.bind.TypeAdapters$28.read(TypeAdapters.java:769) ~[gson-2.10.jar%2372!/:?]
	at com.google.gson.internal.bind.TypeAdapters$28.read(TypeAdapters.java:725) ~[gson-2.10.jar%2372!/:?]
	at com.google.gson.internal.bind.TypeAdapters$34$1.read(TypeAdapters.java:1007) ~[gson-2.10.jar%2372!/:?]
	at net.minecraft.util.GsonHelper.m_13780_(GsonHelper.java:524) ~[server-1.20.1-20230612.114412-srg.jar%23420!/:?]
	... 11 more
[19Apr2026 02:22:05.398] [Worker-Main-1/ERROR] [net.minecraft.server.packs.resources.SimpleJsonResourceReloadListener/]: Couldn't parse data file irons_spellbooks:magic_items/scroll_pouch from irons_spellbooks:loot_tables/magic_items/scroll_pouch.json
com.google.gson.JsonParseException: java.io.EOFException: End of input at line 1 column 1 path $
	at net.minecraft.util.GsonHelper.m_13780_(GsonHelper.java:526) ~[server-1.20.1-20230612.114412-srg.jar%23420!/:?]
	at net.minecraft.util.GsonHelper.m_263475_(GsonHelper.java:531) ~[server-1.20.1-20230612.114412-srg.jar%23420!/:?]
	at net.minecraft.util.GsonHelper.m_13776_(GsonHelper.java:581) ~[server-1.20.1-20230612.114412-srg.jar%23420!/:?]
	at net.minecraft.server.packs.resources.SimpleJsonResourceReloadListener.m_278771_(SimpleJsonResourceReloadListener.java:41) ~[server-1.20.1-20230612.114412-srg.jar%23420!/:?]
	at net.minecraft.world.level.storage.loot.LootDataManager.m_278660_(LootDataManager.java:54) ~[server-1.20.1-20230612.114412-srg.jar%23420!/:?]
	at java.util.concurrent.CompletableFuture$AsyncRun.run(CompletableFuture.java:1804) ~[?:?]
	at java.util.concurrent.CompletableFuture$AsyncRun.exec(CompletableFuture.java:1796) ~[?:?]
	at java.util.concurrent.ForkJoinTask.doExec(ForkJoinTask.java:373) ~[?:?]
	at java.util.concurrent.ForkJoinPool$WorkQueue.topLevelExec(ForkJoinPool.java:1182) ~[?:?]
	at java.util.concurrent.ForkJoinPool.scan(ForkJoinPool.java:1655) ~[?:?]
	at java.util.concurrent.ForkJoinPool.runWorker(ForkJoinPool.java:1622) ~[?:?]
	at java.util.concurrent.ForkJoinWorkerThread.run(ForkJoinWorkerThread.java:165) ~[?:?]
Caused by: java.io.EOFException: End of input at line 1 column 1 path $
	at com.google.gson.stream.JsonReader.nextNonWhitespace(JsonReader.java:1455) ~[gson-2.10.jar%2372!/:?]
	at com.google.gson.stream.JsonReader.doPeek(JsonReader.java:558) ~[gson-2.10.jar%2372!/:?]
	at com.google.gson.stream.JsonReader.peek(JsonReader.java:433) ~[gson-2.10.jar%2372!/:?]
	at com.google.gson.internal.bind.TypeAdapters$28.read(TypeAdapters.java:769) ~[gson-2.10.jar%2372!/:?]
	at com.google.gson.internal.bind.TypeAdapters$28.read(TypeAdapters.java:725) ~[gson-2.10.jar%2372!/:?]
	at com.google.gson.internal.bind.TypeAdapters$34$1.read(TypeAdapters.java:1007) ~[gson-2.10.jar%2372!/:?]
	at net.minecraft.util.GsonHelper.m_13780_(GsonHelper.java:524) ~[server-1.20.1-20230612.114412-srg.jar%23420!/:?]
	... 11 more
[19Apr2026 02:22:05.401] [Worker-Main-3/ERROR] [net.minecraft.server.packs.resources.SimpleJsonResourceReloadListener/]: Couldn't parse data file irons_spellbooks:pyrium_staff from irons_spellbooks:recipes/pyrium_staff.json
com.google.gson.JsonParseException: java.io.EOFException: End of input at line 1 column 1 path $
	at net.minecraft.util.GsonHelper.m_13780_(GsonHelper.java:526) ~[server-1.20.1-20230612.114412-srg.jar%23420!/:?]
	at net.minecraft.util.GsonHelper.m_263475_(GsonHelper.java:531) ~[server-1.20.1-20230612.114412-srg.jar%23420!/:?]
	at net.minecraft.util.GsonHelper.m_13776_(GsonHelper.java:581) ~[server-1.20.1-20230612.114412-srg.jar%23420!/:?]
	at net.minecraft.server.packs.resources.SimpleJsonResourceReloadListener.m_278771_(SimpleJsonResourceReloadListener.java:41) ~[server-1.20.1-20230612.114412-srg.jar%23420!/:?]
	at net.minecraft.server.packs.resources.SimpleJsonResourceReloadListener.m_5944_(SimpleJsonResourceReloadListener.java:29) ~[server-1.20.1-20230612.114412-srg.jar%23420!/:?]
	at net.minecraft.server.packs.resources.SimpleJsonResourceReloadListener.m_5944_(SimpleJsonResourceReloadListener.java:17) ~[server-1.20.1-20230612.114412-srg.jar%23420!/:?]
	at net.minecraft.server.packs.resources.SimplePreparableReloadListener.m_10786_(SimplePreparableReloadListener.java:11) ~[server-1.20.1-20230612.114412-srg.jar%23420!/:?]
	at java.util.concurrent.CompletableFuture$AsyncSupply.run(CompletableFuture.java:1768) ~[?:?]
	at java.util.concurrent.CompletableFuture$AsyncSupply.exec(CompletableFuture.java:1760) ~[?:?]
	at java.util.concurrent.ForkJoinTask.doExec(ForkJoinTask.java:373) ~[?:?]
	at java.util.concurrent.ForkJoinPool$WorkQueue.topLevelExec(ForkJoinPool.java:1182) ~[?:?]
	at java.util.concurrent.ForkJoinPool.scan(ForkJoinPool.java:1655) ~[?:?]
	at java.util.concurrent.ForkJoinPool.runWorker(ForkJoinPool.java:1622) ~[?:?]
	at java.util.concurrent.ForkJoinWorkerThread.run(ForkJoinWorkerThread.java:165) ~[?:?]
Caused by: java.io.EOFException: End of input at line 1 column 1 path $
	at com.google.gson.stream.JsonReader.nextNonWhitespace(JsonReader.java:1455) ~[gson-2.10.jar%2372!/:?]
	at com.google.gson.stream.JsonReader.doPeek(JsonReader.java:558) ~[gson-2.10.jar%2372!/:?]
	at com.google.gson.stream.JsonReader.peek(JsonReader.java:433) ~[gson-2.10.jar%2372!/:?]
	at com.google.gson.internal.bind.TypeAdapters$28.read(TypeAdapters.java:769) ~[gson-2.10.jar%2372!/:?]
	at com.google.gson.internal.bind.TypeAdapters$28.read(TypeAdapters.java:725) ~[gson-2.10.jar%2372!/:?]
	at com.google.gson.internal.bind.TypeAdapters$34$1.read(TypeAdapters.java:1007) ~[gson-2.10.jar%2372!/:?]
	at net.minecraft.util.GsonHelper.m_13780_(GsonHelper.java:524) ~[server-1.20.1-20230612.114412-srg.jar%23420!/:?]
	... 13 more
[19Apr2026 02:22:05.463] [Worker-Main-2/ERROR] [net.minecraft.server.packs.resources.SimpleJsonResourceReloadListener/]: Couldn't parse data file cataclysm_spellbooks:abyss_spell_book from cataclysm_spellbooks:recipes/abyss_spell_book.json
com.google.gson.JsonParseException: java.io.EOFException: End of input at line 1 column 1 path $
	at net.minecraft.util.GsonHelper.m_13780_(GsonHelper.java:526) ~[server-1.20.1-20230612.114412-srg.jar%23420!/:?]
	at net.minecraft.util.GsonHelper.m_263475_(GsonHelper.java:531) ~[server-1.20.1-20230612.114412-srg.jar%23420!/:?]
	at net.minecraft.util.GsonHelper.m_13776_(GsonHelper.java:581) ~[server-1.20.1-20230612.114412-srg.jar%23420!/:?]
	at net.minecraft.server.packs.resources.SimpleJsonResourceReloadListener.m_278771_(SimpleJsonResourceReloadListener.java:41) ~[server-1.20.1-20230612.114412-srg.jar%23420!/:?]
	at net.minecraft.server.packs.resources.SimpleJsonResourceReloadListener.m_5944_(SimpleJsonResourceReloadListener.java:29) ~[server-1.20.1-20230612.114412-srg.jar%23420!/:?]
	at net.minecraft.server.packs.resources.SimpleJsonResourceReloadListener.m_5944_(SimpleJsonResourceReloadListener.java:17) ~[server-1.20.1-20230612.114412-srg.jar%23420!/:?]
	at net.minecraft.server.packs.resources.SimplePreparableReloadListener.m_10786_(SimplePreparableReloadListener.java:11) ~[server-1.20.1-20230612.114412-srg.jar%23420!/:?]
	at java.util.concurrent.CompletableFuture$AsyncSupply.run(CompletableFuture.java:1768) ~[?:?]
	at java.util.concurrent.CompletableFuture$AsyncSupply.exec(CompletableFuture.java:1760) ~[?:?]
	at java.util.concurrent.ForkJoinTask.doExec(ForkJoinTask.java:373) ~[?:?]
	at java.util.concurrent.ForkJoinPool$WorkQueue.topLevelExec(ForkJoinPool.java:1182) ~[?:?]
	at java.util.concurrent.ForkJoinPool.scan(ForkJoinPool.java:1655) ~[?:?]
	at java.util.concurrent.ForkJoinPool.runWorker(ForkJoinPool.java:1622) ~[?:?]
	at java.util.concurrent.ForkJoinWorkerThread.run(ForkJoinWorkerThread.java:165) ~[?:?]
Caused by: java.io.EOFException: End of input at line 1 column 1 path $
	at com.google.gson.stream.JsonReader.nextNonWhitespace(JsonReader.java:1455) ~[gson-2.10.jar%2372!/:?]
	at com.google.gson.stream.JsonReader.doPeek(JsonReader.java:558) ~[gson-2.10.jar%2372!/:?]
	at com.google.gson.stream.JsonReader.peek(JsonReader.java:433) ~[gson-2.10.jar%2372!/:?]
	at com.google.gson.internal.bind.TypeAdapters$28.read(TypeAdapters.java:769) ~[gson-2.10.jar%2372!/:?]
	at com.google.gson.internal.bind.TypeAdapters$28.read(TypeAdapters.java:725) ~[gson-2.10.jar%2372!/:?]
	at com.google.gson.internal.bind.TypeAdapters$34$1.read(TypeAdapters.java:1007) ~[gson-2.10.jar%2372!/:?]
	at net.minecraft.util.GsonHelper.m_13780_(GsonHelper.java:524) ~[server-1.20.1-20230612.114412-srg.jar%23420!/:?]
	... 13 more
[19Apr2026 02:22:05.407] [Worker-Main-3/ERROR] [net.minecraft.server.packs.resources.SimpleJsonResourceReloadListener/]: Couldn't parse data file efn:ruinfighter_boots from efn:recipes/ruinfighter_boots.json
com.google.gson.JsonParseException: java.io.EOFException: End of input at line 1 column 1 path $
	at net.minecraft.util.GsonHelper.m_13780_(GsonHelper.java:526) ~[server-1.20.1-20230612.114412-srg.jar%23420!/:?]
	at net.minecraft.util.GsonHelper.m_263475_(GsonHelper.java:531) ~[server-1.20.1-20230612.114412-srg.jar%23420!/:?]
	at net.minecraft.util.GsonHelper.m_13776_(GsonHelper.java:581) ~[server-1.20.1-20230612.114412-srg.jar%23420!/:?]
	at net.minecraft.server.packs.resources.SimpleJsonResourceReloadListener.m_278771_(SimpleJsonResourceReloadListener.java:41) ~[server-1.20.1-20230612.114412-srg.jar%23420!/:?]
	at net.minecraft.server.packs.resources.SimpleJsonResourceReloadListener.m_5944_(SimpleJsonResourceReloadListener.java:29) ~[server-1.20.1-20230612.114412-srg.jar%23420!/:?]
	at net.minecraft.server.packs.resources.SimpleJsonResourceReloadListener.m_5944_(SimpleJsonResourceReloadListener.java:17) ~[server-1.20.1-20230612.114412-srg.jar%23420!/:?]
	at net.minecraft.server.packs.resources.SimplePreparableReloadListener.m_10786_(SimplePreparableReloadListener.java:11) ~[server-1.20.1-20230612.114412-srg.jar%23420!/:?]
	at java.util.concurrent.CompletableFuture$AsyncSupply.run(CompletableFuture.java:1768) ~[?:?]
	at java.util.concurrent.CompletableFuture$AsyncSupply.exec(CompletableFuture.java:1760) ~[?:?]
	at java.util.concurrent.ForkJoinTask.doExec(ForkJoinTask.java:373) ~[?:?]
	at java.util.concurrent.ForkJoinPool$WorkQueue.topLevelExec(ForkJoinPool.java:1182) ~[?:?]
	at java.util.concurrent.ForkJoinPool.scan(ForkJoinPool.java:1655) ~[?:?]
	at java.util.concurrent.ForkJoinPool.runWorker(ForkJoinPool.java:1622) ~[?:?]
	at java.util.concurrent.ForkJoinWorkerThread.run(ForkJoinWorkerThread.java:165) ~[?:?]
Caused by: java.io.EOFException: End of input at line 1 column 1 path $
	at com.google.gson.stream.JsonReader.nextNonWhitespace(JsonReader.java:1455) ~[gson-2.10.jar%2372!/:?]
	at com.google.gson.stream.JsonReader.doPeek(JsonReader.java:558) ~[gson-2.10.jar%2372!/:?]
	at com.google.gson.stream.JsonReader.peek(JsonReader.java:433) ~[gson-2.10.jar%2372!/:?]
	at com.google.gson.internal.bind.TypeAdapters$28.read(TypeAdapters.java:769) ~[gson-2.10.jar%2372!/:?]
	at com.google.gson.internal.bind.TypeAdapters$28.read(TypeAdapters.java:725) ~[gson-2.10.jar%2372!/:?]
	at com.google.gson.internal.bind.TypeAdapters$34$1.read(TypeAdapters.java:1007) ~[gson-2.10.jar%2372!/:?]
	at net.minecraft.util.GsonHelper.m_13780_(GsonHelper.java:524) ~[server-1.20.1-20230612.114412-srg.jar%23420!/:?]
	... 13 more
[19Apr2026 02:22:05.590] [Worker-Main-3/ERROR] [net.minecraft.server.packs.resources.SimpleJsonResourceReloadListener/]: Couldn't parse data file efn:ruinfighter_chestplate from efn:recipes/ruinfighter_chestplate.json
com.google.gson.JsonParseException: java.io.EOFException: End of input at line 1 column 1 path $
	at net.minecraft.util.GsonHelper.m_13780_(GsonHelper.java:526) ~[server-1.20.1-20230612.114412-srg.jar%23420!/:?]
	at net.minecraft.util.GsonHelper.m_263475_(GsonHelper.java:531) ~[server-1.20.1-20230612.114412-srg.jar%23420!/:?]
	at net.minecraft.util.GsonHelper.m_13776_(GsonHelper.java:581) ~[server-1.20.1-20230612.114412-srg.jar%23420!/:?]
	at net.minecraft.server.packs.resources.SimpleJsonResourceReloadListener.m_278771_(SimpleJsonResourceReloadListener.java:41) ~[server-1.20.1-20230612.114412-srg.jar%23420!/:?]
	at net.minecraft.server.packs.resources.SimpleJsonResourceReloadListener.m_5944_(SimpleJsonResourceReloadListener.java:29) ~[server-1.20.1-20230612.114412-srg.jar%23420!/:?]
	at net.minecraft.server.packs.resources.SimpleJsonResourceReloadListener.m_5944_(SimpleJsonResourceReloadListener.java:17) ~[server-1.20.1-20230612.114412-srg.jar%23420!/:?]
	at net.minecraft.server.packs.resources.SimplePreparableReloadListener.m_10786_(SimplePreparableReloadListener.java:11) ~[server-1.20.1-20230612.114412-srg.jar%23420!/:?]
	at java.util.concurrent.CompletableFuture$AsyncSupply.run(CompletableFuture.java:1768) ~[?:?]
	at java.util.concurrent.CompletableFuture$AsyncSupply.exec(CompletableFuture.java:1760) ~[?:?]
	at java.util.concurrent.ForkJoinTask.doExec(ForkJoinTask.java:373) ~[?:?]
	at java.util.concurrent.ForkJoinPool$WorkQueue.topLevelExec(ForkJoinPool.java:1182) ~[?:?]
	at java.util.concurrent.ForkJoinPool.scan(ForkJoinPool.java:1655) ~[?:?]
	at java.util.concurrent.ForkJoinPool.runWorker(ForkJoinPool.java:1622) ~[?:?]
	at java.util.concurrent.ForkJoinWorkerThread.run(ForkJoinWorkerThread.java:165) ~[?:?]
Caused by: java.io.EOFException: End of input at line 1 column 1 path $
	at com.google.gson.stream.JsonReader.nextNonWhitespace(JsonReader.java:1455) ~[gson-2.10.jar%2372!/:?]
	at com.google.gson.stream.JsonReader.doPeek(JsonReader.java:558) ~[gson-2.10.jar%2372!/:?]
	at com.google.gson.stream.JsonReader.peek(JsonReader.java:433) ~[gson-2.10.jar%2372!/:?]
	at com.google.gson.internal.bind.TypeAdapters$28.read(TypeAdapters.java:769) ~[gson-2.10.jar%2372!/:?]
	at com.google.gson.internal.bind.TypeAdapters$28.read(TypeAdapters.java:725) ~[gson-2.10.jar%2372!/:?]
	at com.google.gson.internal.bind.TypeAdapters$34$1.read(TypeAdapters.java:1007) ~[gson-2.10.jar%2372!/:?]
	at net.minecraft.util.GsonHelper.m_13780_(GsonHelper.java:524) ~[server-1.20.1-20230612.114412-srg.jar%23420!/:?]
	... 13 more
[19Apr2026 02:22:05.590] [Worker-Main-3/ERROR] [net.minecraft.server.packs.resources.SimpleJsonResourceReloadListener/]: Couldn't parse data file efn:ruinfighter_helmet from efn:recipes/ruinfighter_helmet.json
com.google.gson.JsonParseException: java.io.EOFException: End of input at line 1 column 1 path $
	at net.minecraft.util.GsonHelper.m_13780_(GsonHelper.java:526) ~[server-1.20.1-20230612.114412-srg.jar%23420!/:?]
	at net.minecraft.util.GsonHelper.m_263475_(GsonHelper.java:531) ~[server-1.20.1-20230612.114412-srg.jar%23420!/:?]
	at net.minecraft.util.GsonHelper.m_13776_(GsonHelper.java:581) ~[server-1.20.1-20230612.114412-srg.jar%23420!/:?]
	at net.minecraft.server.packs.resources.SimpleJsonResourceReloadListener.m_278771_(SimpleJsonResourceReloadListener.java:41) ~[server-1.20.1-20230612.114412-srg.jar%23420!/:?]
	at net.minecraft.server.packs.resources.SimpleJsonResourceReloadListener.m_5944_(SimpleJsonResourceReloadListener.java:29) ~[server-1.20.1-20230612.114412-srg.jar%23420!/:?]
	at net.minecraft.server.packs.resources.SimpleJsonResourceReloadListener.m_5944_(SimpleJsonResourceReloadListener.java:17) ~[server-1.20.1-20230612.114412-srg.jar%23420!/:?]
	at net.minecraft.server.packs.resources.SimplePreparableReloadListener.m_10786_(SimplePreparableReloadListener.java:11) ~[server-1.20.1-20230612.114412-srg.jar%23420!/:?]
	at java.util.concurrent.CompletableFuture$AsyncSupply.run(CompletableFuture.java:1768) ~[?:?]
	at java.util.concurrent.CompletableFuture$AsyncSupply.exec(CompletableFuture.java:1760) ~[?:?]
	at java.util.concurrent.ForkJoinTask.doExec(ForkJoinTask.java:373) ~[?:?]
	at java.util.concurrent.ForkJoinPool$WorkQueue.topLevelExec(ForkJoinPool.java:1182) ~[?:?]
	at java.util.concurrent.ForkJoinPool.scan(ForkJoinPool.java:1655) ~[?:?]
	at java.util.concurrent.ForkJoinPool.runWorker(ForkJoinPool.java:1622) ~[?:?]
	at java.util.concurrent.ForkJoinWorkerThread.run(ForkJoinWorkerThread.java:165) ~[?:?]
Caused by: java.io.EOFException: End of input at line 1 column 1 path $
	at com.google.gson.stream.JsonReader.nextNonWhitespace(JsonReader.java:1455) ~[gson-2.10.jar%2372!/:?]
	at com.google.gson.stream.JsonReader.doPeek(JsonReader.java:558) ~[gson-2.10.jar%2372!/:?]
	at com.google.gson.stream.JsonReader.peek(JsonReader.java:433) ~[gson-2.10.jar%2372!/:?]
	at com.google.gson.internal.bind.TypeAdapters$28.read(TypeAdapters.java:769) ~[gson-2.10.jar%2372!/:?]
	at com.google.gson.internal.bind.TypeAdapters$28.read(TypeAdapters.java:725) ~[gson-2.10.jar%2372!/:?]
	at com.google.gson.internal.bind.TypeAdapters$34$1.read(TypeAdapters.java:1007) ~[gson-2.10.jar%2372!/:?]
	at net.minecraft.util.GsonHelper.m_13780_(GsonHelper.java:524) ~[server-1.20.1-20230612.114412-srg.jar%23420!/:?]
	... 13 more
[19Apr2026 02:22:05.591] [Worker-Main-3/ERROR] [net.minecraft.server.packs.resources.SimpleJsonResourceReloadListener/]: Couldn't parse data file efn:ruinfighter_leggings from efn:recipes/ruinfighter_leggings.json
com.google.gson.JsonParseException: java.io.EOFException: End of input at line 1 column 1 path $
	at net.minecraft.util.GsonHelper.m_13780_(GsonHelper.java:526) ~[server-1.20.1-20230612.114412-srg.jar%23420!/:?]
	at net.minecraft.util.GsonHelper.m_263475_(GsonHelper.java:531) ~[server-1.20.1-20230612.114412-srg.jar%23420!/:?]
	at net.minecraft.util.GsonHelper.m_13776_(GsonHelper.java:581) ~[server-1.20.1-20230612.114412-srg.jar%23420!/:?]
	at net.minecraft.server.packs.resources.SimpleJsonResourceReloadListener.m_278771_(SimpleJsonResourceReloadListener.java:41) ~[server-1.20.1-20230612.114412-srg.jar%23420!/:?]
	at net.minecraft.server.packs.resources.SimpleJsonResourceReloadListener.m_5944_(SimpleJsonResourceReloadListener.java:29) ~[server-1.20.1-20230612.114412-srg.jar%23420!/:?]
	at net.minecraft.server.packs.resources.SimpleJsonResourceReloadListener.m_5944_(SimpleJsonResourceReloadListener.java:17) ~[server-1.20.1-20230612.114412-srg.jar%23420!/:?]
	at net.minecraft.server.packs.resources.SimplePreparableReloadListener.m_10786_(SimplePreparableReloadListener.java:11) ~[server-1.20.1-20230612.114412-srg.jar%23420!/:?]
	at java.util.concurrent.CompletableFuture$AsyncSupply.run(CompletableFuture.java:1768) ~[?:?]
	at java.util.concurrent.CompletableFuture$AsyncSupply.exec(CompletableFuture.java:1760) ~[?:?]
	at java.util.concurrent.ForkJoinTask.doExec(ForkJoinTask.java:373) ~[?:?]
	at java.util.concurrent.ForkJoinPool$WorkQueue.topLevelExec(ForkJoinPool.java:1182) ~[?:?]
	at java.util.concurrent.ForkJoinPool.scan(ForkJoinPool.java:1655) ~[?:?]
	at java.util.concurrent.ForkJoinPool.runWorker(ForkJoinPool.java:1622) ~[?:?]
	at java.util.concurrent.ForkJoinWorkerThread.run(ForkJoinWorkerThread.java:165) ~[?:?]
Caused by: java.io.EOFException: End of input at line 1 column 1 path $
	at com.google.gson.stream.JsonReader.nextNonWhitespace(JsonReader.java:1455) ~[gson-2.10.jar%2372!/:?]
	at com.google.gson.stream.JsonReader.doPeek(JsonReader.java:558) ~[gson-2.10.jar%2372!/:?]
	at com.google.gson.stream.JsonReader.peek(JsonReader.java:433) ~[gson-2.10.jar%2372!/:?]
	at com.google.gson.internal.bind.TypeAdapters$28.read(TypeAdapters.java:769) ~[gson-2.10.jar%2372!/:?]
	at com.google.gson.internal.bind.TypeAdapters$28.read(TypeAdapters.java:725) ~[gson-2.10.jar%2372!/:?]
	at com.google.gson.internal.bind.TypeAdapters$34$1.read(TypeAdapters.java:1007) ~[gson-2.10.jar%2372!/:?]
	at net.minecraft.util.GsonHelper.m_13780_(GsonHelper.java:524) ~[server-1.20.1-20230612.114412-srg.jar%23420!/:?]
	... 13 more
[19Apr2026 02:22:05.592] [Worker-Main-3/ERROR] [net.minecraft.server.packs.resources.SimpleJsonResourceReloadListener/]: Couldn't parse data file efn:ruinsgreatsword from efn:recipes/ruinsgreatsword.json
com.google.gson.JsonParseException: java.io.EOFException: End of input at line 1 column 1 path $
	at net.minecraft.util.GsonHelper.m_13780_(GsonHelper.java:526) ~[server-1.20.1-20230612.114412-srg.jar%23420!/:?]
	at net.minecraft.util.GsonHelper.m_263475_(GsonHelper.java:531) ~[server-1.20.1-20230612.114412-srg.jar%23420!/:?]
	at net.minecraft.util.GsonHelper.m_13776_(GsonHelper.java:581) ~[server-1.20.1-20230612.114412-srg.jar%23420!/:?]
	at net.minecraft.server.packs.resources.SimpleJsonResourceReloadListener.m_278771_(SimpleJsonResourceReloadListener.java:41) ~[server-1.20.1-20230612.114412-srg.jar%23420!/:?]
	at net.minecraft.server.packs.resources.SimpleJsonResourceReloadListener.m_5944_(SimpleJsonResourceReloadListener.java:29) ~[server-1.20.1-20230612.114412-srg.jar%23420!/:?]
	at net.minecraft.server.packs.resources.SimpleJsonResourceReloadListener.m_5944_(SimpleJsonResourceReloadListener.java:17) ~[server-1.20.1-20230612.114412-srg.jar%23420!/:?]
	at net.minecraft.server.packs.resources.SimplePreparableReloadListener.m_10786_(SimplePreparableReloadListener.java:11) ~[server-1.20.1-20230612.114412-srg.jar%23420!/:?]
	at java.util.concurrent.CompletableFuture$AsyncSupply.run(CompletableFuture.java:1768) ~[?:?]
	at java.util.concurrent.CompletableFuture$AsyncSupply.exec(CompletableFuture.java:1760) ~[?:?]
	at java.util.concurrent.ForkJoinTask.doExec(ForkJoinTask.java:373) ~[?:?]
	at java.util.concurrent.ForkJoinPool$WorkQueue.topLevelExec(ForkJoinPool.java:1182) ~[?:?]
	at java.util.concurrent.ForkJoinPool.scan(ForkJoinPool.java:1655) ~[?:?]
	at java.util.concurrent.ForkJoinPool.runWorker(ForkJoinPool.java:1622) ~[?:?]
	at java.util.concurrent.ForkJoinWorkerThread.run(ForkJoinWorkerThread.java:165) ~[?:?]
Caused by: java.io.EOFException: End of input at line 1 column 1 path $
	at com.google.gson.stream.JsonReader.nextNonWhitespace(JsonReader.java:1455) ~[gson-2.10.jar%2372!/:?]
	at com.google.gson.stream.JsonReader.doPeek(JsonReader.java:558) ~[gson-2.10.jar%2372!/:?]
	at com.google.gson.stream.JsonReader.peek(JsonReader.java:433) ~[gson-2.10.jar%2372!/:?]
	at com.google.gson.internal.bind.TypeAdapters$28.read(TypeAdapters.java:769) ~[gson-2.10.jar%2372!/:?]
	at com.google.gson.internal.bind.TypeAdapters$28.read(TypeAdapters.java:725) ~[gson-2.10.jar%2372!/:?]
	at com.google.gson.internal.bind.TypeAdapters$34$1.read(TypeAdapters.java:1007) ~[gson-2.10.jar%2372!/:?]
	at net.minecraft.util.GsonHelper.m_13780_(GsonHelper.java:524) ~[server-1.20.1-20230612.114412-srg.jar%23420!/:?]
	... 13 more
[19Apr2026 02:22:05.590] [Worker-Main-2/ERROR] [net.minecraft.server.packs.resources.SimpleJsonResourceReloadListener/]: Couldn't parse data file efn:air_tachi from efn:recipes/air_tachi.json
com.google.gson.JsonParseException: java.io.EOFException: End of input at line 1 column 1 path $
	at net.minecraft.util.GsonHelper.m_13780_(GsonHelper.java:526) ~[server-1.20.1-20230612.114412-srg.jar%23420!/:?]
	at net.minecraft.util.GsonHelper.m_263475_(GsonHelper.java:531) ~[server-1.20.1-20230612.114412-srg.jar%23420!/:?]
	at net.minecraft.util.GsonHelper.m_13776_(GsonHelper.java:581) ~[server-1.20.1-20230612.114412-srg.jar%23420!/:?]
	at net.minecraft.server.packs.resources.SimpleJsonResourceReloadListener.m_278771_(SimpleJsonResourceReloadListener.java:41) ~[server-1.20.1-20230612.114412-srg.jar%23420!/:?]
	at net.minecraft.server.packs.resources.SimpleJsonResourceReloadListener.m_5944_(SimpleJsonResourceReloadListener.java:29) ~[server-1.20.1-20230612.114412-srg.jar%23420!/:?]
	at net.minecraft.server.packs.resources.SimpleJsonResourceReloadListener.m_5944_(SimpleJsonResourceReloadListener.java:17) ~[server-1.20.1-20230612.114412-srg.jar%23420!/:?]
	at net.minecraft.server.packs.resources.SimplePreparableReloadListener.m_10786_(SimplePreparableReloadListener.java:11) ~[server-1.20.1-20230612.114412-srg.jar%23420!/:?]
	at java.util.concurrent.CompletableFuture$AsyncSupply.run(CompletableFuture.java:1768) ~[?:?]
	at java.util.concurrent.CompletableFuture$AsyncSupply.exec(CompletableFuture.java:1760) ~[?:?]
	at java.util.concurrent.ForkJoinTask.doExec(ForkJoinTask.java:373) ~[?:?]
	at java.util.concurrent.ForkJoinPool$WorkQueue.topLevelExec(ForkJoinPool.java:1182) ~[?:?]
	at java.util.concurrent.ForkJoinPool.scan(ForkJoinPool.java:1655) ~[?:?]
	at java.util.concurrent.ForkJoinPool.runWorker(ForkJoinPool.java:1622) ~[?:?]
	at java.util.concurrent.ForkJoinWorkerThread.run(ForkJoinWorkerThread.java:165) ~[?:?]
Caused by: java.io.EOFException: End of input at line 1 column 1 path $
	at com.google.gson.stream.JsonReader.nextNonWhitespace(JsonReader.java:1455) ~[gson-2.10.jar%2372!/:?]
	at com.google.gson.stream.JsonReader.doPeek(JsonReader.java:558) ~[gson-2.10.jar%2372!/:?]
	at com.google.gson.stream.JsonReader.peek(JsonReader.java:433) ~[gson-2.10.jar%2372!/:?]
	at com.google.gson.internal.bind.TypeAdapters$28.read(TypeAdapters.java:769) ~[gson-2.10.jar%2372!/:?]
	at com.google.gson.internal.bind.TypeAdapters$28.read(TypeAdapters.java:725) ~[gson-2.10.jar%2372!/:?]
	at com.google.gson.internal.bind.TypeAdapters$34$1.read(TypeAdapters.java:1007) ~[gson-2.10.jar%2372!/:?]
	at net.minecraft.util.GsonHelper.m_13780_(GsonHelper.java:524) ~[server-1.20.1-20230612.114412-srg.jar%23420!/:?]
	... 13 more
[19Apr2026 02:22:05.593] [Worker-Main-2/ERROR] [net.minecraft.server.packs.resources.SimpleJsonResourceReloadListener/]: Couldn't parse data file efn:air_tachi_to_co from efn:recipes/air_tachi_to_co.json
com.google.gson.JsonParseException: java.io.EOFException: End of input at line 1 column 1 path $
	at net.minecraft.util.GsonHelper.m_13780_(GsonHelper.java:526) ~[server-1.20.1-20230612.114412-srg.jar%23420!/:?]
	at net.minecraft.util.GsonHelper.m_263475_(GsonHelper.java:531) ~[server-1.20.1-20230612.114412-srg.jar%23420!/:?]
	at net.minecraft.util.GsonHelper.m_13776_(GsonHelper.java:581) ~[server-1.20.1-20230612.114412-srg.jar%23420!/:?]
	at net.minecraft.server.packs.resources.SimpleJsonResourceReloadListener.m_278771_(SimpleJsonResourceReloadListener.java:41) ~[server-1.20.1-20230612.114412-srg.jar%23420!/:?]
	at net.minecraft.server.packs.resources.SimpleJsonResourceReloadListener.m_5944_(SimpleJsonResourceReloadListener.java:29) ~[server-1.20.1-20230612.114412-srg.jar%23420!/:?]
	at net.minecraft.server.packs.resources.SimpleJsonResourceReloadListener.m_5944_(SimpleJsonResourceReloadListener.java:17) ~[server-1.20.1-20230612.114412-srg.jar%23420!/:?]
	at net.minecraft.server.packs.resources.SimplePreparableReloadListener.m_10786_(SimplePreparableReloadListener.java:11) ~[server-1.20.1-20230612.114412-srg.jar%23420!/:?]
	at java.util.concurrent.CompletableFuture$AsyncSupply.run(CompletableFuture.java:1768) ~[?:?]
	at java.util.concurrent.CompletableFuture$AsyncSupply.exec(CompletableFuture.java:1760) ~[?:?]
	at java.util.concurrent.ForkJoinTask.doExec(ForkJoinTask.java:373) ~[?:?]
	at java.util.concurrent.ForkJoinPool$WorkQueue.topLevelExec(ForkJoinPool.java:1182) ~[?:?]
	at java.util.concurrent.ForkJoinPool.scan(ForkJoinPool.java:1655) ~[?:?]
	at java.util.concurrent.ForkJoinPool.runWorker(ForkJoinPool.java:1622) ~[?:?]
	at java.util.concurrent.ForkJoinWorkerThread.run(ForkJoinWorkerThread.java:165) ~[?:?]
Caused by: java.io.EOFException: End of input at line 1 column 1 path $
	at com.google.gson.stream.JsonReader.nextNonWhitespace(JsonReader.java:1455) ~[gson-2.10.jar%2372!/:?]
	at com.google.gson.stream.JsonReader.doPeek(JsonReader.java:558) ~[gson-2.10.jar%2372!/:?]
	at com.google.gson.stream.JsonReader.peek(JsonReader.java:433) ~[gson-2.10.jar%2372!/:?]
	at com.google.gson.internal.bind.TypeAdapters$28.read(TypeAdapters.java:769) ~[gson-2.10.jar%2372!/:?]
	at com.google.gson.internal.bind.TypeAdapters$28.read(TypeAdapters.java:725) ~[gson-2.10.jar%2372!/:?]
	at com.google.gson.internal.bind.TypeAdapters$34$1.read(TypeAdapters.java:1007) ~[gson-2.10.jar%2372!/:?]
	at net.minecraft.util.GsonHelper.m_13780_(GsonHelper.java:524) ~[server-1.20.1-20230612.114412-srg.jar%23420!/:?]
	... 13 more
[19Apr2026 02:22:05.600] [Worker-Main-3/ERROR] [net.minecraft.server.packs.resources.SimpleJsonResourceReloadListener/]: Couldn't parse data file irons_spellbooks:scroll_forge from irons_spellbooks:recipes/scroll_forge.json
com.google.gson.JsonParseException: java.io.EOFException: End of input at line 1 column 1 path $
	at net.minecraft.util.GsonHelper.m_13780_(GsonHelper.java:526) ~[server-1.20.1-20230612.114412-srg.jar%23420!/:?]
	at net.minecraft.util.GsonHelper.m_263475_(GsonHelper.java:531) ~[server-1.20.1-20230612.114412-srg.jar%23420!/:?]
	at net.minecraft.util.GsonHelper.m_13776_(GsonHelper.java:581) ~[server-1.20.1-20230612.114412-srg.jar%23420!/:?]
	at net.minecraft.server.packs.resources.SimpleJsonResourceReloadListener.m_278771_(SimpleJsonResourceReloadListener.java:41) ~[server-1.20.1-20230612.114412-srg.jar%23420!/:?]
	at net.minecraft.server.packs.resources.SimpleJsonResourceReloadListener.m_5944_(SimpleJsonResourceReloadListener.java:29) ~[server-1.20.1-20230612.114412-srg.jar%23420!/:?]
	at net.minecraft.server.packs.resources.SimpleJsonResourceReloadListener.m_5944_(SimpleJsonResourceReloadListener.java:17) ~[server-1.20.1-20230612.114412-srg.jar%23420!/:?]
	at net.minecraft.server.packs.resources.SimplePreparableReloadListener.m_10786_(SimplePreparableReloadListener.java:11) ~[server-1.20.1-20230612.114412-srg.jar%23420!/:?]
	at java.util.concurrent.CompletableFuture$AsyncSupply.run(CompletableFuture.java:1768) ~[?:?]
	at java.util.concurrent.CompletableFuture$AsyncSupply.exec(CompletableFuture.java:1760) ~[?:?]
	at java.util.concurrent.ForkJoinTask.doExec(ForkJoinTask.java:373) ~[?:?]
	at java.util.concurrent.ForkJoinPool$WorkQueue.topLevelExec(ForkJoinPool.java:1182) ~[?:?]
	at java.util.concurrent.ForkJoinPool.scan(ForkJoinPool.java:1655) ~[?:?]
	at java.util.concurrent.ForkJoinPool.runWorker(ForkJoinPool.java:1622) ~[?:?]
	at java.util.concurrent.ForkJoinWorkerThread.run(ForkJoinWorkerThread.java:165) ~[?:?]
Caused by: java.io.EOFException: End of input at line 1 column 1 path $
	at com.google.gson.stream.JsonReader.nextNonWhitespace(JsonReader.java:1455) ~[gson-2.10.jar%2372!/:?]
	at com.google.gson.stream.JsonReader.doPeek(JsonReader.java:558) ~[gson-2.10.jar%2372!/:?]
	at com.google.gson.stream.JsonReader.peek(JsonReader.java:433) ~[gson-2.10.jar%2372!/:?]
	at com.google.gson.internal.bind.TypeAdapters$28.read(TypeAdapters.java:769) ~[gson-2.10.jar%2372!/:?]
	at com.google.gson.internal.bind.TypeAdapters$28.read(TypeAdapters.java:725) ~[gson-2.10.jar%2372!/:?]
	at com.google.gson.internal.bind.TypeAdapters$34$1.read(TypeAdapters.java:1007) ~[gson-2.10.jar%2372!/:?]
	at net.minecraft.util.GsonHelper.m_13780_(GsonHelper.java:524) ~[server-1.20.1-20230612.114412-srg.jar%23420!/:?]
	... 13 more
[19Apr2026 02:22:05.601] [Worker-Main-2/ERROR] [net.minecraft.server.packs.resources.SimpleJsonResourceReloadListener/]: Couldn't parse data file dodosmobs:amalgam_claws from dodosmobs:recipes/amalgam_claws.json
com.google.gson.JsonParseException: java.io.EOFException: End of input at line 1 column 1 path $
	at net.minecraft.util.GsonHelper.m_13780_(GsonHelper.java:526) ~[server-1.20.1-20230612.114412-srg.jar%23420!/:?]
	at net.minecraft.util.GsonHelper.m_263475_(GsonHelper.java:531) ~[server-1.20.1-20230612.114412-srg.jar%23420!/:?]
	at net.minecraft.util.GsonHelper.m_13776_(GsonHelper.java:581) ~[server-1.20.1-20230612.114412-srg.jar%23420!/:?]
	at net.minecraft.server.packs.resources.SimpleJsonResourceReloadListener.m_278771_(SimpleJsonResourceReloadListener.java:41) ~[server-1.20.1-20230612.114412-srg.jar%23420!/:?]
	at net.minecraft.server.packs.resources.SimpleJsonResourceReloadListener.m_5944_(SimpleJsonResourceReloadListener.java:29) ~[server-1.20.1-20230612.114412-srg.jar%23420!/:?]
	at net.minecraft.server.packs.resources.SimpleJsonResourceReloadListener.m_5944_(SimpleJsonResourceReloadListener.java:17) ~[server-1.20.1-20230612.114412-srg.jar%23420!/:?]
	at net.minecraft.server.packs.resources.SimplePreparableReloadListener.m_10786_(SimplePreparableReloadListener.java:11) ~[server-1.20.1-20230612.114412-srg.jar%23420!/:?]
	at java.util.concurrent.CompletableFuture$AsyncSupply.run(CompletableFuture.java:1768) ~[?:?]
	at java.util.concurrent.CompletableFuture$AsyncSupply.exec(CompletableFuture.java:1760) ~[?:?]
	at java.util.concurrent.ForkJoinTask.doExec(ForkJoinTask.java:373) ~[?:?]
	at java.util.concurrent.ForkJoinPool$WorkQueue.topLevelExec(ForkJoinPool.java:1182) ~[?:?]
	at java.util.concurrent.ForkJoinPool.scan(ForkJoinPool.java:1655) ~[?:?]
	at java.util.concurrent.ForkJoinPool.runWorker(ForkJoinPool.java:1622) ~[?:?]
	at java.util.concurrent.ForkJoinWorkerThread.run(ForkJoinWorkerThread.java:165) ~[?:?]
Caused by: java.io.EOFException: End of input at line 1 column 1 path $
	at com.google.gson.stream.JsonReader.nextNonWhitespace(JsonReader.java:1455) ~[gson-2.10.jar%2372!/:?]
	at com.google.gson.stream.JsonReader.doPeek(JsonReader.java:558) ~[gson-2.10.jar%2372!/:?]
	at com.google.gson.stream.JsonReader.peek(JsonReader.java:433) ~[gson-2.10.jar%2372!/:?]
	at com.google.gson.internal.bind.TypeAdapters$28.read(TypeAdapters.java:769) ~[gson-2.10.jar%2372!/:?]
	at com.google.gson.internal.bind.TypeAdapters$28.read(TypeAdapters.java:725) ~[gson-2.10.jar%2372!/:?]
	at com.google.gson.internal.bind.TypeAdapters$34$1.read(TypeAdapters.java:1007) ~[gson-2.10.jar%2372!/:?]
	at net.minecraft.util.GsonHelper.m_13780_(GsonHelper.java:524) ~[server-1.20.1-20230612.114412-srg.jar%23420!/:?]
	... 13 more
[19Apr2026 02:22:05.604] [Worker-Main-2/ERROR] [net.minecraft.server.packs.resources.SimpleJsonResourceReloadListener/]: Couldn't parse data file irons_spellbooks:amethyst_rapier from irons_spellbooks:recipes/amethyst_rapier.json
com.google.gson.JsonParseException: java.io.EOFException: End of input at line 1 column 1 path $
	at net.minecraft.util.GsonHelper.m_13780_(GsonHelper.java:526) ~[server-1.20.1-20230612.114412-srg.jar%23420!/:?]
	at net.minecraft.util.GsonHelper.m_263475_(GsonHelper.java:531) ~[server-1.20.1-20230612.114412-srg.jar%23420!/:?]
	at net.minecraft.util.GsonHelper.m_13776_(GsonHelper.java:581) ~[server-1.20.1-20230612.114412-srg.jar%23420!/:?]
	at net.minecraft.server.packs.resources.SimpleJsonResourceReloadListener.m_278771_(SimpleJsonResourceReloadListener.java:41) ~[server-1.20.1-20230612.114412-srg.jar%23420!/:?]
	at net.minecraft.server.packs.resources.SimpleJsonResourceReloadListener.m_5944_(SimpleJsonResourceReloadListener.java:29) ~[server-1.20.1-20230612.114412-srg.jar%23420!/:?]
	at net.minecraft.server.packs.resources.SimpleJsonResourceReloadListener.m_5944_(SimpleJsonResourceReloadListener.java:17) ~[server-1.20.1-20230612.114412-srg.jar%23420!/:?]
	at net.minecraft.server.packs.resources.SimplePreparableReloadListener.m_10786_(SimplePreparableReloadListener.java:11) ~[server-1.20.1-20230612.114412-srg.jar%23420!/:?]
	at java.util.concurrent.CompletableFuture$AsyncSupply.run(CompletableFuture.java:1768) ~[?:?]
	at java.util.concurrent.CompletableFuture$AsyncSupply.exec(CompletableFuture.java:1760) ~[?:?]
	at java.util.concurrent.ForkJoinTask.doExec(ForkJoinTask.java:373) ~[?:?]
	at java.util.concurrent.ForkJoinPool$WorkQueue.topLevelExec(ForkJoinPool.java:1182) ~[?:?]
	at java.util.concurrent.ForkJoinPool.scan(ForkJoinPool.java:1655) ~[?:?]
	at java.util.concurrent.ForkJoinPool.runWorker(ForkJoinPool.java:1622) ~[?:?]
	at java.util.concurrent.ForkJoinWorkerThread.run(ForkJoinWorkerThread.java:165) ~[?:?]
Caused by: java.io.EOFException: End of input at line 1 column 1 path $
	at com.google.gson.stream.JsonReader.nextNonWhitespace(JsonReader.java:1455) ~[gson-2.10.jar%2372!/:?]
	at com.google.gson.stream.JsonReader.doPeek(JsonReader.java:558) ~[gson-2.10.jar%2372!/:?]
	at com.google.gson.stream.JsonReader.peek(JsonReader.java:433) ~[gson-2.10.jar%2372!/:?]
	at com.google.gson.internal.bind.TypeAdapters$28.read(TypeAdapters.java:769) ~[gson-2.10.jar%2372!/:?]
	at com.google.gson.internal.bind.TypeAdapters$28.read(TypeAdapters.java:725) ~[gson-2.10.jar%2372!/:?]
	at com.google.gson.internal.bind.TypeAdapters$34$1.read(TypeAdapters.java:1007) ~[gson-2.10.jar%2372!/:?]
	at net.minecraft.util.GsonHelper.m_13780_(GsonHelper.java:524) ~[server-1.20.1-20230612.114412-srg.jar%23420!/:?]
	... 13 more
[19Apr2026 02:22:05.608] [Worker-Main-2/ERROR] [net.minecraft.server.packs.resources.SimpleJsonResourceReloadListener/]: Couldn't parse data file cataclysm:ancient_spear from cataclysm:recipes/ancient_spear.json
com.google.gson.JsonParseException: java.io.EOFException: End of input at line 1 column 1 path $
	at net.minecraft.util.GsonHelper.m_13780_(GsonHelper.java:526) ~[server-1.20.1-20230612.114412-srg.jar%23420!/:?]
	at net.minecraft.util.GsonHelper.m_263475_(GsonHelper.java:531) ~[server-1.20.1-20230612.114412-srg.jar%23420!/:?]
	at net.minecraft.util.GsonHelper.m_13776_(GsonHelper.java:581) ~[server-1.20.1-20230612.114412-srg.jar%23420!/:?]
	at net.minecraft.server.packs.resources.SimpleJsonResourceReloadListener.m_278771_(SimpleJsonResourceReloadListener.java:41) ~[server-1.20.1-20230612.114412-srg.jar%23420!/:?]
	at net.minecraft.server.packs.resources.SimpleJsonResourceReloadListener.m_5944_(SimpleJsonResourceReloadListener.java:29) ~[server-1.20.1-20230612.114412-srg.jar%23420!/:?]
	at net.minecraft.server.packs.resources.SimpleJsonResourceReloadListener.m_5944_(SimpleJsonResourceReloadListener.java:17) ~[server-1.20.1-20230612.114412-srg.jar%23420!/:?]
	at net.minecraft.server.packs.resources.SimplePreparableReloadListener.m_10786_(SimplePreparableReloadListener.java:11) ~[server-1.20.1-20230612.114412-srg.jar%23420!/:?]
	at java.util.concurrent.CompletableFuture$AsyncSupply.run(CompletableFuture.java:1768) ~[?:?]
	at java.util.concurrent.CompletableFuture$AsyncSupply.exec(CompletableFuture.java:1760) ~[?:?]
	at java.util.concurrent.ForkJoinTask.doExec(ForkJoinTask.java:373) ~[?:?]
	at java.util.concurrent.ForkJoinPool$WorkQueue.topLevelExec(ForkJoinPool.java:1182) ~[?:?]
	at java.util.concurrent.ForkJoinPool.scan(ForkJoinPool.java:1655) ~[?:?]
	at java.util.concurrent.ForkJoinPool.runWorker(ForkJoinPool.java:1622) ~[?:?]
	at java.util.concurrent.ForkJoinWorkerThread.run(ForkJoinWorkerThread.java:165) ~[?:?]
Caused by: java.io.EOFException: End of input at line 1 column 1 path $
	at com.google.gson.stream.JsonReader.nextNonWhitespace(JsonReader.java:1455) ~[gson-2.10.jar%2372!/:?]
	at com.google.gson.stream.JsonReader.doPeek(JsonReader.java:558) ~[gson-2.10.jar%2372!/:?]
	at com.google.gson.stream.JsonReader.peek(JsonReader.java:433) ~[gson-2.10.jar%2372!/:?]
	at com.google.gson.internal.bind.TypeAdapters$28.read(TypeAdapters.java:769) ~[gson-2.10.jar%2372!/:?]
	at com.google.gson.internal.bind.TypeAdapters$28.read(TypeAdapters.java:725) ~[gson-2.10.jar%2372!/:?]
	at com.google.gson.internal.bind.TypeAdapters$34$1.read(TypeAdapters.java:1007) ~[gson-2.10.jar%2372!/:?]
	at net.minecraft.util.GsonHelper.m_13780_(GsonHelper.java:524) ~[server-1.20.1-20230612.114412-srg.jar%23420!/:?]
	... 13 more
[19Apr2026 02:22:05.609] [Worker-Main-2/ERROR] [net.minecraft.server.packs.resources.SimpleJsonResourceReloadListener/]: Couldn't parse data file irons_spellbooks:arcane_anvil from irons_spellbooks:recipes/arcane_anvil.json
com.google.gson.JsonParseException: java.io.EOFException: End of input at line 1 column 1 path $
	at net.minecraft.util.GsonHelper.m_13780_(GsonHelper.java:526) ~[server-1.20.1-20230612.114412-srg.jar%23420!/:?]
	at net.minecraft.util.GsonHelper.m_263475_(GsonHelper.java:531) ~[server-1.20.1-20230612.114412-srg.jar%23420!/:?]
	at net.minecraft.util.GsonHelper.m_13776_(GsonHelper.java:581) ~[server-1.20.1-20230612.114412-srg.jar%23420!/:?]
	at net.minecraft.server.packs.resources.SimpleJsonResourceReloadListener.m_278771_(SimpleJsonResourceReloadListener.java:41) ~[server-1.20.1-20230612.114412-srg.jar%23420!/:?]
	at net.minecraft.server.packs.resources.SimpleJsonResourceReloadListener.m_5944_(SimpleJsonResourceReloadListener.java:29) ~[server-1.20.1-20230612.114412-srg.jar%23420!/:?]
	at net.minecraft.server.packs.resources.SimpleJsonResourceReloadListener.m_5944_(SimpleJsonResourceReloadListener.java:17) ~[server-1.20.1-20230612.114412-srg.jar%23420!/:?]
	at net.minecraft.server.packs.resources.SimplePreparableReloadListener.m_10786_(SimplePreparableReloadListener.java:11) ~[server-1.20.1-20230612.114412-srg.jar%23420!/:?]
	at java.util.concurrent.CompletableFuture$AsyncSupply.run(CompletableFuture.java:1768) ~[?:?]
	at java.util.concurrent.CompletableFuture$AsyncSupply.exec(CompletableFuture.java:1760) ~[?:?]
	at java.util.concurrent.ForkJoinTask.doExec(ForkJoinTask.java:373) ~[?:?]
	at java.util.concurrent.ForkJoinPool$WorkQueue.topLevelExec(ForkJoinPool.java:1182) ~[?:?]
	at java.util.concurrent.ForkJoinPool.scan(ForkJoinPool.java:1655) ~[?:?]
	at java.util.concurrent.ForkJoinPool.runWorker(ForkJoinPool.java:1622) ~[?:?]
	at java.util.concurrent.ForkJoinWorkerThread.run(ForkJoinWorkerThread.java:165) ~[?:?]
Caused by: java.io.EOFException: End of input at line 1 column 1 path $
	at com.google.gson.stream.JsonReader.nextNonWhitespace(JsonReader.java:1455) ~[gson-2.10.jar%2372!/:?]
	at com.google.gson.stream.JsonReader.doPeek(JsonReader.java:558) ~[gson-2.10.jar%2372!/:?]
	at com.google.gson.stream.JsonReader.peek(JsonReader.java:433) ~[gson-2.10.jar%2372!/:?]
	at com.google.gson.internal.bind.TypeAdapters$28.read(TypeAdapters.java:769) ~[gson-2.10.jar%2372!/:?]
	at com.google.gson.internal.bind.TypeAdapters$28.read(TypeAdapters.java:725) ~[gson-2.10.jar%2372!/:?]
	at com.google.gson.internal.bind.TypeAdapters$34$1.read(TypeAdapters.java:1007) ~[gson-2.10.jar%2372!/:?]
	at net.minecraft.util.GsonHelper.m_13780_(GsonHelper.java:524) ~[server-1.20.1-20230612.114412-srg.jar%23420!/:?]
	... 13 more
[19Apr2026 02:22:05.616] [Worker-Main-2/ERROR] [net.minecraft.server.packs.resources.SimpleJsonResourceReloadListener/]: Couldn't parse data file irons_spellbooks:artificer_cane from irons_spellbooks:recipes/artificer_cane.json
com.google.gson.JsonParseException: java.io.EOFException: End of input at line 1 column 1 path $
	at net.minecraft.util.GsonHelper.m_13780_(GsonHelper.java:526) ~[server-1.20.1-20230612.114412-srg.jar%23420!/:?]
	at net.minecraft.util.GsonHelper.m_263475_(GsonHelper.java:531) ~[server-1.20.1-20230612.114412-srg.jar%23420!/:?]
	at net.minecraft.util.GsonHelper.m_13776_(GsonHelper.java:581) ~[server-1.20.1-20230612.114412-srg.jar%23420!/:?]
	at net.minecraft.server.packs.resources.SimpleJsonResourceReloadListener.m_278771_(SimpleJsonResourceReloadListener.java:41) ~[server-1.20.1-20230612.114412-srg.jar%23420!/:?]
	at net.minecraft.server.packs.resources.SimpleJsonResourceReloadListener.m_5944_(SimpleJsonResourceReloadListener.java:29) ~[server-1.20.1-20230612.114412-srg.jar%23420!/:?]
	at net.minecraft.server.packs.resources.SimpleJsonResourceReloadListener.m_5944_(SimpleJsonResourceReloadListener.java:17) ~[server-1.20.1-20230612.114412-srg.jar%23420!/:?]
	at net.minecraft.server.packs.resources.SimplePreparableReloadListener.m_10786_(SimplePreparableReloadListener.java:11) ~[server-1.20.1-20230612.114412-srg.jar%23420!/:?]
	at java.util.concurrent.CompletableFuture$AsyncSupply.run(CompletableFuture.java:1768) ~[?:?]
	at java.util.concurrent.CompletableFuture$AsyncSupply.exec(CompletableFuture.java:1760) ~[?:?]
	at java.util.concurrent.ForkJoinTask.doExec(ForkJoinTask.java:373) ~[?:?]
	at java.util.concurrent.ForkJoinPool$WorkQueue.topLevelExec(ForkJoinPool.java:1182) ~[?:?]
	at java.util.concurrent.ForkJoinPool.scan(ForkJoinPool.java:1655) ~[?:?]
	at java.util.concurrent.ForkJoinPool.runWorker(ForkJoinPool.java:1622) ~[?:?]
	at java.util.concurrent.ForkJoinWorkerThread.run(ForkJoinWorkerThread.java:165) ~[?:?]
Caused by: java.io.EOFException: End of input at line 1 column 1 path $
	at com.google.gson.stream.JsonReader.nextNonWhitespace(JsonReader.java:1455) ~[gson-2.10.jar%2372!/:?]
	at com.google.gson.stream.JsonReader.doPeek(JsonReader.java:558) ~[gson-2.10.jar%2372!/:?]
	at com.google.gson.stream.JsonReader.peek(JsonReader.java:433) ~[gson-2.10.jar%2372!/:?]
	at com.google.gson.internal.bind.TypeAdapters$28.read(TypeAdapters.java:769) ~[gson-2.10.jar%2372!/:?]
	at com.google.gson.internal.bind.TypeAdapters$28.read(TypeAdapters.java:725) ~[gson-2.10.jar%2372!/:?]
	at com.google.gson.internal.bind.TypeAdapters$34$1.read(TypeAdapters.java:1007) ~[gson-2.10.jar%2372!/:?]
	at net.minecraft.util.GsonHelper.m_13780_(GsonHelper.java:524) ~[server-1.20.1-20230612.114412-srg.jar%23420!/:?]
	... 13 more
[19Apr2026 02:22:05.613] [Worker-Main-3/ERROR] [net.minecraft.server.packs.resources.SimpleJsonResourceReloadListener/]: Couldn't parse data file aether:skyroot_smithing_table from aether:recipes/skyroot_smithing_table.json
com.google.gson.JsonParseException: java.io.EOFException: End of input at line 1 column 1 path $
	at net.minecraft.util.GsonHelper.m_13780_(GsonHelper.java:526) ~[server-1.20.1-20230612.114412-srg.jar%23420!/:?]
	at net.minecraft.util.GsonHelper.m_263475_(GsonHelper.java:531) ~[server-1.20.1-20230612.114412-srg.jar%23420!/:?]
	at net.minecraft.util.GsonHelper.m_13776_(GsonHelper.java:581) ~[server-1.20.1-20230612.114412-srg.jar%23420!/:?]
	at net.minecraft.server.packs.resources.SimpleJsonResourceReloadListener.m_278771_(SimpleJsonResourceReloadListener.java:41) ~[server-1.20.1-20230612.114412-srg.jar%23420!/:?]
	at net.minecraft.server.packs.resources.SimpleJsonResourceReloadListener.m_5944_(SimpleJsonResourceReloadListener.java:29) ~[server-1.20.1-20230612.114412-srg.jar%23420!/:?]
	at net.minecraft.server.packs.resources.SimpleJsonResourceReloadListener.m_5944_(SimpleJsonResourceReloadListener.java:17) ~[server-1.20.1-20230612.114412-srg.jar%23420!/:?]
	at net.minecraft.server.packs.resources.SimplePreparableReloadListener.m_10786_(SimplePreparableReloadListener.java:11) ~[server-1.20.1-20230612.114412-srg.jar%23420!/:?]
	at java.util.concurrent.CompletableFuture$AsyncSupply.run(CompletableFuture.java:1768) ~[?:?]
	at java.util.concurrent.CompletableFuture$AsyncSupply.exec(CompletableFuture.java:1760) ~[?:?]
	at java.util.concurrent.ForkJoinTask.doExec(ForkJoinTask.java:373) ~[?:?]
	at java.util.concurrent.ForkJoinPool$WorkQueue.topLevelExec(ForkJoinPool.java:1182) ~[?:?]
	at java.util.concurrent.ForkJoinPool.scan(ForkJoinPool.java:1655) ~[?:?]
	at java.util.concurrent.ForkJoinPool.runWorker(ForkJoinPool.java:1622) ~[?:?]
	at java.util.concurrent.ForkJoinWorkerThread.run(ForkJoinWorkerThread.java:165) ~[?:?]
Caused by: java.io.EOFException: End of input at line 1 column 1 path $
	at com.google.gson.stream.JsonReader.nextNonWhitespace(JsonReader.java:1455) ~[gson-2.10.jar%2372!/:?]
	at com.google.gson.stream.JsonReader.doPeek(JsonReader.java:558) ~[gson-2.10.jar%2372!/:?]
	at com.google.gson.stream.JsonReader.peek(JsonReader.java:433) ~[gson-2.10.jar%2372!/:?]
	at com.google.gson.internal.bind.TypeAdapters$28.read(TypeAdapters.java:769) ~[gson-2.10.jar%2372!/:?]
	at com.google.gson.internal.bind.TypeAdapters$28.read(TypeAdapters.java:725) ~[gson-2.10.jar%2372!/:?]
	at com.google.gson.internal.bind.TypeAdapters$34$1.read(TypeAdapters.java:1007) ~[gson-2.10.jar%2372!/:?]
	at net.minecraft.util.GsonHelper.m_13780_(GsonHelper.java:524) ~[server-1.20.1-20230612.114412-srg.jar%23420!/:?]
	... 13 more
[19Apr2026 02:22:05.619] [Worker-Main-2/ERROR] [net.minecraft.server.packs.resources.SimpleJsonResourceReloadListener/]: Couldn't parse data file cataclysm:astrape from cataclysm:recipes/astrape.json
com.google.gson.JsonParseException: java.io.EOFException: End of input at line 1 column 1 path $
	at net.minecraft.util.GsonHelper.m_13780_(GsonHelper.java:526) ~[server-1.20.1-20230612.114412-srg.jar%23420!/:?]
	at net.minecraft.util.GsonHelper.m_263475_(GsonHelper.java:531) ~[server-1.20.1-20230612.114412-srg.jar%23420!/:?]
	at net.minecraft.util.GsonHelper.m_13776_(GsonHelper.java:581) ~[server-1.20.1-20230612.114412-srg.jar%23420!/:?]
	at net.minecraft.server.packs.resources.SimpleJsonResourceReloadListener.m_278771_(SimpleJsonResourceReloadListener.java:41) ~[server-1.20.1-20230612.114412-srg.jar%23420!/:?]
	at net.minecraft.server.packs.resources.SimpleJsonResourceReloadListener.m_5944_(SimpleJsonResourceReloadListener.java:29) ~[server-1.20.1-20230612.114412-srg.jar%23420!/:?]
	at net.minecraft.server.packs.resources.SimpleJsonResourceReloadListener.m_5944_(SimpleJsonResourceReloadListener.java:17) ~[server-1.20.1-20230612.114412-srg.jar%23420!/:?]
	at net.minecraft.server.packs.resources.SimplePreparableReloadListener.m_10786_(SimplePreparableReloadListener.java:11) ~[server-1.20.1-20230612.114412-srg.jar%23420!/:?]
	at java.util.concurrent.CompletableFuture$AsyncSupply.run(CompletableFuture.java:1768) ~[?:?]
	at java.util.concurrent.CompletableFuture$AsyncSupply.exec(CompletableFuture.java:1760) ~[?:?]
	at java.util.concurrent.ForkJoinTask.doExec(ForkJoinTask.java:373) ~[?:?]
	at java.util.concurrent.ForkJoinPool$WorkQueue.topLevelExec(ForkJoinPool.java:1182) ~[?:?]
	at java.util.concurrent.ForkJoinPool.scan(ForkJoinPool.java:1655) ~[?:?]
	at java.util.concurrent.ForkJoinPool.runWorker(ForkJoinPool.java:1622) ~[?:?]
	at java.util.concurrent.ForkJoinWorkerThread.run(ForkJoinWorkerThread.java:165) ~[?:?]
Caused by: java.io.EOFException: End of input at line 1 column 1 path $
	at com.google.gson.stream.JsonReader.nextNonWhitespace(JsonReader.java:1455) ~[gson-2.10.jar%2372!/:?]
	at com.google.gson.stream.JsonReader.doPeek(JsonReader.java:558) ~[gson-2.10.jar%2372!/:?]
	at com.google.gson.stream.JsonReader.peek(JsonReader.java:433) ~[gson-2.10.jar%2372!/:?]
	at com.google.gson.internal.bind.TypeAdapters$28.read(TypeAdapters.java:769) ~[gson-2.10.jar%2372!/:?]
	at com.google.gson.internal.bind.TypeAdapters$28.read(TypeAdapters.java:725) ~[gson-2.10.jar%2372!/:?]
	at com.google.gson.internal.bind.TypeAdapters$34$1.read(TypeAdapters.java:1007) ~[gson-2.10.jar%2372!/:?]
	at net.minecraft.util.GsonHelper.m_13780_(GsonHelper.java:524) ~[server-1.20.1-20230612.114412-srg.jar%23420!/:?]
	... 13 more
[19Apr2026 02:22:05.620] [Worker-Main-3/ERROR] [net.minecraft.server.packs.resources.SimpleJsonResourceReloadListener/]: Couldn't parse data file efn:smithing/nf_shortsword_2 from efn:recipes/smithing/nf_shortsword_2.json
com.google.gson.JsonParseException: java.io.EOFException: End of input at line 1 column 1 path $
	at net.minecraft.util.GsonHelper.m_13780_(GsonHelper.java:526) ~[server-1.20.1-20230612.114412-srg.jar%23420!/:?]
	at net.minecraft.util.GsonHelper.m_263475_(GsonHelper.java:531) ~[server-1.20.1-20230612.114412-srg.jar%23420!/:?]
	at net.minecraft.util.GsonHelper.m_13776_(GsonHelper.java:581) ~[server-1.20.1-20230612.114412-srg.jar%23420!/:?]
	at net.minecraft.server.packs.resources.SimpleJsonResourceReloadListener.m_278771_(SimpleJsonResourceReloadListener.java:41) ~[server-1.20.1-20230612.114412-srg.jar%23420!/:?]
	at net.minecraft.server.packs.resources.SimpleJsonResourceReloadListener.m_5944_(SimpleJsonResourceReloadListener.java:29) ~[server-1.20.1-20230612.114412-srg.jar%23420!/:?]
	at net.minecraft.server.packs.resources.SimpleJsonResourceReloadListener.m_5944_(SimpleJsonResourceReloadListener.java:17) ~[server-1.20.1-20230612.114412-srg.jar%23420!/:?]
	at net.minecraft.server.packs.resources.SimplePreparableReloadListener.m_10786_(SimplePreparableReloadListener.java:11) ~[server-1.20.1-20230612.114412-srg.jar%23420!/:?]
	at java.util.concurrent.CompletableFuture$AsyncSupply.run(CompletableFuture.java:1768) ~[?:?]
	at java.util.concurrent.CompletableFuture$AsyncSupply.exec(CompletableFuture.java:1760) ~[?:?]
	at java.util.concurrent.ForkJoinTask.doExec(ForkJoinTask.java:373) ~[?:?]
	at java.util.concurrent.ForkJoinPool$WorkQueue.topLevelExec(ForkJoinPool.java:1182) ~[?:?]
	at java.util.concurrent.ForkJoinPool.scan(ForkJoinPool.java:1655) ~[?:?]
	at java.util.concurrent.ForkJoinPool.runWorker(ForkJoinPool.java:1622) ~[?:?]
	at java.util.concurrent.ForkJoinWorkerThread.run(ForkJoinWorkerThread.java:165) ~[?:?]
Caused by: java.io.EOFException: End of input at line 1 column 1 path $
	at com.google.gson.stream.JsonReader.nextNonWhitespace(JsonReader.java:1455) ~[gson-2.10.jar%2372!/:?]
	at com.google.gson.stream.JsonReader.doPeek(JsonReader.java:558) ~[gson-2.10.jar%2372!/:?]
	at com.google.gson.stream.JsonReader.peek(JsonReader.java:433) ~[gson-2.10.jar%2372!/:?]
	at com.google.gson.internal.bind.TypeAdapters$28.read(TypeAdapters.java:769) ~[gson-2.10.jar%2372!/:?]
	at com.google.gson.internal.bind.TypeAdapters$28.read(TypeAdapters.java:725) ~[gson-2.10.jar%2372!/:?]
	at com.google.gson.internal.bind.TypeAdapters$34$1.read(TypeAdapters.java:1007) ~[gson-2.10.jar%2372!/:?]
	at net.minecraft.util.GsonHelper.m_13780_(GsonHelper.java:524) ~[server-1.20.1-20230612.114412-srg.jar%23420!/:?]
	... 13 more
[19Apr2026 02:22:05.624] [Worker-Main-3/ERROR] [net.minecraft.server.packs.resources.SimpleJsonResourceReloadListener/]: Couldn't parse data file cataclysm:soul_render from cataclysm:recipes/soul_render.json
com.google.gson.JsonParseException: java.io.EOFException: End of input at line 1 column 1 path $
	at net.minecraft.util.GsonHelper.m_13780_(GsonHelper.java:526) ~[server-1.20.1-20230612.114412-srg.jar%23420!/:?]
	at net.minecraft.util.GsonHelper.m_263475_(GsonHelper.java:531) ~[server-1.20.1-20230612.114412-srg.jar%23420!/:?]
	at net.minecraft.util.GsonHelper.m_13776_(GsonHelper.java:581) ~[server-1.20.1-20230612.114412-srg.jar%23420!/:?]
	at net.minecraft.server.packs.resources.SimpleJsonResourceReloadListener.m_278771_(SimpleJsonResourceReloadListener.java:41) ~[server-1.20.1-20230612.114412-srg.jar%23420!/:?]
	at net.minecraft.server.packs.resources.SimpleJsonResourceReloadListener.m_5944_(SimpleJsonResourceReloadListener.java:29) ~[server-1.20.1-20230612.114412-srg.jar%23420!/:?]
	at net.minecraft.server.packs.resources.SimpleJsonResourceReloadListener.m_5944_(SimpleJsonResourceReloadListener.java:17) ~[server-1.20.1-20230612.114412-srg.jar%23420!/:?]
	at net.minecraft.server.packs.resources.SimplePreparableReloadListener.m_10786_(SimplePreparableReloadListener.java:11) ~[server-1.20.1-20230612.114412-srg.jar%23420!/:?]
	at java.util.concurrent.CompletableFuture$AsyncSupply.run(CompletableFuture.java:1768) ~[?:?]
	at java.util.concurrent.CompletableFuture$AsyncSupply.exec(CompletableFuture.java:1760) ~[?:?]
	at java.util.concurrent.ForkJoinTask.doExec(ForkJoinTask.java:373) ~[?:?]
	at java.util.concurrent.ForkJoinPool$WorkQueue.topLevelExec(ForkJoinPool.java:1182) ~[?:?]
	at java.util.concurrent.ForkJoinPool.scan(ForkJoinPool.java:1655) ~[?:?]
	at java.util.concurrent.ForkJoinPool.runWorker(ForkJoinPool.java:1622) ~[?:?]
	at java.util.concurrent.ForkJoinWorkerThread.run(ForkJoinWorkerThread.java:165) ~[?:?]
Caused by: java.io.EOFException: End of input at line 1 column 1 path $
	at com.google.gson.stream.JsonReader.nextNonWhitespace(JsonReader.java:1455) ~[gson-2.10.jar%2372!/:?]
	at com.google.gson.stream.JsonReader.doPeek(JsonReader.java:558) ~[gson-2.10.jar%2372!/:?]
	at com.google.gson.stream.JsonReader.peek(JsonReader.java:433) ~[gson-2.10.jar%2372!/:?]
	at com.google.gson.internal.bind.TypeAdapters$28.read(TypeAdapters.java:769) ~[gson-2.10.jar%2372!/:?]
	at com.google.gson.internal.bind.TypeAdapters$28.read(TypeAdapters.java:725) ~[gson-2.10.jar%2372!/:?]
	at com.google.gson.internal.bind.TypeAdapters$34$1.read(TypeAdapters.java:1007) ~[gson-2.10.jar%2372!/:?]
	at net.minecraft.util.GsonHelper.m_13780_(GsonHelper.java:524) ~[server-1.20.1-20230612.114412-srg.jar%23420!/:?]
	... 13 more
[19Apr2026 02:22:05.626] [Worker-Main-3/ERROR] [net.minecraft.server.packs.resources.SimpleJsonResourceReloadListener/]: Couldn't parse data file irons_spellbooks:spellbreaker from irons_spellbooks:recipes/spellbreaker.json
com.google.gson.JsonParseException: java.io.EOFException: End of input at line 1 column 1 path $
	at net.minecraft.util.GsonHelper.m_13780_(GsonHelper.java:526) ~[server-1.20.1-20230612.114412-srg.jar%23420!/:?]
	at net.minecraft.util.GsonHelper.m_263475_(GsonHelper.java:531) ~[server-1.20.1-20230612.114412-srg.jar%23420!/:?]
	at net.minecraft.util.GsonHelper.m_13776_(GsonHelper.java:581) ~[server-1.20.1-20230612.114412-srg.jar%23420!/:?]
	at net.minecraft.server.packs.resources.SimpleJsonResourceReloadListener.m_278771_(SimpleJsonResourceReloadListener.java:41) ~[server-1.20.1-20230612.114412-srg.jar%23420!/:?]
	at net.minecraft.server.packs.resources.SimpleJsonResourceReloadListener.m_5944_(SimpleJsonResourceReloadListener.java:29) ~[server-1.20.1-20230612.114412-srg.jar%23420!/:?]
	at net.minecraft.server.packs.resources.SimpleJsonResourceReloadListener.m_5944_(SimpleJsonResourceReloadListener.java:17) ~[server-1.20.1-20230612.114412-srg.jar%23420!/:?]
	at net.minecraft.server.packs.resources.SimplePreparableReloadListener.m_10786_(SimplePreparableReloadListener.java:11) ~[server-1.20.1-20230612.114412-srg.jar%23420!/:?]
	at java.util.concurrent.CompletableFuture$AsyncSupply.run(CompletableFuture.java:1768) ~[?:?]
	at java.util.concurrent.CompletableFuture$AsyncSupply.exec(CompletableFuture.java:1760) ~[?:?]
	at java.util.concurrent.ForkJoinTask.doExec(ForkJoinTask.java:373) ~[?:?]
	at java.util.concurrent.ForkJoinPool$WorkQueue.topLevelExec(ForkJoinPool.java:1182) ~[?:?]
	at java.util.concurrent.ForkJoinPool.scan(ForkJoinPool.java:1655) ~[?:?]
	at java.util.concurrent.ForkJoinPool.runWorker(ForkJoinPool.java:1622) ~[?:?]
	at java.util.concurrent.ForkJoinWorkerThread.run(ForkJoinWorkerThread.java:165) ~[?:?]
Caused by: java.io.EOFException: End of input at line 1 column 1 path $
	at com.google.gson.stream.JsonReader.nextNonWhitespace(JsonReader.java:1455) ~[gson-2.10.jar%2372!/:?]
	at com.google.gson.stream.JsonReader.doPeek(JsonReader.java:558) ~[gson-2.10.jar%2372!/:?]
	at com.google.gson.stream.JsonReader.peek(JsonReader.java:433) ~[gson-2.10.jar%2372!/:?]
	at com.google.gson.internal.bind.TypeAdapters$28.read(TypeAdapters.java:769) ~[gson-2.10.jar%2372!/:?]
	at com.google.gson.internal.bind.TypeAdapters$28.read(TypeAdapters.java:725) ~[gson-2.10.jar%2372!/:?]
	at com.google.gson.internal.bind.TypeAdapters$34$1.read(TypeAdapters.java:1007) ~[gson-2.10.jar%2372!/:?]
	at net.minecraft.util.GsonHelper.m_13780_(GsonHelper.java:524) ~[server-1.20.1-20230612.114412-srg.jar%23420!/:?]
	... 13 more
[19Apr2026 02:22:05.631] [Worker-Main-2/ERROR] [net.minecraft.server.packs.resources.SimpleJsonResourceReloadListener/]: Couldn't parse data file cataclysm:blazing_grips from cataclysm:recipes/blazing_grips.json
com.google.gson.JsonParseException: java.io.EOFException: End of input at line 1 column 1 path $
	at net.minecraft.util.GsonHelper.m_13780_(GsonHelper.java:526) ~[server-1.20.1-20230612.114412-srg.jar%23420!/:?]
	at net.minecraft.util.GsonHelper.m_263475_(GsonHelper.java:531) ~[server-1.20.1-20230612.114412-srg.jar%23420!/:?]
	at net.minecraft.util.GsonHelper.m_13776_(GsonHelper.java:581) ~[server-1.20.1-20230612.114412-srg.jar%23420!/:?]
	at net.minecraft.server.packs.resources.SimpleJsonResourceReloadListener.m_278771_(SimpleJsonResourceReloadListener.java:41) ~[server-1.20.1-20230612.114412-srg.jar%23420!/:?]
	at net.minecraft.server.packs.resources.SimpleJsonResourceReloadListener.m_5944_(SimpleJsonResourceReloadListener.java:29) ~[server-1.20.1-20230612.114412-srg.jar%23420!/:?]
	at net.minecraft.server.packs.resources.SimpleJsonResourceReloadListener.m_5944_(SimpleJsonResourceReloadListener.java:17) ~[server-1.20.1-20230612.114412-srg.jar%23420!/:?]
	at net.minecraft.server.packs.resources.SimplePreparableReloadListener.m_10786_(SimplePreparableReloadListener.java:11) ~[server-1.20.1-20230612.114412-srg.jar%23420!/:?]
	at java.util.concurrent.CompletableFuture$AsyncSupply.run(CompletableFuture.java:1768) ~[?:?]
	at java.util.concurrent.CompletableFuture$AsyncSupply.exec(CompletableFuture.java:1760) ~[?:?]
	at java.util.concurrent.ForkJoinTask.doExec(ForkJoinTask.java:373) ~[?:?]
	at java.util.concurrent.ForkJoinPool$WorkQueue.topLevelExec(ForkJoinPool.java:1182) ~[?:?]
	at java.util.concurrent.ForkJoinPool.scan(ForkJoinPool.java:1655) ~[?:?]
	at java.util.concurrent.ForkJoinPool.runWorker(ForkJoinPool.java:1622) ~[?:?]
	at java.util.concurrent.ForkJoinWorkerThread.run(ForkJoinWorkerThread.java:165) ~[?:?]
Caused by: java.io.EOFException: End of input at line 1 column 1 path $
	at com.google.gson.stream.JsonReader.nextNonWhitespace(JsonReader.java:1455) ~[gson-2.10.jar%2372!/:?]
	at com.google.gson.stream.JsonReader.doPeek(JsonReader.java:558) ~[gson-2.10.jar%2372!/:?]
	at com.google.gson.stream.JsonReader.peek(JsonReader.java:433) ~[gson-2.10.jar%2372!/:?]
	at com.google.gson.internal.bind.TypeAdapters$28.read(TypeAdapters.java:769) ~[gson-2.10.jar%2372!/:?]
	at com.google.gson.internal.bind.TypeAdapters$28.read(TypeAdapters.java:725) ~[gson-2.10.jar%2372!/:?]
	at com.google.gson.internal.bind.TypeAdapters$34$1.read(TypeAdapters.java:1007) ~[gson-2.10.jar%2372!/:?]
	at net.minecraft.util.GsonHelper.m_13780_(GsonHelper.java:524) ~[server-1.20.1-20230612.114412-srg.jar%23420!/:?]
	... 13 more
[19Apr2026 02:22:05.633] [Worker-Main-2/ERROR] [net.minecraft.server.packs.resources.SimpleJsonResourceReloadListener/]: Couldn't parse data file cataclysm_spellbooks:bloom_stone_staff from cataclysm_spellbooks:recipes/bloom_stone_staff.json
com.google.gson.JsonParseException: java.io.EOFException: End of input at line 1 column 1 path $
	at net.minecraft.util.GsonHelper.m_13780_(GsonHelper.java:526) ~[server-1.20.1-20230612.114412-srg.jar%23420!/:?]
	at net.minecraft.util.GsonHelper.m_263475_(GsonHelper.java:531) ~[server-1.20.1-20230612.114412-srg.jar%23420!/:?]
	at net.minecraft.util.GsonHelper.m_13776_(GsonHelper.java:581) ~[server-1.20.1-20230612.114412-srg.jar%23420!/:?]
	at net.minecraft.server.packs.resources.SimpleJsonResourceReloadListener.m_278771_(SimpleJsonResourceReloadListener.java:41) ~[server-1.20.1-20230612.114412-srg.jar%23420!/:?]
	at net.minecraft.server.packs.resources.SimpleJsonResourceReloadListener.m_5944_(SimpleJsonResourceReloadListener.java:29) ~[server-1.20.1-20230612.114412-srg.jar%23420!/:?]
	at net.minecraft.server.packs.resources.SimpleJsonResourceReloadListener.m_5944_(SimpleJsonResourceReloadListener.java:17) ~[server-1.20.1-20230612.114412-srg.jar%23420!/:?]
	at net.minecraft.server.packs.resources.SimplePreparableReloadListener.m_10786_(SimplePreparableReloadListener.java:11) ~[server-1.20.1-20230612.114412-srg.jar%23420!/:?]
	at java.util.concurrent.CompletableFuture$AsyncSupply.run(CompletableFuture.java:1768) ~[?:?]
	at java.util.concurrent.CompletableFuture$AsyncSupply.exec(CompletableFuture.java:1760) ~[?:?]
	at java.util.concurrent.ForkJoinTask.doExec(ForkJoinTask.java:373) ~[?:?]
	at java.util.concurrent.ForkJoinPool$WorkQueue.topLevelExec(ForkJoinPool.java:1182) ~[?:?]
	at java.util.concurrent.ForkJoinPool.scan(ForkJoinPool.java:1655) ~[?:?]
	at java.util.concurrent.ForkJoinPool.runWorker(ForkJoinPool.java:1622) ~[?:?]
	at java.util.concurrent.ForkJoinWorkerThread.run(ForkJoinWorkerThread.java:165) ~[?:?]
Caused by: java.io.EOFException: End of input at line 1 column 1 path $
	at com.google.gson.stream.JsonReader.nextNonWhitespace(JsonReader.java:1455) ~[gson-2.10.jar%2372!/:?]
	at com.google.gson.stream.JsonReader.doPeek(JsonReader.java:558) ~[gson-2.10.jar%2372!/:?]
	at com.google.gson.stream.JsonReader.peek(JsonReader.java:433) ~[gson-2.10.jar%2372!/:?]
	at com.google.gson.internal.bind.TypeAdapters$28.read(TypeAdapters.java:769) ~[gson-2.10.jar%2372!/:?]
	at com.google.gson.internal.bind.TypeAdapters$28.read(TypeAdapters.java:725) ~[gson-2.10.jar%2372!/:?]
	at com.google.gson.internal.bind.TypeAdapters$34$1.read(TypeAdapters.java:1007) ~[gson-2.10.jar%2372!/:?]
	at net.minecraft.util.GsonHelper.m_13780_(GsonHelper.java:524) ~[server-1.20.1-20230612.114412-srg.jar%23420!/:?]
	... 13 more
[19Apr2026 02:22:05.635] [Worker-Main-3/ERROR] [net.minecraft.server.packs.resources.SimpleJsonResourceReloadListener/]: Couldn't parse data file efn:sword_of_pioneer from efn:recipes/sword_of_pioneer.json
com.google.gson.JsonParseException: java.io.EOFException: End of input at line 1 column 1 path $
	at net.minecraft.util.GsonHelper.m_13780_(GsonHelper.java:526) ~[server-1.20.1-20230612.114412-srg.jar%23420!/:?]
	at net.minecraft.util.GsonHelper.m_263475_(GsonHelper.java:531) ~[server-1.20.1-20230612.114412-srg.jar%23420!/:?]
	at net.minecraft.util.GsonHelper.m_13776_(GsonHelper.java:581) ~[server-1.20.1-20230612.114412-srg.jar%23420!/:?]
	at net.minecraft.server.packs.resources.SimpleJsonResourceReloadListener.m_278771_(SimpleJsonResourceReloadListener.java:41) ~[server-1.20.1-20230612.114412-srg.jar%23420!/:?]
	at net.minecraft.server.packs.resources.SimpleJsonResourceReloadListener.m_5944_(SimpleJsonResourceReloadListener.java:29) ~[server-1.20.1-20230612.114412-srg.jar%23420!/:?]
	at net.minecraft.server.packs.resources.SimpleJsonResourceReloadListener.m_5944_(SimpleJsonResourceReloadListener.java:17) ~[server-1.20.1-20230612.114412-srg.jar%23420!/:?]
	at net.minecraft.server.packs.resources.SimplePreparableReloadListener.m_10786_(SimplePreparableReloadListener.java:11) ~[server-1.20.1-20230612.114412-srg.jar%23420!/:?]
	at java.util.concurrent.CompletableFuture$AsyncSupply.run(CompletableFuture.java:1768) ~[?:?]
	at java.util.concurrent.CompletableFuture$AsyncSupply.exec(CompletableFuture.java:1760) ~[?:?]
	at java.util.concurrent.ForkJoinTask.doExec(ForkJoinTask.java:373) ~[?:?]
	at java.util.concurrent.ForkJoinPool$WorkQueue.topLevelExec(ForkJoinPool.java:1182) ~[?:?]
	at java.util.concurrent.ForkJoinPool.scan(ForkJoinPool.java:1655) ~[?:?]
	at java.util.concurrent.ForkJoinPool.runWorker(ForkJoinPool.java:1622) ~[?:?]
	at java.util.concurrent.ForkJoinWorkerThread.run(ForkJoinWorkerThread.java:165) ~[?:?]
Caused by: java.io.EOFException: End of input at line 1 column 1 path $
	at com.google.gson.stream.JsonReader.nextNonWhitespace(JsonReader.java:1455) ~[gson-2.10.jar%2372!/:?]
	at com.google.gson.stream.JsonReader.doPeek(JsonReader.java:558) ~[gson-2.10.jar%2372!/:?]
	at com.google.gson.stream.JsonReader.peek(JsonReader.java:433) ~[gson-2.10.jar%2372!/:?]
	at com.google.gson.internal.bind.TypeAdapters$28.read(TypeAdapters.java:769) ~[gson-2.10.jar%2372!/:?]
	at com.google.gson.internal.bind.TypeAdapters$28.read(TypeAdapters.java:725) ~[gson-2.10.jar%2372!/:?]
	at com.google.gson.internal.bind.TypeAdapters$34$1.read(TypeAdapters.java:1007) ~[gson-2.10.jar%2372!/:?]
	at net.minecraft.util.GsonHelper.m_13780_(GsonHelper.java:524) ~[server-1.20.1-20230612.114412-srg.jar%23420!/:?]
	... 13 more
[19Apr2026 02:22:05.637] [Worker-Main-3/ERROR] [net.minecraft.server.packs.resources.SimpleJsonResourceReloadListener/]: Couldn't parse data file fromtheshadows:thirst_for_blood from fromtheshadows:recipes/thirst_for_blood.json
com.google.gson.JsonParseException: java.io.EOFException: End of input at line 1 column 1 path $
	at net.minecraft.util.GsonHelper.m_13780_(GsonHelper.java:526) ~[server-1.20.1-20230612.114412-srg.jar%23420!/:?]
	at net.minecraft.util.GsonHelper.m_263475_(GsonHelper.java:531) ~[server-1.20.1-20230612.114412-srg.jar%23420!/:?]
	at net.minecraft.util.GsonHelper.m_13776_(GsonHelper.java:581) ~[server-1.20.1-20230612.114412-srg.jar%23420!/:?]
	at net.minecraft.server.packs.resources.SimpleJsonResourceReloadListener.m_278771_(SimpleJsonResourceReloadListener.java:41) ~[server-1.20.1-20230612.114412-srg.jar%23420!/:?]
	at net.minecraft.server.packs.resources.SimpleJsonResourceReloadListener.m_5944_(SimpleJsonResourceReloadListener.java:29) ~[server-1.20.1-20230612.114412-srg.jar%23420!/:?]
	at net.minecraft.server.packs.resources.SimpleJsonResourceReloadListener.m_5944_(SimpleJsonResourceReloadListener.java:17) ~[server-1.20.1-20230612.114412-srg.jar%23420!/:?]
	at net.minecraft.server.packs.resources.SimplePreparableReloadListener.m_10786_(SimplePreparableReloadListener.java:11) ~[server-1.20.1-20230612.114412-srg.jar%23420!/:?]
	at java.util.concurrent.CompletableFuture$AsyncSupply.run(CompletableFuture.java:1768) ~[?:?]
	at java.util.concurrent.CompletableFuture$AsyncSupply.exec(CompletableFuture.java:1760) ~[?:?]
	at java.util.concurrent.ForkJoinTask.doExec(ForkJoinTask.java:373) ~[?:?]
	at java.util.concurrent.ForkJoinPool$WorkQueue.topLevelExec(ForkJoinPool.java:1182) ~[?:?]
	at java.util.concurrent.ForkJoinPool.scan(ForkJoinPool.java:1655) ~[?:?]
	at java.util.concurrent.ForkJoinPool.runWorker(ForkJoinPool.java:1622) ~[?:?]
	at java.util.concurrent.ForkJoinWorkerThread.run(ForkJoinWorkerThread.java:165) ~[?:?]
Caused by: java.io.EOFException: End of input at line 1 column 1 path $
	at com.google.gson.stream.JsonReader.nextNonWhitespace(JsonReader.java:1455) ~[gson-2.10.jar%2372!/:?]
	at com.google.gson.stream.JsonReader.doPeek(JsonReader.java:558) ~[gson-2.10.jar%2372!/:?]
	at com.google.gson.stream.JsonReader.peek(JsonReader.java:433) ~[gson-2.10.jar%2372!/:?]
	at com.google.gson.internal.bind.TypeAdapters$28.read(TypeAdapters.java:769) ~[gson-2.10.jar%2372!/:?]
	at com.google.gson.internal.bind.TypeAdapters$28.read(TypeAdapters.java:725) ~[gson-2.10.jar%2372!/:?]
	at com.google.gson.internal.bind.TypeAdapters$34$1.read(TypeAdapters.java:1007) ~[gson-2.10.jar%2372!/:?]
	at net.minecraft.util.GsonHelper.m_13780_(GsonHelper.java:524) ~[server-1.20.1-20230612.114412-srg.jar%23420!/:?]
	... 13 more
[19Apr2026 02:22:05.639] [Worker-Main-2/ERROR] [net.minecraft.server.packs.resources.SimpleJsonResourceReloadListener/]: Couldn't parse data file irons_spellbooks:boreal_blade from irons_spellbooks:recipes/boreal_blade.json
com.google.gson.JsonParseException: java.io.EOFException: End of input at line 1 column 1 path $
	at net.minecraft.util.GsonHelper.m_13780_(GsonHelper.java:526) ~[server-1.20.1-20230612.114412-srg.jar%23420!/:?]
	at net.minecraft.util.GsonHelper.m_263475_(GsonHelper.java:531) ~[server-1.20.1-20230612.114412-srg.jar%23420!/:?]
	at net.minecraft.util.GsonHelper.m_13776_(GsonHelper.java:581) ~[server-1.20.1-20230612.114412-srg.jar%23420!/:?]
	at net.minecraft.server.packs.resources.SimpleJsonResourceReloadListener.m_278771_(SimpleJsonResourceReloadListener.java:41) ~[server-1.20.1-20230612.114412-srg.jar%23420!/:?]
	at net.minecraft.server.packs.resources.SimpleJsonResourceReloadListener.m_5944_(SimpleJsonResourceReloadListener.java:29) ~[server-1.20.1-20230612.114412-srg.jar%23420!/:?]
	at net.minecraft.server.packs.resources.SimpleJsonResourceReloadListener.m_5944_(SimpleJsonResourceReloadListener.java:17) ~[server-1.20.1-20230612.114412-srg.jar%23420!/:?]
	at net.minecraft.server.packs.resources.SimplePreparableReloadListener.m_10786_(SimplePreparableReloadListener.java:11) ~[server-1.20.1-20230612.114412-srg.jar%23420!/:?]
	at java.util.concurrent.CompletableFuture$AsyncSupply.run(CompletableFuture.java:1768) ~[?:?]
	at java.util.concurrent.CompletableFuture$AsyncSupply.exec(CompletableFuture.java:1760) ~[?:?]
	at java.util.concurrent.ForkJoinTask.doExec(ForkJoinTask.java:373) ~[?:?]
	at java.util.concurrent.ForkJoinPool$WorkQueue.topLevelExec(ForkJoinPool.java:1182) ~[?:?]
	at java.util.concurrent.ForkJoinPool.scan(ForkJoinPool.java:1655) ~[?:?]
	at java.util.concurrent.ForkJoinPool.runWorker(ForkJoinPool.java:1622) ~[?:?]
	at java.util.concurrent.ForkJoinWorkerThread.run(ForkJoinWorkerThread.java:165) ~[?:?]
Caused by: java.io.EOFException: End of input at line 1 column 1 path $
	at com.google.gson.stream.JsonReader.nextNonWhitespace(JsonReader.java:1455) ~[gson-2.10.jar%2372!/:?]
	at com.google.gson.stream.JsonReader.doPeek(JsonReader.java:558) ~[gson-2.10.jar%2372!/:?]
	at com.google.gson.stream.JsonReader.peek(JsonReader.java:433) ~[gson-2.10.jar%2372!/:?]
	at com.google.gson.internal.bind.TypeAdapters$28.read(TypeAdapters.java:769) ~[gson-2.10.jar%2372!/:?]
	at com.google.gson.internal.bind.TypeAdapters$28.read(TypeAdapters.java:725) ~[gson-2.10.jar%2372!/:?]
	at com.google.gson.internal.bind.TypeAdapters$34$1.read(TypeAdapters.java:1007) ~[gson-2.10.jar%2372!/:?]
	at net.minecraft.util.GsonHelper.m_13780_(GsonHelper.java:524) ~[server-1.20.1-20230612.114412-srg.jar%23420!/:?]
	... 13 more
[19Apr2026 02:22:05.641] [Worker-Main-2/ERROR] [net.minecraft.server.packs.resources.SimpleJsonResourceReloadListener/]: Couldn't parse data file efn:broadblade from efn:recipes/broadblade.json
com.google.gson.JsonParseException: java.io.EOFException: End of input at line 1 column 1 path $
	at net.minecraft.util.GsonHelper.m_13780_(GsonHelper.java:526) ~[server-1.20.1-20230612.114412-srg.jar%23420!/:?]
	at net.minecraft.util.GsonHelper.m_263475_(GsonHelper.java:531) ~[server-1.20.1-20230612.114412-srg.jar%23420!/:?]
	at net.minecraft.util.GsonHelper.m_13776_(GsonHelper.java:581) ~[server-1.20.1-20230612.114412-srg.jar%23420!/:?]
	at net.minecraft.server.packs.resources.SimpleJsonResourceReloadListener.m_278771_(SimpleJsonResourceReloadListener.java:41) ~[server-1.20.1-20230612.114412-srg.jar%23420!/:?]
	at net.minecraft.server.packs.resources.SimpleJsonResourceReloadListener.m_5944_(SimpleJsonResourceReloadListener.java:29) ~[server-1.20.1-20230612.114412-srg.jar%23420!/:?]
	at net.minecraft.server.packs.resources.SimpleJsonResourceReloadListener.m_5944_(SimpleJsonResourceReloadListener.java:17) ~[server-1.20.1-20230612.114412-srg.jar%23420!/:?]
	at net.minecraft.server.packs.resources.SimplePreparableReloadListener.m_10786_(SimplePreparableReloadListener.java:11) ~[server-1.20.1-20230612.114412-srg.jar%23420!/:?]
	at java.util.concurrent.CompletableFuture$AsyncSupply.run(CompletableFuture.java:1768) ~[?:?]
	at java.util.concurrent.CompletableFuture$AsyncSupply.exec(CompletableFuture.java:1760) ~[?:?]
	at java.util.concurrent.ForkJoinTask.doExec(ForkJoinTask.java:373) ~[?:?]
	at java.util.concurrent.ForkJoinPool$WorkQueue.topLevelExec(ForkJoinPool.java:1182) ~[?:?]
	at java.util.concurrent.ForkJoinPool.scan(ForkJoinPool.java:1655) ~[?:?]
	at java.util.concurrent.ForkJoinPool.runWorker(ForkJoinPool.java:1622) ~[?:?]
	at java.util.concurrent.ForkJoinWorkerThread.run(ForkJoinWorkerThread.java:165) ~[?:?]
Caused by: java.io.EOFException: End of input at line 1 column 1 path $
	at com.google.gson.stream.JsonReader.nextNonWhitespace(JsonReader.java:1455) ~[gson-2.10.jar%2372!/:?]
	at com.google.gson.stream.JsonReader.doPeek(JsonReader.java:558) ~[gson-2.10.jar%2372!/:?]
	at com.google.gson.stream.JsonReader.peek(JsonReader.java:433) ~[gson-2.10.jar%2372!/:?]
	at com.google.gson.internal.bind.TypeAdapters$28.read(TypeAdapters.java:769) ~[gson-2.10.jar%2372!/:?]
	at com.google.gson.internal.bind.TypeAdapters$28.read(TypeAdapters.java:725) ~[gson-2.10.jar%2372!/:?]
	at com.google.gson.internal.bind.TypeAdapters$34$1.read(TypeAdapters.java:1007) ~[gson-2.10.jar%2372!/:?]
	at net.minecraft.util.GsonHelper.m_13780_(GsonHelper.java:524) ~[server-1.20.1-20230612.114412-srg.jar%23420!/:?]
	... 13 more
[19Apr2026 02:22:05.745] [Worker-Main-3/ERROR] [net.minecraft.server.packs.resources.SimpleJsonResourceReloadListener/]: Couldn't parse data file irons_spellbooks:twilight_gale from irons_spellbooks:recipes/twilight_gale.json
com.google.gson.JsonParseException: java.io.EOFException: End of input at line 1 column 1 path $
	at net.minecraft.util.GsonHelper.m_13780_(GsonHelper.java:526) ~[server-1.20.1-20230612.114412-srg.jar%23420!/:?]
	at net.minecraft.util.GsonHelper.m_263475_(GsonHelper.java:531) ~[server-1.20.1-20230612.114412-srg.jar%23420!/:?]
	at net.minecraft.util.GsonHelper.m_13776_(GsonHelper.java:581) ~[server-1.20.1-20230612.114412-srg.jar%23420!/:?]
	at net.minecraft.server.packs.resources.SimpleJsonResourceReloadListener.m_278771_(SimpleJsonResourceReloadListener.java:41) ~[server-1.20.1-20230612.114412-srg.jar%23420!/:?]
	at net.minecraft.server.packs.resources.SimpleJsonResourceReloadListener.m_5944_(SimpleJsonResourceReloadListener.java:29) ~[server-1.20.1-20230612.114412-srg.jar%23420!/:?]
	at net.minecraft.server.packs.resources.SimpleJsonResourceReloadListener.m_5944_(SimpleJsonResourceReloadListener.java:17) ~[server-1.20.1-20230612.114412-srg.jar%23420!/:?]
	at net.minecraft.server.packs.resources.SimplePreparableReloadListener.m_10786_(SimplePreparableReloadListener.java:11) ~[server-1.20.1-20230612.114412-srg.jar%23420!/:?]
	at java.util.concurrent.CompletableFuture$AsyncSupply.run(CompletableFuture.java:1768) ~[?:?]
	at java.util.concurrent.CompletableFuture$AsyncSupply.exec(CompletableFuture.java:1760) ~[?:?]
	at java.util.concurrent.ForkJoinTask.doExec(ForkJoinTask.java:373) ~[?:?]
	at java.util.concurrent.ForkJoinPool$WorkQueue.topLevelExec(ForkJoinPool.java:1182) ~[?:?]
	at java.util.concurrent.ForkJoinPool.scan(ForkJoinPool.java:1655) ~[?:?]
	at java.util.concurrent.ForkJoinPool.runWorker(ForkJoinPool.java:1622) ~[?:?]
	at java.util.concurrent.ForkJoinWorkerThread.run(ForkJoinWorkerThread.java:165) ~[?:?]
Caused by: java.io.EOFException: End of input at line 1 column 1 path $
	at com.google.gson.stream.JsonReader.nextNonWhitespace(JsonReader.java:1455) ~[gson-2.10.jar%2372!/:?]
	at com.google.gson.stream.JsonReader.doPeek(JsonReader.java:558) ~[gson-2.10.jar%2372!/:?]
	at com.google.gson.stream.JsonReader.peek(JsonReader.java:433) ~[gson-2.10.jar%2372!/:?]
	at com.google.gson.internal.bind.TypeAdapters$28.read(TypeAdapters.java:769) ~[gson-2.10.jar%2372!/:?]
	at com.google.gson.internal.bind.TypeAdapters$28.read(TypeAdapters.java:725) ~[gson-2.10.jar%2372!/:?]
	at com.google.gson.internal.bind.TypeAdapters$34$1.read(TypeAdapters.java:1007) ~[gson-2.10.jar%2372!/:?]
	at net.minecraft.util.GsonHelper.m_13780_(GsonHelper.java:524) ~[server-1.20.1-20230612.114412-srg.jar%23420!/:?]
	... 13 more
[19Apr2026 02:22:05.746] [Worker-Main-3/ERROR] [net.minecraft.server.packs.resources.SimpleJsonResourceReloadListener/]: Couldn't parse data file cataclysm_spellbooks:void_staff from cataclysm_spellbooks:recipes/void_staff.json
com.google.gson.JsonParseException: java.io.EOFException: End of input at line 1 column 1 path $
	at net.minecraft.util.GsonHelper.m_13780_(GsonHelper.java:526) ~[server-1.20.1-20230612.114412-srg.jar%23420!/:?]
	at net.minecraft.util.GsonHelper.m_263475_(GsonHelper.java:531) ~[server-1.20.1-20230612.114412-srg.jar%23420!/:?]
	at net.minecraft.util.GsonHelper.m_13776_(GsonHelper.java:581) ~[server-1.20.1-20230612.114412-srg.jar%23420!/:?]
	at net.minecraft.server.packs.resources.SimpleJsonResourceReloadListener.m_278771_(SimpleJsonResourceReloadListener.java:41) ~[server-1.20.1-20230612.114412-srg.jar%23420!/:?]
	at net.minecraft.server.packs.resources.SimpleJsonResourceReloadListener.m_5944_(SimpleJsonResourceReloadListener.java:29) ~[server-1.20.1-20230612.114412-srg.jar%23420!/:?]
	at net.minecraft.server.packs.resources.SimpleJsonResourceReloadListener.m_5944_(SimpleJsonResourceReloadListener.java:17) ~[server-1.20.1-20230612.114412-srg.jar%23420!/:?]
	at net.minecraft.server.packs.resources.SimplePreparableReloadListener.m_10786_(SimplePreparableReloadListener.java:11) ~[server-1.20.1-20230612.114412-srg.jar%23420!/:?]
	at java.util.concurrent.CompletableFuture$AsyncSupply.run(CompletableFuture.java:1768) ~[?:?]
	at java.util.concurrent.CompletableFuture$AsyncSupply.exec(CompletableFuture.java:1760) ~[?:?]
	at java.util.concurrent.ForkJoinTask.doExec(ForkJoinTask.java:373) ~[?:?]
	at java.util.concurrent.ForkJoinPool$WorkQueue.topLevelExec(ForkJoinPool.java:1182) ~[?:?]
	at java.util.concurrent.ForkJoinPool.scan(ForkJoinPool.java:1655) ~[?:?]
	at java.util.concurrent.ForkJoinPool.runWorker(ForkJoinPool.java:1622) ~[?:?]
	at java.util.concurrent.ForkJoinWorkerThread.run(ForkJoinWorkerThread.java:165) ~[?:?]
Caused by: java.io.EOFException: End of input at line 1 column 1 path $
	at com.google.gson.stream.JsonReader.nextNonWhitespace(JsonReader.java:1455) ~[gson-2.10.jar%2372!/:?]
	at com.google.gson.stream.JsonReader.doPeek(JsonReader.java:558) ~[gson-2.10.jar%2372!/:?]
	at com.google.gson.stream.JsonReader.peek(JsonReader.java:433) ~[gson-2.10.jar%2372!/:?]
	at com.google.gson.internal.bind.TypeAdapters$28.read(TypeAdapters.java:769) ~[gson-2.10.jar%2372!/:?]
	at com.google.gson.internal.bind.TypeAdapters$28.read(TypeAdapters.java:725) ~[gson-2.10.jar%2372!/:?]
	at com.google.gson.internal.bind.TypeAdapters$34$1.read(TypeAdapters.java:1007) ~[gson-2.10.jar%2372!/:?]
	at net.minecraft.util.GsonHelper.m_13780_(GsonHelper.java:524) ~[server-1.20.1-20230612.114412-srg.jar%23420!/:?]
	... 13 more
[19Apr2026 02:22:05.750] [Worker-Main-3/ERROR] [net.minecraft.server.packs.resources.SimpleJsonResourceReloadListener/]: Couldn't parse data file cataclysm:weapon_infusion/gauntlet_of_bulwark from cataclysm:recipes/weapon_infusion/gauntlet_of_bulwark.json
com.google.gson.JsonParseException: java.io.EOFException: End of input at line 1 column 1 path $
	at net.minecraft.util.GsonHelper.m_13780_(GsonHelper.java:526) ~[server-1.20.1-20230612.114412-srg.jar%23420!/:?]
	at net.minecraft.util.GsonHelper.m_263475_(GsonHelper.java:531) ~[server-1.20.1-20230612.114412-srg.jar%23420!/:?]
	at net.minecraft.util.GsonHelper.m_13776_(GsonHelper.java:581) ~[server-1.20.1-20230612.114412-srg.jar%23420!/:?]
	at net.minecraft.server.packs.resources.SimpleJsonResourceReloadListener.m_278771_(SimpleJsonResourceReloadListener.java:41) ~[server-1.20.1-20230612.114412-srg.jar%23420!/:?]
	at net.minecraft.server.packs.resources.SimpleJsonResourceReloadListener.m_5944_(SimpleJsonResourceReloadListener.java:29) ~[server-1.20.1-20230612.114412-srg.jar%23420!/:?]
	at net.minecraft.server.packs.resources.SimpleJsonResourceReloadListener.m_5944_(SimpleJsonResourceReloadListener.java:17) ~[server-1.20.1-20230612.114412-srg.jar%23420!/:?]
	at net.minecraft.server.packs.resources.SimplePreparableReloadListener.m_10786_(SimplePreparableReloadListener.java:11) ~[server-1.20.1-20230612.114412-srg.jar%23420!/:?]
	at java.util.concurrent.CompletableFuture$AsyncSupply.run(CompletableFuture.java:1768) ~[?:?]
	at java.util.concurrent.CompletableFuture$AsyncSupply.exec(CompletableFuture.java:1760) ~[?:?]
	at java.util.concurrent.ForkJoinTask.doExec(ForkJoinTask.java:373) ~[?:?]
	at java.util.concurrent.ForkJoinPool$WorkQueue.topLevelExec(ForkJoinPool.java:1182) ~[?:?]
	at java.util.concurrent.ForkJoinPool.scan(ForkJoinPool.java:1655) ~[?:?]
	at java.util.concurrent.ForkJoinPool.runWorker(ForkJoinPool.java:1622) ~[?:?]
	at java.util.concurrent.ForkJoinWorkerThread.run(ForkJoinWorkerThread.java:165) ~[?:?]
Caused by: java.io.EOFException: End of input at line 1 column 1 path $
	at com.google.gson.stream.JsonReader.nextNonWhitespace(JsonReader.java:1455) ~[gson-2.10.jar%2372!/:?]
	at com.google.gson.stream.JsonReader.doPeek(JsonReader.java:558) ~[gson-2.10.jar%2372!/:?]
	at com.google.gson.stream.JsonReader.peek(JsonReader.java:433) ~[gson-2.10.jar%2372!/:?]
	at com.google.gson.internal.bind.TypeAdapters$28.read(TypeAdapters.java:769) ~[gson-2.10.jar%2372!/:?]
	at com.google.gson.internal.bind.TypeAdapters$28.read(TypeAdapters.java:725) ~[gson-2.10.jar%2372!/:?]
	at com.google.gson.internal.bind.TypeAdapters$34$1.read(TypeAdapters.java:1007) ~[gson-2.10.jar%2372!/:?]
	at net.minecraft.util.GsonHelper.m_13780_(GsonHelper.java:524) ~[server-1.20.1-20230612.114412-srg.jar%23420!/:?]
	... 13 more
[19Apr2026 02:22:05.799] [Worker-Main-2/ERROR] [net.minecraft.server.packs.resources.SimpleJsonResourceReloadListener/]: Couldn't parse data file cataclysm:bulwark_of_the_flame from cataclysm:recipes/bulwark_of_the_flame.json
com.google.gson.JsonParseException: java.io.EOFException: End of input at line 1 column 1 path $
	at net.minecraft.util.GsonHelper.m_13780_(GsonHelper.java:526) ~[server-1.20.1-20230612.114412-srg.jar%23420!/:?]
	at net.minecraft.util.GsonHelper.m_263475_(GsonHelper.java:531) ~[server-1.20.1-20230612.114412-srg.jar%23420!/:?]
	at net.minecraft.util.GsonHelper.m_13776_(GsonHelper.java:581) ~[server-1.20.1-20230612.114412-srg.jar%23420!/:?]
	at net.minecraft.server.packs.resources.SimpleJsonResourceReloadListener.m_278771_(SimpleJsonResourceReloadListener.java:41) ~[server-1.20.1-20230612.114412-srg.jar%23420!/:?]
	at net.minecraft.server.packs.resources.SimpleJsonResourceReloadListener.m_5944_(SimpleJsonResourceReloadListener.java:29) ~[server-1.20.1-20230612.114412-srg.jar%23420!/:?]
	at net.minecraft.server.packs.resources.SimpleJsonResourceReloadListener.m_5944_(SimpleJsonResourceReloadListener.java:17) ~[server-1.20.1-20230612.114412-srg.jar%23420!/:?]
	at net.minecraft.server.packs.resources.SimplePreparableReloadListener.m_10786_(SimplePreparableReloadListener.java:11) ~[server-1.20.1-20230612.114412-srg.jar%23420!/:?]
	at java.util.concurrent.CompletableFuture$AsyncSupply.run(CompletableFuture.java:1768) ~[?:?]
	at java.util.concurrent.CompletableFuture$AsyncSupply.exec(CompletableFuture.java:1760) ~[?:?]
	at java.util.concurrent.ForkJoinTask.doExec(ForkJoinTask.java:373) ~[?:?]
	at java.util.concurrent.ForkJoinPool$WorkQueue.topLevelExec(ForkJoinPool.java:1182) ~[?:?]
	at java.util.concurrent.ForkJoinPool.scan(ForkJoinPool.java:1655) ~[?:?]
	at java.util.concurrent.ForkJoinPool.runWorker(ForkJoinPool.java:1622) ~[?:?]
	at java.util.concurrent.ForkJoinWorkerThread.run(ForkJoinWorkerThread.java:165) ~[?:?]
Caused by: java.io.EOFException: End of input at line 1 column 1 path $
	at com.google.gson.stream.JsonReader.nextNonWhitespace(JsonReader.java:1455) ~[gson-2.10.jar%2372!/:?]
	at com.google.gson.stream.JsonReader.doPeek(JsonReader.java:558) ~[gson-2.10.jar%2372!/:?]
	at com.google.gson.stream.JsonReader.peek(JsonReader.java:433) ~[gson-2.10.jar%2372!/:?]
	at com.google.gson.internal.bind.TypeAdapters$28.read(TypeAdapters.java:769) ~[gson-2.10.jar%2372!/:?]
	at com.google.gson.internal.bind.TypeAdapters$28.read(TypeAdapters.java:725) ~[gson-2.10.jar%2372!/:?]
	at com.google.gson.internal.bind.TypeAdapters$34$1.read(TypeAdapters.java:1007) ~[gson-2.10.jar%2372!/:?]
	at net.minecraft.util.GsonHelper.m_13780_(GsonHelper.java:524) ~[server-1.20.1-20230612.114412-srg.jar%23420!/:?]
	... 13 more
[19Apr2026 02:22:05.855] [Worker-Main-3/ERROR] [net.minecraft.server.packs.resources.SimpleJsonResourceReloadListener/]: Couldn't parse data file cataclysm:weapon_infusion/gauntlet_of_maelstrom from cataclysm:recipes/weapon_infusion/gauntlet_of_maelstrom.json
com.google.gson.JsonParseException: java.io.EOFException: End of input at line 1 column 1 path $
	at net.minecraft.util.GsonHelper.m_13780_(GsonHelper.java:526) ~[server-1.20.1-20230612.114412-srg.jar%23420!/:?]
	at net.minecraft.util.GsonHelper.m_263475_(GsonHelper.java:531) ~[server-1.20.1-20230612.114412-srg.jar%23420!/:?]
	at net.minecraft.util.GsonHelper.m_13776_(GsonHelper.java:581) ~[server-1.20.1-20230612.114412-srg.jar%23420!/:?]
	at net.minecraft.server.packs.resources.SimpleJsonResourceReloadListener.m_278771_(SimpleJsonResourceReloadListener.java:41) ~[server-1.20.1-20230612.114412-srg.jar%23420!/:?]
	at net.minecraft.server.packs.resources.SimpleJsonResourceReloadListener.m_5944_(SimpleJsonResourceReloadListener.java:29) ~[server-1.20.1-20230612.114412-srg.jar%23420!/:?]
	at net.minecraft.server.packs.resources.SimpleJsonResourceReloadListener.m_5944_(SimpleJsonResourceReloadListener.java:17) ~[server-1.20.1-20230612.114412-srg.jar%23420!/:?]
	at net.minecraft.server.packs.resources.SimplePreparableReloadListener.m_10786_(SimplePreparableReloadListener.java:11) ~[server-1.20.1-20230612.114412-srg.jar%23420!/:?]
	at java.util.concurrent.CompletableFuture$AsyncSupply.run(CompletableFuture.java:1768) ~[?:?]
	at java.util.concurrent.CompletableFuture$AsyncSupply.exec(CompletableFuture.java:1760) ~[?:?]
	at java.util.concurrent.ForkJoinTask.doExec(ForkJoinTask.java:373) ~[?:?]
	at java.util.concurrent.ForkJoinPool$WorkQueue.topLevelExec(ForkJoinPool.java:1182) ~[?:?]
	at java.util.concurrent.ForkJoinPool.scan(ForkJoinPool.java:1655) ~[?:?]
	at java.util.concurrent.ForkJoinPool.runWorker(ForkJoinPool.java:1622) ~[?:?]
	at java.util.concurrent.ForkJoinWorkerThread.run(ForkJoinWorkerThread.java:165) ~[?:?]
Caused by: java.io.EOFException: End of input at line 1 column 1 path $
	at com.google.gson.stream.JsonReader.nextNonWhitespace(JsonReader.java:1455) ~[gson-2.10.jar%2372!/:?]
	at com.google.gson.stream.JsonReader.doPeek(JsonReader.java:558) ~[gson-2.10.jar%2372!/:?]
	at com.google.gson.stream.JsonReader.peek(JsonReader.java:433) ~[gson-2.10.jar%2372!/:?]
	at com.google.gson.internal.bind.TypeAdapters$28.read(TypeAdapters.java:769) ~[gson-2.10.jar%2372!/:?]
	at com.google.gson.internal.bind.TypeAdapters$28.read(TypeAdapters.java:725) ~[gson-2.10.jar%2372!/:?]
	at com.google.gson.internal.bind.TypeAdapters$34$1.read(TypeAdapters.java:1007) ~[gson-2.10.jar%2372!/:?]
	at net.minecraft.util.GsonHelper.m_13780_(GsonHelper.java:524) ~[server-1.20.1-20230612.114412-srg.jar%23420!/:?]
	... 13 more
[19Apr2026 02:22:05.857] [Worker-Main-3/ERROR] [net.minecraft.server.packs.resources.SimpleJsonResourceReloadListener/]: Couldn't parse data file cataclysm:weapon_infusion/the_immolator from cataclysm:recipes/weapon_infusion/the_immolator.json
com.google.gson.JsonParseException: java.io.EOFException: End of input at line 1 column 1 path $
	at net.minecraft.util.GsonHelper.m_13780_(GsonHelper.java:526) ~[server-1.20.1-20230612.114412-srg.jar%23420!/:?]
	at net.minecraft.util.GsonHelper.m_263475_(GsonHelper.java:531) ~[server-1.20.1-20230612.114412-srg.jar%23420!/:?]
	at net.minecraft.util.GsonHelper.m_13776_(GsonHelper.java:581) ~[server-1.20.1-20230612.114412-srg.jar%23420!/:?]
	at net.minecraft.server.packs.resources.SimpleJsonResourceReloadListener.m_278771_(SimpleJsonResourceReloadListener.java:41) ~[server-1.20.1-20230612.114412-srg.jar%23420!/:?]
	at net.minecraft.server.packs.resources.SimpleJsonResourceReloadListener.m_5944_(SimpleJsonResourceReloadListener.java:29) ~[server-1.20.1-20230612.114412-srg.jar%23420!/:?]
	at net.minecraft.server.packs.resources.SimpleJsonResourceReloadListener.m_5944_(SimpleJsonResourceReloadListener.java:17) ~[server-1.20.1-20230612.114412-srg.jar%23420!/:?]
	at net.minecraft.server.packs.resources.SimplePreparableReloadListener.m_10786_(SimplePreparableReloadListener.java:11) ~[server-1.20.1-20230612.114412-srg.jar%23420!/:?]
	at java.util.concurrent.CompletableFuture$AsyncSupply.run(CompletableFuture.java:1768) ~[?:?]
	at java.util.concurrent.CompletableFuture$AsyncSupply.exec(CompletableFuture.java:1760) ~[?:?]
	at java.util.concurrent.ForkJoinTask.doExec(ForkJoinTask.java:373) ~[?:?]
	at java.util.concurrent.ForkJoinPool$WorkQueue.topLevelExec(ForkJoinPool.java:1182) ~[?:?]
	at java.util.concurrent.ForkJoinPool.scan(ForkJoinPool.java:1655) ~[?:?]
	at java.util.concurrent.ForkJoinPool.runWorker(ForkJoinPool.java:1622) ~[?:?]
	at java.util.concurrent.ForkJoinWorkerThread.run(ForkJoinWorkerThread.java:165) ~[?:?]
Caused by: java.io.EOFException: End of input at line 1 column 1 path $
	at com.google.gson.stream.JsonReader.nextNonWhitespace(JsonReader.java:1455) ~[gson-2.10.jar%2372!/:?]
	at com.google.gson.stream.JsonReader.doPeek(JsonReader.java:558) ~[gson-2.10.jar%2372!/:?]
	at com.google.gson.stream.JsonReader.peek(JsonReader.java:433) ~[gson-2.10.jar%2372!/:?]
	at com.google.gson.internal.bind.TypeAdapters$28.read(TypeAdapters.java:769) ~[gson-2.10.jar%2372!/:?]
	at com.google.gson.internal.bind.TypeAdapters$28.read(TypeAdapters.java:725) ~[gson-2.10.jar%2372!/:?]
	at com.google.gson.internal.bind.TypeAdapters$34$1.read(TypeAdapters.java:1007) ~[gson-2.10.jar%2372!/:?]
	at net.minecraft.util.GsonHelper.m_13780_(GsonHelper.java:524) ~[server-1.20.1-20230612.114412-srg.jar%23420!/:?]
	... 13 more
[19Apr2026 02:22:05.860] [Worker-Main-3/ERROR] [net.minecraft.server.packs.resources.SimpleJsonResourceReloadListener/]: Couldn't parse data file cataclysm:weapon_infusion/void_assault_shoulder_weapon from cataclysm:recipes/weapon_infusion/void_assault_shoulder_weapon.json
com.google.gson.JsonParseException: java.io.EOFException: End of input at line 1 column 1 path $
	at net.minecraft.util.GsonHelper.m_13780_(GsonHelper.java:526) ~[server-1.20.1-20230612.114412-srg.jar%23420!/:?]
	at net.minecraft.util.GsonHelper.m_263475_(GsonHelper.java:531) ~[server-1.20.1-20230612.114412-srg.jar%23420!/:?]
	at net.minecraft.util.GsonHelper.m_13776_(GsonHelper.java:581) ~[server-1.20.1-20230612.114412-srg.jar%23420!/:?]
	at net.minecraft.server.packs.resources.SimpleJsonResourceReloadListener.m_278771_(SimpleJsonResourceReloadListener.java:41) ~[server-1.20.1-20230612.114412-srg.jar%23420!/:?]
	at net.minecraft.server.packs.resources.SimpleJsonResourceReloadListener.m_5944_(SimpleJsonResourceReloadListener.java:29) ~[server-1.20.1-20230612.114412-srg.jar%23420!/:?]
	at net.minecraft.server.packs.resources.SimpleJsonResourceReloadListener.m_5944_(SimpleJsonResourceReloadListener.java:17) ~[server-1.20.1-20230612.114412-srg.jar%23420!/:?]
	at net.minecraft.server.packs.resources.SimplePreparableReloadListener.m_10786_(SimplePreparableReloadListener.java:11) ~[server-1.20.1-20230612.114412-srg.jar%23420!/:?]
	at java.util.concurrent.CompletableFuture$AsyncSupply.run(CompletableFuture.java:1768) ~[?:?]
	at java.util.concurrent.CompletableFuture$AsyncSupply.exec(CompletableFuture.java:1760) ~[?:?]
	at java.util.concurrent.ForkJoinTask.doExec(ForkJoinTask.java:373) ~[?:?]
	at java.util.concurrent.ForkJoinPool$WorkQueue.topLevelExec(ForkJoinPool.java:1182) ~[?:?]
	at java.util.concurrent.ForkJoinPool.scan(ForkJoinPool.java:1655) ~[?:?]
	at java.util.concurrent.ForkJoinPool.runWorker(ForkJoinPool.java:1622) ~[?:?]
	at java.util.concurrent.ForkJoinWorkerThread.run(ForkJoinWorkerThread.java:165) ~[?:?]
Caused by: java.io.EOFException: End of input at line 1 column 1 path $
	at com.google.gson.stream.JsonReader.nextNonWhitespace(JsonReader.java:1455) ~[gson-2.10.jar%2372!/:?]
	at com.google.gson.stream.JsonReader.doPeek(JsonReader.java:558) ~[gson-2.10.jar%2372!/:?]
	at com.google.gson.stream.JsonReader.peek(JsonReader.java:433) ~[gson-2.10.jar%2372!/:?]
	at com.google.gson.internal.bind.TypeAdapters$28.read(TypeAdapters.java:769) ~[gson-2.10.jar%2372!/:?]
	at com.google.gson.internal.bind.TypeAdapters$28.read(TypeAdapters.java:725) ~[gson-2.10.jar%2372!/:?]
	at com.google.gson.internal.bind.TypeAdapters$34$1.read(TypeAdapters.java:1007) ~[gson-2.10.jar%2372!/:?]
	at net.minecraft.util.GsonHelper.m_13780_(GsonHelper.java:524) ~[server-1.20.1-20230612.114412-srg.jar%23420!/:?]
	... 13 more
[19Apr2026 02:22:05.862] [Worker-Main-3/ERROR] [net.minecraft.server.packs.resources.SimpleJsonResourceReloadListener/]: Couldn't parse data file cataclysm:weapon_infusion/void_forge from cataclysm:recipes/weapon_infusion/void_forge.json
com.google.gson.JsonParseException: java.io.EOFException: End of input at line 1 column 1 path $
	at net.minecraft.util.GsonHelper.m_13780_(GsonHelper.java:526) ~[server-1.20.1-20230612.114412-srg.jar%23420!/:?]
	at net.minecraft.util.GsonHelper.m_263475_(GsonHelper.java:531) ~[server-1.20.1-20230612.114412-srg.jar%23420!/:?]
	at net.minecraft.util.GsonHelper.m_13776_(GsonHelper.java:581) ~[server-1.20.1-20230612.114412-srg.jar%23420!/:?]
	at net.minecraft.server.packs.resources.SimpleJsonResourceReloadListener.m_278771_(SimpleJsonResourceReloadListener.java:41) ~[server-1.20.1-20230612.114412-srg.jar%23420!/:?]
	at net.minecraft.server.packs.resources.SimpleJsonResourceReloadListener.m_5944_(SimpleJsonResourceReloadListener.java:29) ~[server-1.20.1-20230612.114412-srg.jar%23420!/:?]
	at net.minecraft.server.packs.resources.SimpleJsonResourceReloadListener.m_5944_(SimpleJsonResourceReloadListener.java:17) ~[server-1.20.1-20230612.114412-srg.jar%23420!/:?]
	at net.minecraft.server.packs.resources.SimplePreparableReloadListener.m_10786_(SimplePreparableReloadListener.java:11) ~[server-1.20.1-20230612.114412-srg.jar%23420!/:?]
	at java.util.concurrent.CompletableFuture$AsyncSupply.run(CompletableFuture.java:1768) ~[?:?]
	at java.util.concurrent.CompletableFuture$AsyncSupply.exec(CompletableFuture.java:1760) ~[?:?]
	at java.util.concurrent.ForkJoinTask.doExec(ForkJoinTask.java:373) ~[?:?]
	at java.util.concurrent.ForkJoinPool$WorkQueue.topLevelExec(ForkJoinPool.java:1182) ~[?:?]
	at java.util.concurrent.ForkJoinPool.scan(ForkJoinPool.java:1655) ~[?:?]
	at java.util.concurrent.ForkJoinPool.runWorker(ForkJoinPool.java:1622) ~[?:?]
	at java.util.concurrent.ForkJoinWorkerThread.run(ForkJoinWorkerThread.java:165) ~[?:?]
Caused by: java.io.EOFException: End of input at line 1 column 1 path $
	at com.google.gson.stream.JsonReader.nextNonWhitespace(JsonReader.java:1455) ~[gson-2.10.jar%2372!/:?]
	at com.google.gson.stream.JsonReader.doPeek(JsonReader.java:558) ~[gson-2.10.jar%2372!/:?]
	at com.google.gson.stream.JsonReader.peek(JsonReader.java:433) ~[gson-2.10.jar%2372!/:?]
	at com.google.gson.internal.bind.TypeAdapters$28.read(TypeAdapters.java:769) ~[gson-2.10.jar%2372!/:?]
	at com.google.gson.internal.bind.TypeAdapters$28.read(TypeAdapters.java:725) ~[gson-2.10.jar%2372!/:?]
	at com.google.gson.internal.bind.TypeAdapters$34$1.read(TypeAdapters.java:1007) ~[gson-2.10.jar%2372!/:?]
	at net.minecraft.util.GsonHelper.m_13780_(GsonHelper.java:524) ~[server-1.20.1-20230612.114412-srg.jar%23420!/:?]
	... 13 more
[19Apr2026 02:22:05.865] [Worker-Main-3/ERROR] [net.minecraft.server.packs.resources.SimpleJsonResourceReloadListener/]: Couldn't parse data file irons_spellbooks:weapon_parts from irons_spellbooks:recipes/weapon_parts.json
com.google.gson.JsonParseException: java.io.EOFException: End of input at line 1 column 1 path $
	at net.minecraft.util.GsonHelper.m_13780_(GsonHelper.java:526) ~[server-1.20.1-20230612.114412-srg.jar%23420!/:?]
	at net.minecraft.util.GsonHelper.m_263475_(GsonHelper.java:531) ~[server-1.20.1-20230612.114412-srg.jar%23420!/:?]
	at net.minecraft.util.GsonHelper.m_13776_(GsonHelper.java:581) ~[server-1.20.1-20230612.114412-srg.jar%23420!/:?]
	at net.minecraft.server.packs.resources.SimpleJsonResourceReloadListener.m_278771_(SimpleJsonResourceReloadListener.java:41) ~[server-1.20.1-20230612.114412-srg.jar%23420!/:?]
	at net.minecraft.server.packs.resources.SimpleJsonResourceReloadListener.m_5944_(SimpleJsonResourceReloadListener.java:29) ~[server-1.20.1-20230612.114412-srg.jar%23420!/:?]
	at net.minecraft.server.packs.resources.SimpleJsonResourceReloadListener.m_5944_(SimpleJsonResourceReloadListener.java:17) ~[server-1.20.1-20230612.114412-srg.jar%23420!/:?]
	at net.minecraft.server.packs.resources.SimplePreparableReloadListener.m_10786_(SimplePreparableReloadListener.java:11) ~[server-1.20.1-20230612.114412-srg.jar%23420!/:?]
	at java.util.concurrent.CompletableFuture$AsyncSupply.run(CompletableFuture.java:1768) ~[?:?]
	at java.util.concurrent.CompletableFuture$AsyncSupply.exec(CompletableFuture.java:1760) ~[?:?]
	at java.util.concurrent.ForkJoinTask.doExec(ForkJoinTask.java:373) ~[?:?]
	at java.util.concurrent.ForkJoinPool$WorkQueue.topLevelExec(ForkJoinPool.java:1182) ~[?:?]
	at java.util.concurrent.ForkJoinPool.scan(ForkJoinPool.java:1655) ~[?:?]
	at java.util.concurrent.ForkJoinPool.runWorker(ForkJoinPool.java:1622) ~[?:?]
	at java.util.concurrent.ForkJoinWorkerThread.run(ForkJoinWorkerThread.java:165) ~[?:?]
Caused by: java.io.EOFException: End of input at line 1 column 1 path $
	at com.google.gson.stream.JsonReader.nextNonWhitespace(JsonReader.java:1455) ~[gson-2.10.jar%2372!/:?]
	at com.google.gson.stream.JsonReader.doPeek(JsonReader.java:558) ~[gson-2.10.jar%2372!/:?]
	at com.google.gson.stream.JsonReader.peek(JsonReader.java:433) ~[gson-2.10.jar%2372!/:?]
	at com.google.gson.internal.bind.TypeAdapters$28.read(TypeAdapters.java:769) ~[gson-2.10.jar%2372!/:?]
	at com.google.gson.internal.bind.TypeAdapters$28.read(TypeAdapters.java:725) ~[gson-2.10.jar%2372!/:?]
	at com.google.gson.internal.bind.TypeAdapters$34$1.read(TypeAdapters.java:1007) ~[gson-2.10.jar%2372!/:?]
	at net.minecraft.util.GsonHelper.m_13780_(GsonHelper.java:524) ~[server-1.20.1-20230612.114412-srg.jar%23420!/:?]
	... 13 more
[19Apr2026 02:22:05.885] [Worker-Main-3/ERROR] [net.minecraft.server.packs.resources.SimpleJsonResourceReloadListener/]: Couldn't parse data file cataclysm:wither_assault_shoulder_weapon from cataclysm:recipes/wither_assault_shoulder_weapon.json
com.google.gson.JsonParseException: java.io.EOFException: End of input at line 1 column 1 path $
	at net.minecraft.util.GsonHelper.m_13780_(GsonHelper.java:526) ~[server-1.20.1-20230612.114412-srg.jar%23420!/:?]
	at net.minecraft.util.GsonHelper.m_263475_(GsonHelper.java:531) ~[server-1.20.1-20230612.114412-srg.jar%23420!/:?]
	at net.minecraft.util.GsonHelper.m_13776_(GsonHelper.java:581) ~[server-1.20.1-20230612.114412-srg.jar%23420!/:?]
	at net.minecraft.server.packs.resources.SimpleJsonResourceReloadListener.m_278771_(SimpleJsonResourceReloadListener.java:41) ~[server-1.20.1-20230612.114412-srg.jar%23420!/:?]
	at net.minecraft.server.packs.resources.SimpleJsonResourceReloadListener.m_5944_(SimpleJsonResourceReloadListener.java:29) ~[server-1.20.1-20230612.114412-srg.jar%23420!/:?]
	at net.minecraft.server.packs.resources.SimpleJsonResourceReloadListener.m_5944_(SimpleJsonResourceReloadListener.java:17) ~[server-1.20.1-20230612.114412-srg.jar%23420!/:?]
	at net.minecraft.server.packs.resources.SimplePreparableReloadListener.m_10786_(SimplePreparableReloadListener.java:11) ~[server-1.20.1-20230612.114412-srg.jar%23420!/:?]
	at java.util.concurrent.CompletableFuture$AsyncSupply.run(CompletableFuture.java:1768) ~[?:?]
	at java.util.concurrent.CompletableFuture$AsyncSupply.exec(CompletableFuture.java:1760) ~[?:?]
	at java.util.concurrent.ForkJoinTask.doExec(ForkJoinTask.java:373) ~[?:?]
	at java.util.concurrent.ForkJoinPool$WorkQueue.topLevelExec(ForkJoinPool.java:1182) ~[?:?]
	at java.util.concurrent.ForkJoinPool.scan(ForkJoinPool.java:1655) ~[?:?]
	at java.util.concurrent.ForkJoinPool.runWorker(ForkJoinPool.java:1622) ~[?:?]
	at java.util.concurrent.ForkJoinWorkerThread.run(ForkJoinWorkerThread.java:165) ~[?:?]
Caused by: java.io.EOFException: End of input at line 1 column 1 path $
	at com.google.gson.stream.JsonReader.nextNonWhitespace(JsonReader.java:1455) ~[gson-2.10.jar%2372!/:?]
	at com.google.gson.stream.JsonReader.doPeek(JsonReader.java:558) ~[gson-2.10.jar%2372!/:?]
	at com.google.gson.stream.JsonReader.peek(JsonReader.java:433) ~[gson-2.10.jar%2372!/:?]
	at com.google.gson.internal.bind.TypeAdapters$28.read(TypeAdapters.java:769) ~[gson-2.10.jar%2372!/:?]
	at com.google.gson.internal.bind.TypeAdapters$28.read(TypeAdapters.java:725) ~[gson-2.10.jar%2372!/:?]
	at com.google.gson.internal.bind.TypeAdapters$34$1.read(TypeAdapters.java:1007) ~[gson-2.10.jar%2372!/:?]
	at net.minecraft.util.GsonHelper.m_13780_(GsonHelper.java:524) ~[server-1.20.1-20230612.114412-srg.jar%23420!/:?]
	... 13 more
[19Apr2026 02:22:05.888] [Worker-Main-2/ERROR] [net.minecraft.server.packs.resources.SimpleJsonResourceReloadListener/]: Couldn't parse data file efn:co_tachi from efn:recipes/co_tachi.json
com.google.gson.JsonParseException: java.io.EOFException: End of input at line 1 column 1 path $
	at net.minecraft.util.GsonHelper.m_13780_(GsonHelper.java:526) ~[server-1.20.1-20230612.114412-srg.jar%23420!/:?]
	at net.minecraft.util.GsonHelper.m_263475_(GsonHelper.java:531) ~[server-1.20.1-20230612.114412-srg.jar%23420!/:?]
	at net.minecraft.util.GsonHelper.m_13776_(GsonHelper.java:581) ~[server-1.20.1-20230612.114412-srg.jar%23420!/:?]
	at net.minecraft.server.packs.resources.SimpleJsonResourceReloadListener.m_278771_(SimpleJsonResourceReloadListener.java:41) ~[server-1.20.1-20230612.114412-srg.jar%23420!/:?]
	at net.minecraft.server.packs.resources.SimpleJsonResourceReloadListener.m_5944_(SimpleJsonResourceReloadListener.java:29) ~[server-1.20.1-20230612.114412-srg.jar%23420!/:?]
	at net.minecraft.server.packs.resources.SimpleJsonResourceReloadListener.m_5944_(SimpleJsonResourceReloadListener.java:17) ~[server-1.20.1-20230612.114412-srg.jar%23420!/:?]
	at net.minecraft.server.packs.resources.SimplePreparableReloadListener.m_10786_(SimplePreparableReloadListener.java:11) ~[server-1.20.1-20230612.114412-srg.jar%23420!/:?]
	at java.util.concurrent.CompletableFuture$AsyncSupply.run(CompletableFuture.java:1768) ~[?:?]
	at java.util.concurrent.CompletableFuture$AsyncSupply.exec(CompletableFuture.java:1760) ~[?:?]
	at java.util.concurrent.ForkJoinTask.doExec(ForkJoinTask.java:373) ~[?:?]
	at java.util.concurrent.ForkJoinPool$WorkQueue.topLevelExec(ForkJoinPool.java:1182) ~[?:?]
	at java.util.concurrent.ForkJoinPool.scan(ForkJoinPool.java:1655) ~[?:?]
	at java.util.concurrent.ForkJoinPool.runWorker(ForkJoinPool.java:1622) ~[?:?]
	at java.util.concurrent.ForkJoinWorkerThread.run(ForkJoinWorkerThread.java:165) ~[?:?]
Caused by: java.io.EOFException: End of input at line 1 column 1 path $
	at com.google.gson.stream.JsonReader.nextNonWhitespace(JsonReader.java:1455) ~[gson-2.10.jar%2372!/:?]
	at com.google.gson.stream.JsonReader.doPeek(JsonReader.java:558) ~[gson-2.10.jar%2372!/:?]
	at com.google.gson.stream.JsonReader.peek(JsonReader.java:433) ~[gson-2.10.jar%2372!/:?]
	at com.google.gson.internal.bind.TypeAdapters$28.read(TypeAdapters.java:769) ~[gson-2.10.jar%2372!/:?]
	at com.google.gson.internal.bind.TypeAdapters$28.read(TypeAdapters.java:725) ~[gson-2.10.jar%2372!/:?]
	at com.google.gson.internal.bind.TypeAdapters$34$1.read(TypeAdapters.java:1007) ~[gson-2.10.jar%2372!/:?]
	at net.minecraft.util.GsonHelper.m_13780_(GsonHelper.java:524) ~[server-1.20.1-20230612.114412-srg.jar%23420!/:?]
	... 13 more
[19Apr2026 02:22:05.891] [Worker-Main-2/ERROR] [net.minecraft.server.packs.resources.SimpleJsonResourceReloadListener/]: Couldn't parse data file efn:co_tachi_to_air from efn:recipes/co_tachi_to_air.json
com.google.gson.JsonParseException: java.io.EOFException: End of input at line 1 column 1 path $
	at net.minecraft.util.GsonHelper.m_13780_(GsonHelper.java:526) ~[server-1.20.1-20230612.114412-srg.jar%23420!/:?]
	at net.minecraft.util.GsonHelper.m_263475_(GsonHelper.java:531) ~[server-1.20.1-20230612.114412-srg.jar%23420!/:?]
	at net.minecraft.util.GsonHelper.m_13776_(GsonHelper.java:581) ~[server-1.20.1-20230612.114412-srg.jar%23420!/:?]
	at net.minecraft.server.packs.resources.SimpleJsonResourceReloadListener.m_278771_(SimpleJsonResourceReloadListener.java:41) ~[server-1.20.1-20230612.114412-srg.jar%23420!/:?]
	at net.minecraft.server.packs.resources.SimpleJsonResourceReloadListener.m_5944_(SimpleJsonResourceReloadListener.java:29) ~[server-1.20.1-20230612.114412-srg.jar%23420!/:?]
	at net.minecraft.server.packs.resources.SimpleJsonResourceReloadListener.m_5944_(SimpleJsonResourceReloadListener.java:17) ~[server-1.20.1-20230612.114412-srg.jar%23420!/:?]
	at net.minecraft.server.packs.resources.SimplePreparableReloadListener.m_10786_(SimplePreparableReloadListener.java:11) ~[server-1.20.1-20230612.114412-srg.jar%23420!/:?]
	at java.util.concurrent.CompletableFuture$AsyncSupply.run(CompletableFuture.java:1768) ~[?:?]
	at java.util.concurrent.CompletableFuture$AsyncSupply.exec(CompletableFuture.java:1760) ~[?:?]
	at java.util.concurrent.ForkJoinTask.doExec(ForkJoinTask.java:373) ~[?:?]
	at java.util.concurrent.ForkJoinPool$WorkQueue.topLevelExec(ForkJoinPool.java:1182) ~[?:?]
	at java.util.concurrent.ForkJoinPool.scan(ForkJoinPool.java:1655) ~[?:?]
	at java.util.concurrent.ForkJoinPool.runWorker(ForkJoinPool.java:1622) ~[?:?]
	at java.util.concurrent.ForkJoinWorkerThread.run(ForkJoinWorkerThread.java:165) ~[?:?]
Caused by: java.io.EOFException: End of input at line 1 column 1 path $
	at com.google.gson.stream.JsonReader.nextNonWhitespace(JsonReader.java:1455) ~[gson-2.10.jar%2372!/:?]
	at com.google.gson.stream.JsonReader.doPeek(JsonReader.java:558) ~[gson-2.10.jar%2372!/:?]
	at com.google.gson.stream.JsonReader.peek(JsonReader.java:433) ~[gson-2.10.jar%2372!/:?]
	at com.google.gson.internal.bind.TypeAdapters$28.read(TypeAdapters.java:769) ~[gson-2.10.jar%2372!/:?]
	at com.google.gson.internal.bind.TypeAdapters$28.read(TypeAdapters.java:725) ~[gson-2.10.jar%2372!/:?]
	at com.google.gson.internal.bind.TypeAdapters$34$1.read(TypeAdapters.java:1007) ~[gson-2.10.jar%2372!/:?]
	at net.minecraft.util.GsonHelper.m_13780_(GsonHelper.java:524) ~[server-1.20.1-20230612.114412-srg.jar%23420!/:?]
	... 13 more
[19Apr2026 02:22:05.893] [Worker-Main-2/ERROR] [net.minecraft.server.packs.resources.SimpleJsonResourceReloadListener/]: Couldn't parse data file epicfightx:combat_mastery_i from epicfightx:recipes/combat_mastery_i.json
com.google.gson.JsonParseException: java.io.EOFException: End of input at line 1 column 1 path $
	at net.minecraft.util.GsonHelper.m_13780_(GsonHelper.java:526) ~[server-1.20.1-20230612.114412-srg.jar%23420!/:?]
	at net.minecraft.util.GsonHelper.m_263475_(GsonHelper.java:531) ~[server-1.20.1-20230612.114412-srg.jar%23420!/:?]
	at net.minecraft.util.GsonHelper.m_13776_(GsonHelper.java:581) ~[server-1.20.1-20230612.114412-srg.jar%23420!/:?]
	at net.minecraft.server.packs.resources.SimpleJsonResourceReloadListener.m_278771_(SimpleJsonResourceReloadListener.java:41) ~[server-1.20.1-20230612.114412-srg.jar%23420!/:?]
	at net.minecraft.server.packs.resources.SimpleJsonResourceReloadListener.m_5944_(SimpleJsonResourceReloadListener.java:29) ~[server-1.20.1-20230612.114412-srg.jar%23420!/:?]
	at net.minecraft.server.packs.resources.SimpleJsonResourceReloadListener.m_5944_(SimpleJsonResourceReloadListener.java:17) ~[server-1.20.1-20230612.114412-srg.jar%23420!/:?]
	at net.minecraft.server.packs.resources.SimplePreparableReloadListener.m_10786_(SimplePreparableReloadListener.java:11) ~[server-1.20.1-20230612.114412-srg.jar%23420!/:?]
	at java.util.concurrent.CompletableFuture$AsyncSupply.run(CompletableFuture.java:1768) ~[?:?]
	at java.util.concurrent.CompletableFuture$AsyncSupply.exec(CompletableFuture.java:1760) ~[?:?]
	at java.util.concurrent.ForkJoinTask.doExec(ForkJoinTask.java:373) ~[?:?]
	at java.util.concurrent.ForkJoinPool$WorkQueue.topLevelExec(ForkJoinPool.java:1182) ~[?:?]
	at java.util.concurrent.ForkJoinPool.scan(ForkJoinPool.java:1655) ~[?:?]
	at java.util.concurrent.ForkJoinPool.runWorker(ForkJoinPool.java:1622) ~[?:?]
	at java.util.concurrent.ForkJoinWorkerThread.run(ForkJoinWorkerThread.java:165) ~[?:?]
Caused by: java.io.EOFException: End of input at line 1 column 1 path $
	at com.google.gson.stream.JsonReader.nextNonWhitespace(JsonReader.java:1455) ~[gson-2.10.jar%2372!/:?]
	at com.google.gson.stream.JsonReader.doPeek(JsonReader.java:558) ~[gson-2.10.jar%2372!/:?]
	at com.google.gson.stream.JsonReader.peek(JsonReader.java:433) ~[gson-2.10.jar%2372!/:?]
	at com.google.gson.internal.bind.TypeAdapters$28.read(TypeAdapters.java:769) ~[gson-2.10.jar%2372!/:?]
	at com.google.gson.internal.bind.TypeAdapters$28.read(TypeAdapters.java:725) ~[gson-2.10.jar%2372!/:?]
	at com.google.gson.internal.bind.TypeAdapters$34$1.read(TypeAdapters.java:1007) ~[gson-2.10.jar%2372!/:?]
	at net.minecraft.util.GsonHelper.m_13780_(GsonHelper.java:524) ~[server-1.20.1-20230612.114412-srg.jar%23420!/:?]
	... 13 more
[19Apr2026 02:22:05.901] [Worker-Main-2/ERROR] [net.minecraft.server.packs.resources.SimpleJsonResourceReloadListener/]: Couldn't parse data file irons_spellbooks:copper_spell_book from irons_spellbooks:recipes/copper_spell_book.json
com.google.gson.JsonParseException: java.io.EOFException: End of input at line 1 column 1 path $
	at net.minecraft.util.GsonHelper.m_13780_(GsonHelper.java:526) ~[server-1.20.1-20230612.114412-srg.jar%23420!/:?]
	at net.minecraft.util.GsonHelper.m_263475_(GsonHelper.java:531) ~[server-1.20.1-20230612.114412-srg.jar%23420!/:?]
	at net.minecraft.util.GsonHelper.m_13776_(GsonHelper.java:581) ~[server-1.20.1-20230612.114412-srg.jar%23420!/:?]
	at net.minecraft.server.packs.resources.SimpleJsonResourceReloadListener.m_278771_(SimpleJsonResourceReloadListener.java:41) ~[server-1.20.1-20230612.114412-srg.jar%23420!/:?]
	at net.minecraft.server.packs.resources.SimpleJsonResourceReloadListener.m_5944_(SimpleJsonResourceReloadListener.java:29) ~[server-1.20.1-20230612.114412-srg.jar%23420!/:?]
	at net.minecraft.server.packs.resources.SimpleJsonResourceReloadListener.m_5944_(SimpleJsonResourceReloadListener.java:17) ~[server-1.20.1-20230612.114412-srg.jar%23420!/:?]
	at net.minecraft.server.packs.resources.SimplePreparableReloadListener.m_10786_(SimplePreparableReloadListener.java:11) ~[server-1.20.1-20230612.114412-srg.jar%23420!/:?]
	at java.util.concurrent.CompletableFuture$AsyncSupply.run(CompletableFuture.java:1768) ~[?:?]
	at java.util.concurrent.CompletableFuture$AsyncSupply.exec(CompletableFuture.java:1760) ~[?:?]
	at java.util.concurrent.ForkJoinTask.doExec(ForkJoinTask.java:373) ~[?:?]
	at java.util.concurrent.ForkJoinPool$WorkQueue.topLevelExec(ForkJoinPool.java:1182) ~[?:?]
	at java.util.concurrent.ForkJoinPool.scan(ForkJoinPool.java:1655) ~[?:?]
	at java.util.concurrent.ForkJoinPool.runWorker(ForkJoinPool.java:1622) ~[?:?]
	at java.util.concurrent.ForkJoinWorkerThread.run(ForkJoinWorkerThread.java:165) ~[?:?]
Caused by: java.io.EOFException: End of input at line 1 column 1 path $
	at com.google.gson.stream.JsonReader.nextNonWhitespace(JsonReader.java:1455) ~[gson-2.10.jar%2372!/:?]
	at com.google.gson.stream.JsonReader.doPeek(JsonReader.java:558) ~[gson-2.10.jar%2372!/:?]
	at com.google.gson.stream.JsonReader.peek(JsonReader.java:433) ~[gson-2.10.jar%2372!/:?]
	at com.google.gson.internal.bind.TypeAdapters$28.read(TypeAdapters.java:769) ~[gson-2.10.jar%2372!/:?]
	at com.google.gson.internal.bind.TypeAdapters$28.read(TypeAdapters.java:725) ~[gson-2.10.jar%2372!/:?]
	at com.google.gson.internal.bind.TypeAdapters$34$1.read(TypeAdapters.java:1007) ~[gson-2.10.jar%2372!/:?]
	at net.minecraft.util.GsonHelper.m_13780_(GsonHelper.java:524) ~[server-1.20.1-20230612.114412-srg.jar%23420!/:?]
	... 13 more
[19Apr2026 02:22:05.902] [Worker-Main-2/ERROR] [net.minecraft.server.packs.resources.SimpleJsonResourceReloadListener/]: Couldn't parse data file cataclysm_spellbooks:coral_staff from cataclysm_spellbooks:recipes/coral_staff.json
com.google.gson.JsonParseException: java.io.EOFException: End of input at line 1 column 1 path $
	at net.minecraft.util.GsonHelper.m_13780_(GsonHelper.java:526) ~[server-1.20.1-20230612.114412-srg.jar%23420!/:?]
	at net.minecraft.util.GsonHelper.m_263475_(GsonHelper.java:531) ~[server-1.20.1-20230612.114412-srg.jar%23420!/:?]
	at net.minecraft.util.GsonHelper.m_13776_(GsonHelper.java:581) ~[server-1.20.1-20230612.114412-srg.jar%23420!/:?]
	at net.minecraft.server.packs.resources.SimpleJsonResourceReloadListener.m_278771_(SimpleJsonResourceReloadListener.java:41) ~[server-1.20.1-20230612.114412-srg.jar%23420!/:?]
	at net.minecraft.server.packs.resources.SimpleJsonResourceReloadListener.m_5944_(SimpleJsonResourceReloadListener.java:29) ~[server-1.20.1-20230612.114412-srg.jar%23420!/:?]
	at net.minecraft.server.packs.resources.SimpleJsonResourceReloadListener.m_5944_(SimpleJsonResourceReloadListener.java:17) ~[server-1.20.1-20230612.114412-srg.jar%23420!/:?]
	at net.minecraft.server.packs.resources.SimplePreparableReloadListener.m_10786_(SimplePreparableReloadListener.java:11) ~[server-1.20.1-20230612.114412-srg.jar%23420!/:?]
	at java.util.concurrent.CompletableFuture$AsyncSupply.run(CompletableFuture.java:1768) ~[?:?]
	at java.util.concurrent.CompletableFuture$AsyncSupply.exec(CompletableFuture.java:1760) ~[?:?]
	at java.util.concurrent.ForkJoinTask.doExec(ForkJoinTask.java:373) ~[?:?]
	at java.util.concurrent.ForkJoinPool$WorkQueue.topLevelExec(ForkJoinPool.java:1182) ~[?:?]
	at java.util.concurrent.ForkJoinPool.scan(ForkJoinPool.java:1655) ~[?:?]
	at java.util.concurrent.ForkJoinPool.runWorker(ForkJoinPool.java:1622) ~[?:?]
	at java.util.concurrent.ForkJoinWorkerThread.run(ForkJoinWorkerThread.java:165) ~[?:?]
Caused by: java.io.EOFException: End of input at line 1 column 1 path $
	at com.google.gson.stream.JsonReader.nextNonWhitespace(JsonReader.java:1455) ~[gson-2.10.jar%2372!/:?]
	at com.google.gson.stream.JsonReader.doPeek(JsonReader.java:558) ~[gson-2.10.jar%2372!/:?]
	at com.google.gson.stream.JsonReader.peek(JsonReader.java:433) ~[gson-2.10.jar%2372!/:?]
	at com.google.gson.internal.bind.TypeAdapters$28.read(TypeAdapters.java:769) ~[gson-2.10.jar%2372!/:?]
	at com.google.gson.internal.bind.TypeAdapters$28.read(TypeAdapters.java:725) ~[gson-2.10.jar%2372!/:?]
	at com.google.gson.internal.bind.TypeAdapters$34$1.read(TypeAdapters.java:1007) ~[gson-2.10.jar%2372!/:?]
	at net.minecraft.util.GsonHelper.m_13780_(GsonHelper.java:524) ~[server-1.20.1-20230612.114412-srg.jar%23420!/:?]
	... 13 more
[19Apr2026 02:22:05.925] [Worker-Main-2/ERROR] [net.minecraft.server.packs.resources.SimpleJsonResourceReloadListener/]: Couldn't parse data file efn:crescent_moon from efn:recipes/crescent_moon.json
com.google.gson.JsonParseException: java.io.EOFException: End of input at line 1 column 1 path $
	at net.minecraft.util.GsonHelper.m_13780_(GsonHelper.java:526) ~[server-1.20.1-20230612.114412-srg.jar%23420!/:?]
	at net.minecraft.util.GsonHelper.m_263475_(GsonHelper.java:531) ~[server-1.20.1-20230612.114412-srg.jar%23420!/:?]
	at net.minecraft.util.GsonHelper.m_13776_(GsonHelper.java:581) ~[server-1.20.1-20230612.114412-srg.jar%23420!/:?]
	at net.minecraft.server.packs.resources.SimpleJsonResourceReloadListener.m_278771_(SimpleJsonResourceReloadListener.java:41) ~[server-1.20.1-20230612.114412-srg.jar%23420!/:?]
	at net.minecraft.server.packs.resources.SimpleJsonResourceReloadListener.m_5944_(SimpleJsonResourceReloadListener.java:29) ~[server-1.20.1-20230612.114412-srg.jar%23420!/:?]
	at net.minecraft.server.packs.resources.SimpleJsonResourceReloadListener.m_5944_(SimpleJsonResourceReloadListener.java:17) ~[server-1.20.1-20230612.114412-srg.jar%23420!/:?]
	at net.minecraft.server.packs.resources.SimplePreparableReloadListener.m_10786_(SimplePreparableReloadListener.java:11) ~[server-1.20.1-20230612.114412-srg.jar%23420!/:?]
	at java.util.concurrent.CompletableFuture$AsyncSupply.run(CompletableFuture.java:1768) ~[?:?]
	at java.util.concurrent.CompletableFuture$AsyncSupply.exec(CompletableFuture.java:1760) ~[?:?]
	at java.util.concurrent.ForkJoinTask.doExec(ForkJoinTask.java:373) ~[?:?]
	at java.util.concurrent.ForkJoinPool$WorkQueue.topLevelExec(ForkJoinPool.java:1182) ~[?:?]
	at java.util.concurrent.ForkJoinPool.scan(ForkJoinPool.java:1655) ~[?:?]
	at java.util.concurrent.ForkJoinPool.runWorker(ForkJoinPool.java:1622) ~[?:?]
	at java.util.concurrent.ForkJoinWorkerThread.run(ForkJoinWorkerThread.java:165) ~[?:?]
Caused by: java.io.EOFException: End of input at line 1 column 1 path $
	at com.google.gson.stream.JsonReader.nextNonWhitespace(JsonReader.java:1455) ~[gson-2.10.jar%2372!/:?]
	at com.google.gson.stream.JsonReader.doPeek(JsonReader.java:558) ~[gson-2.10.jar%2372!/:?]
	at com.google.gson.stream.JsonReader.peek(JsonReader.java:433) ~[gson-2.10.jar%2372!/:?]
	at com.google.gson.internal.bind.TypeAdapters$28.read(TypeAdapters.java:769) ~[gson-2.10.jar%2372!/:?]
	at com.google.gson.internal.bind.TypeAdapters$28.read(TypeAdapters.java:725) ~[gson-2.10.jar%2372!/:?]
	at com.google.gson.internal.bind.TypeAdapters$34$1.read(TypeAdapters.java:1007) ~[gson-2.10.jar%2372!/:?]
	at net.minecraft.util.GsonHelper.m_13780_(GsonHelper.java:524) ~[server-1.20.1-20230612.114412-srg.jar%23420!/:?]
	... 13 more
[19Apr2026 02:22:05.926] [Worker-Main-2/ERROR] [net.minecraft.server.packs.resources.SimpleJsonResourceReloadListener/]: Couldn't parse data file efn:crimson_moon from efn:recipes/crimson_moon.json
com.google.gson.JsonParseException: java.io.EOFException: End of input at line 1 column 1 path $
	at net.minecraft.util.GsonHelper.m_13780_(GsonHelper.java:526) ~[server-1.20.1-20230612.114412-srg.jar%23420!/:?]
	at net.minecraft.util.GsonHelper.m_263475_(GsonHelper.java:531) ~[server-1.20.1-20230612.114412-srg.jar%23420!/:?]
	at net.minecraft.util.GsonHelper.m_13776_(GsonHelper.java:581) ~[server-1.20.1-20230612.114412-srg.jar%23420!/:?]
	at net.minecraft.server.packs.resources.SimpleJsonResourceReloadListener.m_278771_(SimpleJsonResourceReloadListener.java:41) ~[server-1.20.1-20230612.114412-srg.jar%23420!/:?]
	at net.minecraft.server.packs.resources.SimpleJsonResourceReloadListener.m_5944_(SimpleJsonResourceReloadListener.java:29) ~[server-1.20.1-20230612.114412-srg.jar%23420!/:?]
	at net.minecraft.server.packs.resources.SimpleJsonResourceReloadListener.m_5944_(SimpleJsonResourceReloadListener.java:17) ~[server-1.20.1-20230612.114412-srg.jar%23420!/:?]
	at net.minecraft.server.packs.resources.SimplePreparableReloadListener.m_10786_(SimplePreparableReloadListener.java:11) ~[server-1.20.1-20230612.114412-srg.jar%23420!/:?]
	at java.util.concurrent.CompletableFuture$AsyncSupply.run(CompletableFuture.java:1768) ~[?:?]
	at java.util.concurrent.CompletableFuture$AsyncSupply.exec(CompletableFuture.java:1760) ~[?:?]
	at java.util.concurrent.ForkJoinTask.doExec(ForkJoinTask.java:373) ~[?:?]
	at java.util.concurrent.ForkJoinPool$WorkQueue.topLevelExec(ForkJoinPool.java:1182) ~[?:?]
	at java.util.concurrent.ForkJoinPool.scan(ForkJoinPool.java:1655) ~[?:?]
	at java.util.concurrent.ForkJoinPool.runWorker(ForkJoinPool.java:1622) ~[?:?]
	at java.util.concurrent.ForkJoinWorkerThread.run(ForkJoinWorkerThread.java:165) ~[?:?]
Caused by: java.io.EOFException: End of input at line 1 column 1 path $
	at com.google.gson.stream.JsonReader.nextNonWhitespace(JsonReader.java:1455) ~[gson-2.10.jar%2372!/:?]
	at com.google.gson.stream.JsonReader.doPeek(JsonReader.java:558) ~[gson-2.10.jar%2372!/:?]
	at com.google.gson.stream.JsonReader.peek(JsonReader.java:433) ~[gson-2.10.jar%2372!/:?]
	at com.google.gson.internal.bind.TypeAdapters$28.read(TypeAdapters.java:769) ~[gson-2.10.jar%2372!/:?]
	at com.google.gson.internal.bind.TypeAdapters$28.read(TypeAdapters.java:725) ~[gson-2.10.jar%2372!/:?]
	at com.google.gson.internal.bind.TypeAdapters$34$1.read(TypeAdapters.java:1007) ~[gson-2.10.jar%2372!/:?]
	at net.minecraft.util.GsonHelper.m_13780_(GsonHelper.java:524) ~[server-1.20.1-20230612.114412-srg.jar%23420!/:?]
	... 13 more
[19Apr2026 02:22:05.938] [Worker-Main-2/ERROR] [net.minecraft.server.packs.resources.SimpleJsonResourceReloadListener/]: Couldn't parse data file fromtheshadows:crystallized_dagger from fromtheshadows:recipes/crystallized_dagger.json
com.google.gson.JsonParseException: java.io.EOFException: End of input at line 1 column 1 path $
	at net.minecraft.util.GsonHelper.m_13780_(GsonHelper.java:526) ~[server-1.20.1-20230612.114412-srg.jar%23420!/:?]
	at net.minecraft.util.GsonHelper.m_263475_(GsonHelper.java:531) ~[server-1.20.1-20230612.114412-srg.jar%23420!/:?]
	at net.minecraft.util.GsonHelper.m_13776_(GsonHelper.java:581) ~[server-1.20.1-20230612.114412-srg.jar%23420!/:?]
	at net.minecraft.server.packs.resources.SimpleJsonResourceReloadListener.m_278771_(SimpleJsonResourceReloadListener.java:41) ~[server-1.20.1-20230612.114412-srg.jar%23420!/:?]
	at net.minecraft.server.packs.resources.SimpleJsonResourceReloadListener.m_5944_(SimpleJsonResourceReloadListener.java:29) ~[server-1.20.1-20230612.114412-srg.jar%23420!/:?]
	at net.minecraft.server.packs.resources.SimpleJsonResourceReloadListener.m_5944_(SimpleJsonResourceReloadListener.java:17) ~[server-1.20.1-20230612.114412-srg.jar%23420!/:?]
	at net.minecraft.server.packs.resources.SimplePreparableReloadListener.m_10786_(SimplePreparableReloadListener.java:11) ~[server-1.20.1-20230612.114412-srg.jar%23420!/:?]
	at java.util.concurrent.CompletableFuture$AsyncSupply.run(CompletableFuture.java:1768) ~[?:?]
	at java.util.concurrent.CompletableFuture$AsyncSupply.exec(CompletableFuture.java:1760) ~[?:?]
	at java.util.concurrent.ForkJoinTask.doExec(ForkJoinTask.java:373) ~[?:?]
	at java.util.concurrent.ForkJoinPool$WorkQueue.topLevelExec(ForkJoinPool.java:1182) ~[?:?]
	at java.util.concurrent.ForkJoinPool.scan(ForkJoinPool.java:1655) ~[?:?]
	at java.util.concurrent.ForkJoinPool.runWorker(ForkJoinPool.java:1622) ~[?:?]
	at java.util.concurrent.ForkJoinWorkerThread.run(ForkJoinWorkerThread.java:165) ~[?:?]
Caused by: java.io.EOFException: End of input at line 1 column 1 path $
	at com.google.gson.stream.JsonReader.nextNonWhitespace(JsonReader.java:1455) ~[gson-2.10.jar%2372!/:?]
	at com.google.gson.stream.JsonReader.doPeek(JsonReader.java:558) ~[gson-2.10.jar%2372!/:?]
	at com.google.gson.stream.JsonReader.peek(JsonReader.java:433) ~[gson-2.10.jar%2372!/:?]
	at com.google.gson.internal.bind.TypeAdapters$28.read(TypeAdapters.java:769) ~[gson-2.10.jar%2372!/:?]
	at com.google.gson.internal.bind.TypeAdapters$28.read(TypeAdapters.java:725) ~[gson-2.10.jar%2372!/:?]
	at com.google.gson.internal.bind.TypeAdapters$34$1.read(TypeAdapters.java:1007) ~[gson-2.10.jar%2372!/:?]
	at net.minecraft.util.GsonHelper.m_13780_(GsonHelper.java:524) ~[server-1.20.1-20230612.114412-srg.jar%23420!/:?]
	... 13 more
[19Apr2026 02:22:05.939] [Worker-Main-2/ERROR] [net.minecraft.server.packs.resources.SimpleJsonResourceReloadListener/]: Couldn't parse data file cataclysm:cursed_bow from cataclysm:recipes/cursed_bow.json
com.google.gson.JsonParseException: java.io.EOFException: End of input at line 1 column 1 path $
	at net.minecraft.util.GsonHelper.m_13780_(GsonHelper.java:526) ~[server-1.20.1-20230612.114412-srg.jar%23420!/:?]
	at net.minecraft.util.GsonHelper.m_263475_(GsonHelper.java:531) ~[server-1.20.1-20230612.114412-srg.jar%23420!/:?]
	at net.minecraft.util.GsonHelper.m_13776_(GsonHelper.java:581) ~[server-1.20.1-20230612.114412-srg.jar%23420!/:?]
	at net.minecraft.server.packs.resources.SimpleJsonResourceReloadListener.m_278771_(SimpleJsonResourceReloadListener.java:41) ~[server-1.20.1-20230612.114412-srg.jar%23420!/:?]
	at net.minecraft.server.packs.resources.SimpleJsonResourceReloadListener.m_5944_(SimpleJsonResourceReloadListener.java:29) ~[server-1.20.1-20230612.114412-srg.jar%23420!/:?]
	at net.minecraft.server.packs.resources.SimpleJsonResourceReloadListener.m_5944_(SimpleJsonResourceReloadListener.java:17) ~[server-1.20.1-20230612.114412-srg.jar%23420!/:?]
	at net.minecraft.server.packs.resources.SimplePreparableReloadListener.m_10786_(SimplePreparableReloadListener.java:11) ~[server-1.20.1-20230612.114412-srg.jar%23420!/:?]
	at java.util.concurrent.CompletableFuture$AsyncSupply.run(CompletableFuture.java:1768) ~[?:?]
	at java.util.concurrent.CompletableFuture$AsyncSupply.exec(CompletableFuture.java:1760) ~[?:?]
	at java.util.concurrent.ForkJoinTask.doExec(ForkJoinTask.java:373) ~[?:?]
	at java.util.concurrent.ForkJoinPool$WorkQueue.topLevelExec(ForkJoinPool.java:1182) ~[?:?]
	at java.util.concurrent.ForkJoinPool.scan(ForkJoinPool.java:1655) ~[?:?]
	at java.util.concurrent.ForkJoinPool.runWorker(ForkJoinPool.java:1622) ~[?:?]
	at java.util.concurrent.ForkJoinWorkerThread.run(ForkJoinWorkerThread.java:165) ~[?:?]
Caused by: java.io.EOFException: End of input at line 1 column 1 path $
	at com.google.gson.stream.JsonReader.nextNonWhitespace(JsonReader.java:1455) ~[gson-2.10.jar%2372!/:?]
	at com.google.gson.stream.JsonReader.doPeek(JsonReader.java:558) ~[gson-2.10.jar%2372!/:?]
	at com.google.gson.stream.JsonReader.peek(JsonReader.java:433) ~[gson-2.10.jar%2372!/:?]
	at com.google.gson.internal.bind.TypeAdapters$28.read(TypeAdapters.java:769) ~[gson-2.10.jar%2372!/:?]
	at com.google.gson.internal.bind.TypeAdapters$28.read(TypeAdapters.java:725) ~[gson-2.10.jar%2372!/:?]
	at com.google.gson.internal.bind.TypeAdapters$34$1.read(TypeAdapters.java:1007) ~[gson-2.10.jar%2372!/:?]
	at net.minecraft.util.GsonHelper.m_13780_(GsonHelper.java:524) ~[server-1.20.1-20230612.114412-srg.jar%23420!/:?]
	... 13 more
[19Apr2026 02:22:05.949] [Worker-Main-2/ERROR] [net.minecraft.server.packs.resources.SimpleJsonResourceReloadListener/]: Couldn't parse data file irons_spellbooks:cursed_doll_spell_book from irons_spellbooks:recipes/cursed_doll_spell_book.json
com.google.gson.JsonParseException: java.io.EOFException: End of input at line 1 column 1 path $
	at net.minecraft.util.GsonHelper.m_13780_(GsonHelper.java:526) ~[server-1.20.1-20230612.114412-srg.jar%23420!/:?]
	at net.minecraft.util.GsonHelper.m_263475_(GsonHelper.java:531) ~[server-1.20.1-20230612.114412-srg.jar%23420!/:?]
	at net.minecraft.util.GsonHelper.m_13776_(GsonHelper.java:581) ~[server-1.20.1-20230612.114412-srg.jar%23420!/:?]
	at net.minecraft.server.packs.resources.SimpleJsonResourceReloadListener.m_278771_(SimpleJsonResourceReloadListener.java:41) ~[server-1.20.1-20230612.114412-srg.jar%23420!/:?]
	at net.minecraft.server.packs.resources.SimpleJsonResourceReloadListener.m_5944_(SimpleJsonResourceReloadListener.java:29) ~[server-1.20.1-20230612.114412-srg.jar%23420!/:?]
	at net.minecraft.server.packs.resources.SimpleJsonResourceReloadListener.m_5944_(SimpleJsonResourceReloadListener.java:17) ~[server-1.20.1-20230612.114412-srg.jar%23420!/:?]
	at net.minecraft.server.packs.resources.SimplePreparableReloadListener.m_10786_(SimplePreparableReloadListener.java:11) ~[server-1.20.1-20230612.114412-srg.jar%23420!/:?]
	at java.util.concurrent.CompletableFuture$AsyncSupply.run(CompletableFuture.java:1768) ~[?:?]
	at java.util.concurrent.CompletableFuture$AsyncSupply.exec(CompletableFuture.java:1760) ~[?:?]
	at java.util.concurrent.ForkJoinTask.doExec(ForkJoinTask.java:373) ~[?:?]
	at java.util.concurrent.ForkJoinPool$WorkQueue.topLevelExec(ForkJoinPool.java:1182) ~[?:?]
	at java.util.concurrent.ForkJoinPool.scan(ForkJoinPool.java:1655) ~[?:?]
	at java.util.concurrent.ForkJoinPool.runWorker(ForkJoinPool.java:1622) ~[?:?]
	at java.util.concurrent.ForkJoinWorkerThread.run(ForkJoinWorkerThread.java:165) ~[?:?]
Caused by: java.io.EOFException: End of input at line 1 column 1 path $
	at com.google.gson.stream.JsonReader.nextNonWhitespace(JsonReader.java:1455) ~[gson-2.10.jar%2372!/:?]
	at com.google.gson.stream.JsonReader.doPeek(JsonReader.java:558) ~[gson-2.10.jar%2372!/:?]
	at com.google.gson.stream.JsonReader.peek(JsonReader.java:433) ~[gson-2.10.jar%2372!/:?]
	at com.google.gson.internal.bind.TypeAdapters$28.read(TypeAdapters.java:769) ~[gson-2.10.jar%2372!/:?]
	at com.google.gson.internal.bind.TypeAdapters$28.read(TypeAdapters.java:725) ~[gson-2.10.jar%2372!/:?]
	at com.google.gson.internal.bind.TypeAdapters$34$1.read(TypeAdapters.java:1007) ~[gson-2.10.jar%2372!/:?]
	at net.minecraft.util.GsonHelper.m_13780_(GsonHelper.java:524) ~[server-1.20.1-20230612.114412-srg.jar%23420!/:?]
	... 13 more
[19Apr2026 02:22:05.969] [Worker-Main-3/ERROR] [net.minecraft.server.packs.resources.SimpleJsonResourceReloadListener/]: Couldn't parse data file efn:zansetsu from efn:recipes/zansetsu.json
com.google.gson.JsonParseException: java.io.EOFException: End of input at line 1 column 1 path $
	at net.minecraft.util.GsonHelper.m_13780_(GsonHelper.java:526) ~[server-1.20.1-20230612.114412-srg.jar%23420!/:?]
	at net.minecraft.util.GsonHelper.m_263475_(GsonHelper.java:531) ~[server-1.20.1-20230612.114412-srg.jar%23420!/:?]
	at net.minecraft.util.GsonHelper.m_13776_(GsonHelper.java:581) ~[server-1.20.1-20230612.114412-srg.jar%23420!/:?]
	at net.minecraft.server.packs.resources.SimpleJsonResourceReloadListener.m_278771_(SimpleJsonResourceReloadListener.java:41) ~[server-1.20.1-20230612.114412-srg.jar%23420!/:?]
	at net.minecraft.server.packs.resources.SimpleJsonResourceReloadListener.m_5944_(SimpleJsonResourceReloadListener.java:29) ~[server-1.20.1-20230612.114412-srg.jar%23420!/:?]
	at net.minecraft.server.packs.resources.SimpleJsonResourceReloadListener.m_5944_(SimpleJsonResourceReloadListener.java:17) ~[server-1.20.1-20230612.114412-srg.jar%23420!/:?]
	at net.minecraft.server.packs.resources.SimplePreparableReloadListener.m_10786_(SimplePreparableReloadListener.java:11) ~[server-1.20.1-20230612.114412-srg.jar%23420!/:?]
	at java.util.concurrent.CompletableFuture$AsyncSupply.run(CompletableFuture.java:1768) ~[?:?]
	at java.util.concurrent.CompletableFuture$AsyncSupply.exec(CompletableFuture.java:1760) ~[?:?]
	at java.util.concurrent.ForkJoinTask.doExec(ForkJoinTask.java:373) ~[?:?]
	at java.util.concurrent.ForkJoinPool$WorkQueue.topLevelExec(ForkJoinPool.java:1182) ~[?:?]
	at java.util.concurrent.ForkJoinPool.scan(ForkJoinPool.java:1655) ~[?:?]
	at java.util.concurrent.ForkJoinPool.runWorker(ForkJoinPool.java:1622) ~[?:?]
	at java.util.concurrent.ForkJoinWorkerThread.run(ForkJoinWorkerThread.java:165) ~[?:?]
Caused by: java.io.EOFException: End of input at line 1 column 1 path $
	at com.google.gson.stream.JsonReader.nextNonWhitespace(JsonReader.java:1455) ~[gson-2.10.jar%2372!/:?]
	at com.google.gson.stream.JsonReader.doPeek(JsonReader.java:558) ~[gson-2.10.jar%2372!/:?]
	at com.google.gson.stream.JsonReader.peek(JsonReader.java:433) ~[gson-2.10.jar%2372!/:?]
	at com.google.gson.internal.bind.TypeAdapters$28.read(TypeAdapters.java:769) ~[gson-2.10.jar%2372!/:?]
	at com.google.gson.internal.bind.TypeAdapters$28.read(TypeAdapters.java:725) ~[gson-2.10.jar%2372!/:?]
	at com.google.gson.internal.bind.TypeAdapters$34$1.read(TypeAdapters.java:1007) ~[gson-2.10.jar%2372!/:?]
	at net.minecraft.util.GsonHelper.m_13780_(GsonHelper.java:524) ~[server-1.20.1-20230612.114412-srg.jar%23420!/:?]
	... 13 more
[19Apr2026 02:22:05.976] [Worker-Main-2/ERROR] [net.minecraft.server.packs.resources.SimpleJsonResourceReloadListener/]: Couldn't parse data file irons_spellbooks:decrepit_scythe_repair from irons_spellbooks:recipes/decrepit_scythe_repair.json
com.google.gson.JsonParseException: java.io.EOFException: End of input at line 1 column 1 path $
	at net.minecraft.util.GsonHelper.m_13780_(GsonHelper.java:526) ~[server-1.20.1-20230612.114412-srg.jar%23420!/:?]
	at net.minecraft.util.GsonHelper.m_263475_(GsonHelper.java:531) ~[server-1.20.1-20230612.114412-srg.jar%23420!/:?]
	at net.minecraft.util.GsonHelper.m_13776_(GsonHelper.java:581) ~[server-1.20.1-20230612.114412-srg.jar%23420!/:?]
	at net.minecraft.server.packs.resources.SimpleJsonResourceReloadListener.m_278771_(SimpleJsonResourceReloadListener.java:41) ~[server-1.20.1-20230612.114412-srg.jar%23420!/:?]
	at net.minecraft.server.packs.resources.SimpleJsonResourceReloadListener.m_5944_(SimpleJsonResourceReloadListener.java:29) ~[server-1.20.1-20230612.114412-srg.jar%23420!/:?]
	at net.minecraft.server.packs.resources.SimpleJsonResourceReloadListener.m_5944_(SimpleJsonResourceReloadListener.java:17) ~[server-1.20.1-20230612.114412-srg.jar%23420!/:?]
	at net.minecraft.server.packs.resources.SimplePreparableReloadListener.m_10786_(SimplePreparableReloadListener.java:11) ~[server-1.20.1-20230612.114412-srg.jar%23420!/:?]
	at java.util.concurrent.CompletableFuture$AsyncSupply.run(CompletableFuture.java:1768) ~[?:?]
	at java.util.concurrent.CompletableFuture$AsyncSupply.exec(CompletableFuture.java:1760) ~[?:?]
	at java.util.concurrent.ForkJoinTask.doExec(ForkJoinTask.java:373) ~[?:?]
	at java.util.concurrent.ForkJoinPool$WorkQueue.topLevelExec(ForkJoinPool.java:1182) ~[?:?]
	at java.util.concurrent.ForkJoinPool.scan(ForkJoinPool.java:1655) ~[?:?]
	at java.util.concurrent.ForkJoinPool.runWorker(ForkJoinPool.java:1622) ~[?:?]
	at java.util.concurrent.ForkJoinWorkerThread.run(ForkJoinWorkerThread.java:165) ~[?:?]
Caused by: java.io.EOFException: End of input at line 1 column 1 path $
	at com.google.gson.stream.JsonReader.nextNonWhitespace(JsonReader.java:1455) ~[gson-2.10.jar%2372!/:?]
	at com.google.gson.stream.JsonReader.doPeek(JsonReader.java:558) ~[gson-2.10.jar%2372!/:?]
	at com.google.gson.stream.JsonReader.peek(JsonReader.java:433) ~[gson-2.10.jar%2372!/:?]
	at com.google.gson.internal.bind.TypeAdapters$28.read(TypeAdapters.java:769) ~[gson-2.10.jar%2372!/:?]
	at com.google.gson.internal.bind.TypeAdapters$28.read(TypeAdapters.java:725) ~[gson-2.10.jar%2372!/:?]
	at com.google.gson.internal.bind.TypeAdapters$34$1.read(TypeAdapters.java:1007) ~[gson-2.10.jar%2372!/:?]
	at net.minecraft.util.GsonHelper.m_13780_(GsonHelper.java:524) ~[server-1.20.1-20230612.114412-srg.jar%23420!/:?]
	... 13 more
[19Apr2026 02:22:05.992] [Worker-Main-2/ERROR] [net.minecraft.server.packs.resources.SimpleJsonResourceReloadListener/]: Couldn't parse data file fromtheshadows:devil_splitter from fromtheshadows:recipes/devil_splitter.json
com.google.gson.JsonParseException: java.io.EOFException: End of input at line 1 column 1 path $
	at net.minecraft.util.GsonHelper.m_13780_(GsonHelper.java:526) ~[server-1.20.1-20230612.114412-srg.jar%23420!/:?]
	at net.minecraft.util.GsonHelper.m_263475_(GsonHelper.java:531) ~[server-1.20.1-20230612.114412-srg.jar%23420!/:?]
	at net.minecraft.util.GsonHelper.m_13776_(GsonHelper.java:581) ~[server-1.20.1-20230612.114412-srg.jar%23420!/:?]
	at net.minecraft.server.packs.resources.SimpleJsonResourceReloadListener.m_278771_(SimpleJsonResourceReloadListener.java:41) ~[server-1.20.1-20230612.114412-srg.jar%23420!/:?]
	at net.minecraft.server.packs.resources.SimpleJsonResourceReloadListener.m_5944_(SimpleJsonResourceReloadListener.java:29) ~[server-1.20.1-20230612.114412-srg.jar%23420!/:?]
	at net.minecraft.server.packs.resources.SimpleJsonResourceReloadListener.m_5944_(SimpleJsonResourceReloadListener.java:17) ~[server-1.20.1-20230612.114412-srg.jar%23420!/:?]
	at net.minecraft.server.packs.resources.SimplePreparableReloadListener.m_10786_(SimplePreparableReloadListener.java:11) ~[server-1.20.1-20230612.114412-srg.jar%23420!/:?]
	at java.util.concurrent.CompletableFuture$AsyncSupply.run(CompletableFuture.java:1768) ~[?:?]
	at java.util.concurrent.CompletableFuture$AsyncSupply.exec(CompletableFuture.java:1760) ~[?:?]
	at java.util.concurrent.ForkJoinTask.doExec(ForkJoinTask.java:373) ~[?:?]
	at java.util.concurrent.ForkJoinPool$WorkQueue.topLevelExec(ForkJoinPool.java:1182) ~[?:?]
	at java.util.concurrent.ForkJoinPool.scan(ForkJoinPool.java:1655) ~[?:?]
	at java.util.concurrent.ForkJoinPool.runWorker(ForkJoinPool.java:1622) ~[?:?]
	at java.util.concurrent.ForkJoinWorkerThread.run(ForkJoinWorkerThread.java:165) ~[?:?]
Caused by: java.io.EOFException: End of input at line 1 column 1 path $
	at com.google.gson.stream.JsonReader.nextNonWhitespace(JsonReader.java:1455) ~[gson-2.10.jar%2372!/:?]
	at com.google.gson.stream.JsonReader.doPeek(JsonReader.java:558) ~[gson-2.10.jar%2372!/:?]
	at com.google.gson.stream.JsonReader.peek(JsonReader.java:433) ~[gson-2.10.jar%2372!/:?]
	at com.google.gson.internal.bind.TypeAdapters$28.read(TypeAdapters.java:769) ~[gson-2.10.jar%2372!/:?]
	at com.google.gson.internal.bind.TypeAdapters$28.read(TypeAdapters.java:725) ~[gson-2.10.jar%2372!/:?]
	at com.google.gson.internal.bind.TypeAdapters$34$1.read(TypeAdapters.java:1007) ~[gson-2.10.jar%2372!/:?]
	at net.minecraft.util.GsonHelper.m_13780_(GsonHelper.java:524) ~[server-1.20.1-20230612.114412-srg.jar%23420!/:?]
	... 13 more
[19Apr2026 02:22:05.999] [Worker-Main-2/ERROR] [net.minecraft.server.packs.resources.SimpleJsonResourceReloadListener/]: Couldn't parse data file irons_spellbooks:diamond_spell_book from irons_spellbooks:recipes/diamond_spell_book.json
com.google.gson.JsonParseException: java.io.EOFException: End of input at line 1 column 1 path $
	at net.minecraft.util.GsonHelper.m_13780_(GsonHelper.java:526) ~[server-1.20.1-20230612.114412-srg.jar%23420!/:?]
	at net.minecraft.util.GsonHelper.m_263475_(GsonHelper.java:531) ~[server-1.20.1-20230612.114412-srg.jar%23420!/:?]
	at net.minecraft.util.GsonHelper.m_13776_(GsonHelper.java:581) ~[server-1.20.1-20230612.114412-srg.jar%23420!/:?]
	at net.minecraft.server.packs.resources.SimpleJsonResourceReloadListener.m_278771_(SimpleJsonResourceReloadListener.java:41) ~[server-1.20.1-20230612.114412-srg.jar%23420!/:?]
	at net.minecraft.server.packs.resources.SimpleJsonResourceReloadListener.m_5944_(SimpleJsonResourceReloadListener.java:29) ~[server-1.20.1-20230612.114412-srg.jar%23420!/:?]
	at net.minecraft.server.packs.resources.SimpleJsonResourceReloadListener.m_5944_(SimpleJsonResourceReloadListener.java:17) ~[server-1.20.1-20230612.114412-srg.jar%23420!/:?]
	at net.minecraft.server.packs.resources.SimplePreparableReloadListener.m_10786_(SimplePreparableReloadListener.java:11) ~[server-1.20.1-20230612.114412-srg.jar%23420!/:?]
	at java.util.concurrent.CompletableFuture$AsyncSupply.run(CompletableFuture.java:1768) ~[?:?]
	at java.util.concurrent.CompletableFuture$AsyncSupply.exec(CompletableFuture.java:1760) ~[?:?]
	at java.util.concurrent.ForkJoinTask.doExec(ForkJoinTask.java:373) ~[?:?]
	at java.util.concurrent.ForkJoinPool$WorkQueue.topLevelExec(ForkJoinPool.java:1182) ~[?:?]
	at java.util.concurrent.ForkJoinPool.scan(ForkJoinPool.java:1655) ~[?:?]
	at java.util.concurrent.ForkJoinPool.runWorker(ForkJoinPool.java:1622) ~[?:?]
	at java.util.concurrent.ForkJoinWorkerThread.run(ForkJoinWorkerThread.java:165) ~[?:?]
Caused by: java.io.EOFException: End of input at line 1 column 1 path $
	at com.google.gson.stream.JsonReader.nextNonWhitespace(JsonReader.java:1455) ~[gson-2.10.jar%2372!/:?]
	at com.google.gson.stream.JsonReader.doPeek(JsonReader.java:558) ~[gson-2.10.jar%2372!/:?]
	at com.google.gson.stream.JsonReader.peek(JsonReader.java:433) ~[gson-2.10.jar%2372!/:?]
	at com.google.gson.internal.bind.TypeAdapters$28.read(TypeAdapters.java:769) ~[gson-2.10.jar%2372!/:?]
	at com.google.gson.internal.bind.TypeAdapters$28.read(TypeAdapters.java:725) ~[gson-2.10.jar%2372!/:?]
	at com.google.gson.internal.bind.TypeAdapters$34$1.read(TypeAdapters.java:1007) ~[gson-2.10.jar%2372!/:?]
	at net.minecraft.util.GsonHelper.m_13780_(GsonHelper.java:524) ~[server-1.20.1-20230612.114412-srg.jar%23420!/:?]
	... 13 more
[19Apr2026 02:22:06.004] [Worker-Main-2/ERROR] [net.minecraft.server.packs.resources.SimpleJsonResourceReloadListener/]: Couldn't parse data file irons_spellbooks:dragonskin_spell_book from irons_spellbooks:recipes/dragonskin_spell_book.json
com.google.gson.JsonParseException: java.io.EOFException: End of input at line 1 column 1 path $
	at net.minecraft.util.GsonHelper.m_13780_(GsonHelper.java:526) ~[server-1.20.1-20230612.114412-srg.jar%23420!/:?]
	at net.minecraft.util.GsonHelper.m_263475_(GsonHelper.java:531) ~[server-1.20.1-20230612.114412-srg.jar%23420!/:?]
	at net.minecraft.util.GsonHelper.m_13776_(GsonHelper.java:581) ~[server-1.20.1-20230612.114412-srg.jar%23420!/:?]
	at net.minecraft.server.packs.resources.SimpleJsonResourceReloadListener.m_278771_(SimpleJsonResourceReloadListener.java:41) ~[server-1.20.1-20230612.114412-srg.jar%23420!/:?]
	at net.minecraft.server.packs.resources.SimpleJsonResourceReloadListener.m_5944_(SimpleJsonResourceReloadListener.java:29) ~[server-1.20.1-20230612.114412-srg.jar%23420!/:?]
	at net.minecraft.server.packs.resources.SimpleJsonResourceReloadListener.m_5944_(SimpleJsonResourceReloadListener.java:17) ~[server-1.20.1-20230612.114412-srg.jar%23420!/:?]
	at net.minecraft.server.packs.resources.SimplePreparableReloadListener.m_10786_(SimplePreparableReloadListener.java:11) ~[server-1.20.1-20230612.114412-srg.jar%23420!/:?]
	at java.util.concurrent.CompletableFuture$AsyncSupply.run(CompletableFuture.java:1768) ~[?:?]
	at java.util.concurrent.CompletableFuture$AsyncSupply.exec(CompletableFuture.java:1760) ~[?:?]
	at java.util.concurrent.ForkJoinTask.doExec(ForkJoinTask.java:373) ~[?:?]
	at java.util.concurrent.ForkJoinPool$WorkQueue.topLevelExec(ForkJoinPool.java:1182) ~[?:?]
	at java.util.concurrent.ForkJoinPool.scan(ForkJoinPool.java:1655) ~[?:?]
	at java.util.concurrent.ForkJoinPool.runWorker(ForkJoinPool.java:1622) ~[?:?]
	at java.util.concurrent.ForkJoinWorkerThread.run(ForkJoinWorkerThread.java:165) ~[?:?]
Caused by: java.io.EOFException: End of input at line 1 column 1 path $
	at com.google.gson.stream.JsonReader.nextNonWhitespace(JsonReader.java:1455) ~[gson-2.10.jar%2372!/:?]
	at com.google.gson.stream.JsonReader.doPeek(JsonReader.java:558) ~[gson-2.10.jar%2372!/:?]
	at com.google.gson.stream.JsonReader.peek(JsonReader.java:433) ~[gson-2.10.jar%2372!/:?]
	at com.google.gson.internal.bind.TypeAdapters$28.read(TypeAdapters.java:769) ~[gson-2.10.jar%2372!/:?]
	at com.google.gson.internal.bind.TypeAdapters$28.read(TypeAdapters.java:725) ~[gson-2.10.jar%2372!/:?]
	at com.google.gson.internal.bind.TypeAdapters$34$1.read(TypeAdapters.java:1007) ~[gson-2.10.jar%2372!/:?]
	at net.minecraft.util.GsonHelper.m_13780_(GsonHelper.java:524) ~[server-1.20.1-20230612.114412-srg.jar%23420!/:?]
	... 13 more
[19Apr2026 02:22:06.009] [Worker-Main-2/ERROR] [net.minecraft.server.packs.resources.SimpleJsonResourceReloadListener/]: Couldn't parse data file irons_spellbooks:druidic_spell_book from irons_spellbooks:recipes/druidic_spell_book.json
com.google.gson.JsonParseException: java.io.EOFException: End of input at line 1 column 1 path $
	at net.minecraft.util.GsonHelper.m_13780_(GsonHelper.java:526) ~[server-1.20.1-20230612.114412-srg.jar%23420!/:?]
	at net.minecraft.util.GsonHelper.m_263475_(GsonHelper.java:531) ~[server-1.20.1-20230612.114412-srg.jar%23420!/:?]
	at net.minecraft.util.GsonHelper.m_13776_(GsonHelper.java:581) ~[server-1.20.1-20230612.114412-srg.jar%23420!/:?]
	at net.minecraft.server.packs.resources.SimpleJsonResourceReloadListener.m_278771_(SimpleJsonResourceReloadListener.java:41) ~[server-1.20.1-20230612.114412-srg.jar%23420!/:?]
	at net.minecraft.server.packs.resources.SimpleJsonResourceReloadListener.m_5944_(SimpleJsonResourceReloadListener.java:29) ~[server-1.20.1-20230612.114412-srg.jar%23420!/:?]
	at net.minecraft.server.packs.resources.SimpleJsonResourceReloadListener.m_5944_(SimpleJsonResourceReloadListener.java:17) ~[server-1.20.1-20230612.114412-srg.jar%23420!/:?]
	at net.minecraft.server.packs.resources.SimplePreparableReloadListener.m_10786_(SimplePreparableReloadListener.java:11) ~[server-1.20.1-20230612.114412-srg.jar%23420!/:?]
	at java.util.concurrent.CompletableFuture$AsyncSupply.run(CompletableFuture.java:1768) ~[?:?]
	at java.util.concurrent.CompletableFuture$AsyncSupply.exec(CompletableFuture.java:1760) ~[?:?]
	at java.util.concurrent.ForkJoinTask.doExec(ForkJoinTask.java:373) ~[?:?]
	at java.util.concurrent.ForkJoinPool$WorkQueue.topLevelExec(ForkJoinPool.java:1182) ~[?:?]
	at java.util.concurrent.ForkJoinPool.scan(ForkJoinPool.java:1655) ~[?:?]
	at java.util.concurrent.ForkJoinPool.runWorker(ForkJoinPool.java:1622) ~[?:?]
	at java.util.concurrent.ForkJoinWorkerThread.run(ForkJoinWorkerThread.java:165) ~[?:?]
Caused by: java.io.EOFException: End of input at line 1 column 1 path $
	at com.google.gson.stream.JsonReader.nextNonWhitespace(JsonReader.java:1455) ~[gson-2.10.jar%2372!/:?]
	at com.google.gson.stream.JsonReader.doPeek(JsonReader.java:558) ~[gson-2.10.jar%2372!/:?]
	at com.google.gson.stream.JsonReader.peek(JsonReader.java:433) ~[gson-2.10.jar%2372!/:?]
	at com.google.gson.internal.bind.TypeAdapters$28.read(TypeAdapters.java:769) ~[gson-2.10.jar%2372!/:?]
	at com.google.gson.internal.bind.TypeAdapters$28.read(TypeAdapters.java:725) ~[gson-2.10.jar%2372!/:?]
	at com.google.gson.internal.bind.TypeAdapters$34$1.read(TypeAdapters.java:1007) ~[gson-2.10.jar%2372!/:?]
	at net.minecraft.util.GsonHelper.m_13780_(GsonHelper.java:524) ~[server-1.20.1-20230612.114412-srg.jar%23420!/:?]
	... 13 more
[19Apr2026 02:22:06.011] [Worker-Main-2/ERROR] [net.minecraft.server.packs.resources.SimpleJsonResourceReloadListener/]: Couldn't parse data file efn:duskfire_boots from efn:recipes/duskfire_boots.json
com.google.gson.JsonParseException: java.io.EOFException: End of input at line 1 column 1 path $
	at net.minecraft.util.GsonHelper.m_13780_(GsonHelper.java:526) ~[server-1.20.1-20230612.114412-srg.jar%23420!/:?]
	at net.minecraft.util.GsonHelper.m_263475_(GsonHelper.java:531) ~[server-1.20.1-20230612.114412-srg.jar%23420!/:?]
	at net.minecraft.util.GsonHelper.m_13776_(GsonHelper.java:581) ~[server-1.20.1-20230612.114412-srg.jar%23420!/:?]
	at net.minecraft.server.packs.resources.SimpleJsonResourceReloadListener.m_278771_(SimpleJsonResourceReloadListener.java:41) ~[server-1.20.1-20230612.114412-srg.jar%23420!/:?]
	at net.minecraft.server.packs.resources.SimpleJsonResourceReloadListener.m_5944_(SimpleJsonResourceReloadListener.java:29) ~[server-1.20.1-20230612.114412-srg.jar%23420!/:?]
	at net.minecraft.server.packs.resources.SimpleJsonResourceReloadListener.m_5944_(SimpleJsonResourceReloadListener.java:17) ~[server-1.20.1-20230612.114412-srg.jar%23420!/:?]
	at net.minecraft.server.packs.resources.SimplePreparableReloadListener.m_10786_(SimplePreparableReloadListener.java:11) ~[server-1.20.1-20230612.114412-srg.jar%23420!/:?]
	at java.util.concurrent.CompletableFuture$AsyncSupply.run(CompletableFuture.java:1768) ~[?:?]
	at java.util.concurrent.CompletableFuture$AsyncSupply.exec(CompletableFuture.java:1760) ~[?:?]
	at java.util.concurrent.ForkJoinTask.doExec(ForkJoinTask.java:373) ~[?:?]
	at java.util.concurrent.ForkJoinPool$WorkQueue.topLevelExec(ForkJoinPool.java:1182) ~[?:?]
	at java.util.concurrent.ForkJoinPool.scan(ForkJoinPool.java:1655) ~[?:?]
	at java.util.concurrent.ForkJoinPool.runWorker(ForkJoinPool.java:1622) ~[?:?]
	at java.util.concurrent.ForkJoinWorkerThread.run(ForkJoinWorkerThread.java:165) ~[?:?]
Caused by: java.io.EOFException: End of input at line 1 column 1 path $
	at com.google.gson.stream.JsonReader.nextNonWhitespace(JsonReader.java:1455) ~[gson-2.10.jar%2372!/:?]
	at com.google.gson.stream.JsonReader.doPeek(JsonReader.java:558) ~[gson-2.10.jar%2372!/:?]
	at com.google.gson.stream.JsonReader.peek(JsonReader.java:433) ~[gson-2.10.jar%2372!/:?]
	at com.google.gson.internal.bind.TypeAdapters$28.read(TypeAdapters.java:769) ~[gson-2.10.jar%2372!/:?]
	at com.google.gson.internal.bind.TypeAdapters$28.read(TypeAdapters.java:725) ~[gson-2.10.jar%2372!/:?]
	at com.google.gson.internal.bind.TypeAdapters$34$1.read(TypeAdapters.java:1007) ~[gson-2.10.jar%2372!/:?]
	at net.minecraft.util.GsonHelper.m_13780_(GsonHelper.java:524) ~[server-1.20.1-20230612.114412-srg.jar%23420!/:?]
	... 13 more
[19Apr2026 02:22:06.012] [Worker-Main-2/ERROR] [net.minecraft.server.packs.resources.SimpleJsonResourceReloadListener/]: Couldn't parse data file efn:duskfire_chestplate from efn:recipes/duskfire_chestplate.json
com.google.gson.JsonParseException: java.io.EOFException: End of input at line 1 column 1 path $
	at net.minecraft.util.GsonHelper.m_13780_(GsonHelper.java:526) ~[server-1.20.1-20230612.114412-srg.jar%23420!/:?]
	at net.minecraft.util.GsonHelper.m_263475_(GsonHelper.java:531) ~[server-1.20.1-20230612.114412-srg.jar%23420!/:?]
	at net.minecraft.util.GsonHelper.m_13776_(GsonHelper.java:581) ~[server-1.20.1-20230612.114412-srg.jar%23420!/:?]
	at net.minecraft.server.packs.resources.SimpleJsonResourceReloadListener.m_278771_(SimpleJsonResourceReloadListener.java:41) ~[server-1.20.1-20230612.114412-srg.jar%23420!/:?]
	at net.minecraft.server.packs.resources.SimpleJsonResourceReloadListener.m_5944_(SimpleJsonResourceReloadListener.java:29) ~[server-1.20.1-20230612.114412-srg.jar%23420!/:?]
	at net.minecraft.server.packs.resources.SimpleJsonResourceReloadListener.m_5944_(SimpleJsonResourceReloadListener.java:17) ~[server-1.20.1-20230612.114412-srg.jar%23420!/:?]
	at net.minecraft.server.packs.resources.SimplePreparableReloadListener.m_10786_(SimplePreparableReloadListener.java:11) ~[server-1.20.1-20230612.114412-srg.jar%23420!/:?]
	at java.util.concurrent.CompletableFuture$AsyncSupply.run(CompletableFuture.java:1768) ~[?:?]
	at java.util.concurrent.CompletableFuture$AsyncSupply.exec(CompletableFuture.java:1760) ~[?:?]
	at java.util.concurrent.ForkJoinTask.doExec(ForkJoinTask.java:373) ~[?:?]
	at java.util.concurrent.ForkJoinPool$WorkQueue.topLevelExec(ForkJoinPool.java:1182) ~[?:?]
	at java.util.concurrent.ForkJoinPool.scan(ForkJoinPool.java:1655) ~[?:?]
	at java.util.concurrent.ForkJoinPool.runWorker(ForkJoinPool.java:1622) ~[?:?]
	at java.util.concurrent.ForkJoinWorkerThread.run(ForkJoinWorkerThread.java:165) ~[?:?]
Caused by: java.io.EOFException: End of input at line 1 column 1 path $
	at com.google.gson.stream.JsonReader.nextNonWhitespace(JsonReader.java:1455) ~[gson-2.10.jar%2372!/:?]
	at com.google.gson.stream.JsonReader.doPeek(JsonReader.java:558) ~[gson-2.10.jar%2372!/:?]
	at com.google.gson.stream.JsonReader.peek(JsonReader.java:433) ~[gson-2.10.jar%2372!/:?]
	at com.google.gson.internal.bind.TypeAdapters$28.read(TypeAdapters.java:769) ~[gson-2.10.jar%2372!/:?]
	at com.google.gson.internal.bind.TypeAdapters$28.read(TypeAdapters.java:725) ~[gson-2.10.jar%2372!/:?]
	at com.google.gson.internal.bind.TypeAdapters$34$1.read(TypeAdapters.java:1007) ~[gson-2.10.jar%2372!/:?]
	at net.minecraft.util.GsonHelper.m_13780_(GsonHelper.java:524) ~[server-1.20.1-20230612.114412-srg.jar%23420!/:?]
	... 13 more
[19Apr2026 02:22:06.015] [Worker-Main-2/ERROR] [net.minecraft.server.packs.resources.SimpleJsonResourceReloadListener/]: Couldn't parse data file efn:duskfire_helmet from efn:recipes/duskfire_helmet.json
com.google.gson.JsonParseException: java.io.EOFException: End of input at line 1 column 1 path $
	at net.minecraft.util.GsonHelper.m_13780_(GsonHelper.java:526) ~[server-1.20.1-20230612.114412-srg.jar%23420!/:?]
	at net.minecraft.util.GsonHelper.m_263475_(GsonHelper.java:531) ~[server-1.20.1-20230612.114412-srg.jar%23420!/:?]
	at net.minecraft.util.GsonHelper.m_13776_(GsonHelper.java:581) ~[server-1.20.1-20230612.114412-srg.jar%23420!/:?]
	at net.minecraft.server.packs.resources.SimpleJsonResourceReloadListener.m_278771_(SimpleJsonResourceReloadListener.java:41) ~[server-1.20.1-20230612.114412-srg.jar%23420!/:?]
	at net.minecraft.server.packs.resources.SimpleJsonResourceReloadListener.m_5944_(SimpleJsonResourceReloadListener.java:29) ~[server-1.20.1-20230612.114412-srg.jar%23420!/:?]
	at net.minecraft.server.packs.resources.SimpleJsonResourceReloadListener.m_5944_(SimpleJsonResourceReloadListener.java:17) ~[server-1.20.1-20230612.114412-srg.jar%23420!/:?]
	at net.minecraft.server.packs.resources.SimplePreparableReloadListener.m_10786_(SimplePreparableReloadListener.java:11) ~[server-1.20.1-20230612.114412-srg.jar%23420!/:?]
	at java.util.concurrent.CompletableFuture$AsyncSupply.run(CompletableFuture.java:1768) ~[?:?]
	at java.util.concurrent.CompletableFuture$AsyncSupply.exec(CompletableFuture.java:1760) ~[?:?]
	at java.util.concurrent.ForkJoinTask.doExec(ForkJoinTask.java:373) ~[?:?]
	at java.util.concurrent.ForkJoinPool$WorkQueue.topLevelExec(ForkJoinPool.java:1182) ~[?:?]
	at java.util.concurrent.ForkJoinPool.scan(ForkJoinPool.java:1655) ~[?:?]
	at java.util.concurrent.ForkJoinPool.runWorker(ForkJoinPool.java:1622) ~[?:?]
	at java.util.concurrent.ForkJoinWorkerThread.run(ForkJoinWorkerThread.java:165) ~[?:?]
Caused by: java.io.EOFException: End of input at line 1 column 1 path $
	at com.google.gson.stream.JsonReader.nextNonWhitespace(JsonReader.java:1455) ~[gson-2.10.jar%2372!/:?]
	at com.google.gson.stream.JsonReader.doPeek(JsonReader.java:558) ~[gson-2.10.jar%2372!/:?]
	at com.google.gson.stream.JsonReader.peek(JsonReader.java:433) ~[gson-2.10.jar%2372!/:?]
	at com.google.gson.internal.bind.TypeAdapters$28.read(TypeAdapters.java:769) ~[gson-2.10.jar%2372!/:?]
	at com.google.gson.internal.bind.TypeAdapters$28.read(TypeAdapters.java:725) ~[gson-2.10.jar%2372!/:?]
	at com.google.gson.internal.bind.TypeAdapters$34$1.read(TypeAdapters.java:1007) ~[gson-2.10.jar%2372!/:?]
	at net.minecraft.util.GsonHelper.m_13780_(GsonHelper.java:524) ~[server-1.20.1-20230612.114412-srg.jar%23420!/:?]
	... 13 more
[19Apr2026 02:22:06.019] [Worker-Main-2/ERROR] [net.minecraft.server.packs.resources.SimpleJsonResourceReloadListener/]: Couldn't parse data file efn:duskfire_leggings from efn:recipes/duskfire_leggings.json
com.google.gson.JsonParseException: java.io.EOFException: End of input at line 1 column 1 path $
	at net.minecraft.util.GsonHelper.m_13780_(GsonHelper.java:526) ~[server-1.20.1-20230612.114412-srg.jar%23420!/:?]
	at net.minecraft.util.GsonHelper.m_263475_(GsonHelper.java:531) ~[server-1.20.1-20230612.114412-srg.jar%23420!/:?]
	at net.minecraft.util.GsonHelper.m_13776_(GsonHelper.java:581) ~[server-1.20.1-20230612.114412-srg.jar%23420!/:?]
	at net.minecraft.server.packs.resources.SimpleJsonResourceReloadListener.m_278771_(SimpleJsonResourceReloadListener.java:41) ~[server-1.20.1-20230612.114412-srg.jar%23420!/:?]
	at net.minecraft.server.packs.resources.SimpleJsonResourceReloadListener.m_5944_(SimpleJsonResourceReloadListener.java:29) ~[server-1.20.1-20230612.114412-srg.jar%23420!/:?]
	at net.minecraft.server.packs.resources.SimpleJsonResourceReloadListener.m_5944_(SimpleJsonResourceReloadListener.java:17) ~[server-1.20.1-20230612.114412-srg.jar%23420!/:?]
	at net.minecraft.server.packs.resources.SimplePreparableReloadListener.m_10786_(SimplePreparableReloadListener.java:11) ~[server-1.20.1-20230612.114412-srg.jar%23420!/:?]
	at java.util.concurrent.CompletableFuture$AsyncSupply.run(CompletableFuture.java:1768) ~[?:?]
	at java.util.concurrent.CompletableFuture$AsyncSupply.exec(CompletableFuture.java:1760) ~[?:?]
	at java.util.concurrent.ForkJoinTask.doExec(ForkJoinTask.java:373) ~[?:?]
	at java.util.concurrent.ForkJoinPool$WorkQueue.topLevelExec(ForkJoinPool.java:1182) ~[?:?]
	at java.util.concurrent.ForkJoinPool.scan(ForkJoinPool.java:1655) ~[?:?]
	at java.util.concurrent.ForkJoinPool.runWorker(ForkJoinPool.java:1622) ~[?:?]
	at java.util.concurrent.ForkJoinWorkerThread.run(ForkJoinWorkerThread.java:165) ~[?:?]
Caused by: java.io.EOFException: End of input at line 1 column 1 path $
	at com.google.gson.stream.JsonReader.nextNonWhitespace(JsonReader.java:1455) ~[gson-2.10.jar%2372!/:?]
	at com.google.gson.stream.JsonReader.doPeek(JsonReader.java:558) ~[gson-2.10.jar%2372!/:?]
	at com.google.gson.stream.JsonReader.peek(JsonReader.java:433) ~[gson-2.10.jar%2372!/:?]
	at com.google.gson.internal.bind.TypeAdapters$28.read(TypeAdapters.java:769) ~[gson-2.10.jar%2372!/:?]
	at com.google.gson.internal.bind.TypeAdapters$28.read(TypeAdapters.java:725) ~[gson-2.10.jar%2372!/:?]
	at com.google.gson.internal.bind.TypeAdapters$34$1.read(TypeAdapters.java:1007) ~[gson-2.10.jar%2372!/:?]
	at net.minecraft.util.GsonHelper.m_13780_(GsonHelper.java:524) ~[server-1.20.1-20230612.114412-srg.jar%23420!/:?]
	... 13 more
[19Apr2026 02:22:06.036] [Worker-Main-2/ERROR] [net.minecraft.server.packs.resources.SimpleJsonResourceReloadListener/]: Couldn't parse data file efn:efn_dodge from efn:recipes/efn_dodge.json
com.google.gson.JsonParseException: java.io.EOFException: End of input at line 1 column 1 path $
	at net.minecraft.util.GsonHelper.m_13780_(GsonHelper.java:526) ~[server-1.20.1-20230612.114412-srg.jar%23420!/:?]
	at net.minecraft.util.GsonHelper.m_263475_(GsonHelper.java:531) ~[server-1.20.1-20230612.114412-srg.jar%23420!/:?]
	at net.minecraft.util.GsonHelper.m_13776_(GsonHelper.java:581) ~[server-1.20.1-20230612.114412-srg.jar%23420!/:?]
	at net.minecraft.server.packs.resources.SimpleJsonResourceReloadListener.m_278771_(SimpleJsonResourceReloadListener.java:41) ~[server-1.20.1-20230612.114412-srg.jar%23420!/:?]
	at net.minecraft.server.packs.resources.SimpleJsonResourceReloadListener.m_5944_(SimpleJsonResourceReloadListener.java:29) ~[server-1.20.1-20230612.114412-srg.jar%23420!/:?]
	at net.minecraft.server.packs.resources.SimpleJsonResourceReloadListener.m_5944_(SimpleJsonResourceReloadListener.java:17) ~[server-1.20.1-20230612.114412-srg.jar%23420!/:?]
	at net.minecraft.server.packs.resources.SimplePreparableReloadListener.m_10786_(SimplePreparableReloadListener.java:11) ~[server-1.20.1-20230612.114412-srg.jar%23420!/:?]
	at java.util.concurrent.CompletableFuture$AsyncSupply.run(CompletableFuture.java:1768) ~[?:?]
	at java.util.concurrent.CompletableFuture$AsyncSupply.exec(CompletableFuture.java:1760) ~[?:?]
	at java.util.concurrent.ForkJoinTask.doExec(ForkJoinTask.java:373) ~[?:?]
	at java.util.concurrent.ForkJoinPool$WorkQueue.topLevelExec(ForkJoinPool.java:1182) ~[?:?]
	at java.util.concurrent.ForkJoinPool.scan(ForkJoinPool.java:1655) ~[?:?]
	at java.util.concurrent.ForkJoinPool.runWorker(ForkJoinPool.java:1622) ~[?:?]
	at java.util.concurrent.ForkJoinWorkerThread.run(ForkJoinWorkerThread.java:165) ~[?:?]
Caused by: java.io.EOFException: End of input at line 1 column 1 path $
	at com.google.gson.stream.JsonReader.nextNonWhitespace(JsonReader.java:1455) ~[gson-2.10.jar%2372!/:?]
	at com.google.gson.stream.JsonReader.doPeek(JsonReader.java:558) ~[gson-2.10.jar%2372!/:?]
	at com.google.gson.stream.JsonReader.peek(JsonReader.java:433) ~[gson-2.10.jar%2372!/:?]
	at com.google.gson.internal.bind.TypeAdapters$28.read(TypeAdapters.java:769) ~[gson-2.10.jar%2372!/:?]
	at com.google.gson.internal.bind.TypeAdapters$28.read(TypeAdapters.java:725) ~[gson-2.10.jar%2372!/:?]
	at com.google.gson.internal.bind.TypeAdapters$34$1.read(TypeAdapters.java:1007) ~[gson-2.10.jar%2372!/:?]
	at net.minecraft.util.GsonHelper.m_13780_(GsonHelper.java:524) ~[server-1.20.1-20230612.114412-srg.jar%23420!/:?]
	... 13 more
[19Apr2026 02:22:06.036] [Worker-Main-2/ERROR] [net.minecraft.server.packs.resources.SimpleJsonResourceReloadListener/]: Couldn't parse data file efn:efn_step from efn:recipes/efn_step.json
com.google.gson.JsonParseException: java.io.EOFException: End of input at line 1 column 1 path $
	at net.minecraft.util.GsonHelper.m_13780_(GsonHelper.java:526) ~[server-1.20.1-20230612.114412-srg.jar%23420!/:?]
	at net.minecraft.util.GsonHelper.m_263475_(GsonHelper.java:531) ~[server-1.20.1-20230612.114412-srg.jar%23420!/:?]
	at net.minecraft.util.GsonHelper.m_13776_(GsonHelper.java:581) ~[server-1.20.1-20230612.114412-srg.jar%23420!/:?]
	at net.minecraft.server.packs.resources.SimpleJsonResourceReloadListener.m_278771_(SimpleJsonResourceReloadListener.java:41) ~[server-1.20.1-20230612.114412-srg.jar%23420!/:?]
	at net.minecraft.server.packs.resources.SimpleJsonResourceReloadListener.m_5944_(SimpleJsonResourceReloadListener.java:29) ~[server-1.20.1-20230612.114412-srg.jar%23420!/:?]
	at net.minecraft.server.packs.resources.SimpleJsonResourceReloadListener.m_5944_(SimpleJsonResourceReloadListener.java:17) ~[server-1.20.1-20230612.114412-srg.jar%23420!/:?]
	at net.minecraft.server.packs.resources.SimplePreparableReloadListener.m_10786_(SimplePreparableReloadListener.java:11) ~[server-1.20.1-20230612.114412-srg.jar%23420!/:?]
	at java.util.concurrent.CompletableFuture$AsyncSupply.run(CompletableFuture.java:1768) ~[?:?]
	at java.util.concurrent.CompletableFuture$AsyncSupply.exec(CompletableFuture.java:1760) ~[?:?]
	at java.util.concurrent.ForkJoinTask.doExec(ForkJoinTask.java:373) ~[?:?]
	at java.util.concurrent.ForkJoinPool$WorkQueue.topLevelExec(ForkJoinPool.java:1182) ~[?:?]
	at java.util.concurrent.ForkJoinPool.scan(ForkJoinPool.java:1655) ~[?:?]
	at java.util.concurrent.ForkJoinPool.runWorker(ForkJoinPool.java:1622) ~[?:?]
	at java.util.concurrent.ForkJoinWorkerThread.run(ForkJoinWorkerThread.java:165) ~[?:?]
Caused by: java.io.EOFException: End of input at line 1 column 1 path $
	at com.google.gson.stream.JsonReader.nextNonWhitespace(JsonReader.java:1455) ~[gson-2.10.jar%2372!/:?]
	at com.google.gson.stream.JsonReader.doPeek(JsonReader.java:558) ~[gson-2.10.jar%2372!/:?]
	at com.google.gson.stream.JsonReader.peek(JsonReader.java:433) ~[gson-2.10.jar%2372!/:?]
	at com.google.gson.internal.bind.TypeAdapters$28.read(TypeAdapters.java:769) ~[gson-2.10.jar%2372!/:?]
	at com.google.gson.internal.bind.TypeAdapters$28.read(TypeAdapters.java:725) ~[gson-2.10.jar%2372!/:?]
	at com.google.gson.internal.bind.TypeAdapters$34$1.read(TypeAdapters.java:1007) ~[gson-2.10.jar%2372!/:?]
	at net.minecraft.util.GsonHelper.m_13780_(GsonHelper.java:524) ~[server-1.20.1-20230612.114412-srg.jar%23420!/:?]
	... 13 more
[19Apr2026 02:22:06.046] [Worker-Main-2/ERROR] [net.minecraft.server.packs.resources.SimpleJsonResourceReloadListener/]: Couldn't parse data file irons_spellbooks:energized_core from irons_spellbooks:recipes/energized_core.json
com.google.gson.JsonParseException: java.io.EOFException: End of input at line 1 column 1 path $
	at net.minecraft.util.GsonHelper.m_13780_(GsonHelper.java:526) ~[server-1.20.1-20230612.114412-srg.jar%23420!/:?]
	at net.minecraft.util.GsonHelper.m_263475_(GsonHelper.java:531) ~[server-1.20.1-20230612.114412-srg.jar%23420!/:?]
	at net.minecraft.util.GsonHelper.m_13776_(GsonHelper.java:581) ~[server-1.20.1-20230612.114412-srg.jar%23420!/:?]
	at net.minecraft.server.packs.resources.SimpleJsonResourceReloadListener.m_278771_(SimpleJsonResourceReloadListener.java:41) ~[server-1.20.1-20230612.114412-srg.jar%23420!/:?]
	at net.minecraft.server.packs.resources.SimpleJsonResourceReloadListener.m_5944_(SimpleJsonResourceReloadListener.java:29) ~[server-1.20.1-20230612.114412-srg.jar%23420!/:?]
	at net.minecraft.server.packs.resources.SimpleJsonResourceReloadListener.m_5944_(SimpleJsonResourceReloadListener.java:17) ~[server-1.20.1-20230612.114412-srg.jar%23420!/:?]
	at net.minecraft.server.packs.resources.SimplePreparableReloadListener.m_10786_(SimplePreparableReloadListener.java:11) ~[server-1.20.1-20230612.114412-srg.jar%23420!/:?]
	at java.util.concurrent.CompletableFuture$AsyncSupply.run(CompletableFuture.java:1768) ~[?:?]
	at java.util.concurrent.CompletableFuture$AsyncSupply.exec(CompletableFuture.java:1760) ~[?:?]
	at java.util.concurrent.ForkJoinTask.doExec(ForkJoinTask.java:373) ~[?:?]
	at java.util.concurrent.ForkJoinPool$WorkQueue.topLevelExec(ForkJoinPool.java:1182) ~[?:?]
	at java.util.concurrent.ForkJoinPool.scan(ForkJoinPool.java:1655) ~[?:?]
	at java.util.concurrent.ForkJoinPool.runWorker(ForkJoinPool.java:1622) ~[?:?]
	at java.util.concurrent.ForkJoinWorkerThread.run(ForkJoinWorkerThread.java:165) ~[?:?]
Caused by: java.io.EOFException: End of input at line 1 column 1 path $
	at com.google.gson.stream.JsonReader.nextNonWhitespace(JsonReader.java:1455) ~[gson-2.10.jar%2372!/:?]
	at com.google.gson.stream.JsonReader.doPeek(JsonReader.java:558) ~[gson-2.10.jar%2372!/:?]
	at com.google.gson.stream.JsonReader.peek(JsonReader.java:433) ~[gson-2.10.jar%2372!/:?]
	at com.google.gson.internal.bind.TypeAdapters$28.read(TypeAdapters.java:769) ~[gson-2.10.jar%2372!/:?]
	at com.google.gson.internal.bind.TypeAdapters$28.read(TypeAdapters.java:725) ~[gson-2.10.jar%2372!/:?]
	at com.google.gson.internal.bind.TypeAdapters$34$1.read(TypeAdapters.java:1007) ~[gson-2.10.jar%2372!/:?]
	at net.minecraft.util.GsonHelper.m_13780_(GsonHelper.java:524) ~[server-1.20.1-20230612.114412-srg.jar%23420!/:?]
	... 13 more
[19Apr2026 02:22:06.047] [Worker-Main-2/ERROR] [net.minecraft.server.packs.resources.SimpleJsonResourceReloadListener/]: Couldn't parse data file efn:exsiliumgladius from efn:recipes/exsiliumgladius.json
com.google.gson.JsonParseException: java.io.EOFException: End of input at line 1 column 1 path $
	at net.minecraft.util.GsonHelper.m_13780_(GsonHelper.java:526) ~[server-1.20.1-20230612.114412-srg.jar%23420!/:?]
	at net.minecraft.util.GsonHelper.m_263475_(GsonHelper.java:531) ~[server-1.20.1-20230612.114412-srg.jar%23420!/:?]
	at net.minecraft.util.GsonHelper.m_13776_(GsonHelper.java:581) ~[server-1.20.1-20230612.114412-srg.jar%23420!/:?]
	at net.minecraft.server.packs.resources.SimpleJsonResourceReloadListener.m_278771_(SimpleJsonResourceReloadListener.java:41) ~[server-1.20.1-20230612.114412-srg.jar%23420!/:?]
	at net.minecraft.server.packs.resources.SimpleJsonResourceReloadListener.m_5944_(SimpleJsonResourceReloadListener.java:29) ~[server-1.20.1-20230612.114412-srg.jar%23420!/:?]
	at net.minecraft.server.packs.resources.SimpleJsonResourceReloadListener.m_5944_(SimpleJsonResourceReloadListener.java:17) ~[server-1.20.1-20230612.114412-srg.jar%23420!/:?]
	at net.minecraft.server.packs.resources.SimplePreparableReloadListener.m_10786_(SimplePreparableReloadListener.java:11) ~[server-1.20.1-20230612.114412-srg.jar%23420!/:?]
	at java.util.concurrent.CompletableFuture$AsyncSupply.run(CompletableFuture.java:1768) ~[?:?]
	at java.util.concurrent.CompletableFuture$AsyncSupply.exec(CompletableFuture.java:1760) ~[?:?]
	at java.util.concurrent.ForkJoinTask.doExec(ForkJoinTask.java:373) ~[?:?]
	at java.util.concurrent.ForkJoinPool$WorkQueue.topLevelExec(ForkJoinPool.java:1182) ~[?:?]
	at java.util.concurrent.ForkJoinPool.scan(ForkJoinPool.java:1655) ~[?:?]
	at java.util.concurrent.ForkJoinPool.runWorker(ForkJoinPool.java:1622) ~[?:?]
	at java.util.concurrent.ForkJoinWorkerThread.run(ForkJoinWorkerThread.java:165) ~[?:?]
Caused by: java.io.EOFException: End of input at line 1 column 1 path $
	at com.google.gson.stream.JsonReader.nextNonWhitespace(JsonReader.java:1455) ~[gson-2.10.jar%2372!/:?]
	at com.google.gson.stream.JsonReader.doPeek(JsonReader.java:558) ~[gson-2.10.jar%2372!/:?]
	at com.google.gson.stream.JsonReader.peek(JsonReader.java:433) ~[gson-2.10.jar%2372!/:?]
	at com.google.gson.internal.bind.TypeAdapters$28.read(TypeAdapters.java:769) ~[gson-2.10.jar%2372!/:?]
	at com.google.gson.internal.bind.TypeAdapters$28.read(TypeAdapters.java:725) ~[gson-2.10.jar%2372!/:?]
	at com.google.gson.internal.bind.TypeAdapters$34$1.read(TypeAdapters.java:1007) ~[gson-2.10.jar%2372!/:?]
	at net.minecraft.util.GsonHelper.m_13780_(GsonHelper.java:524) ~[server-1.20.1-20230612.114412-srg.jar%23420!/:?]
	... 13 more
[19Apr2026 02:22:06.054] [Worker-Main-2/ERROR] [net.minecraft.server.packs.resources.SimpleJsonResourceReloadListener/]: Couldn't parse data file efn:fire_exsiliumgladius from efn:recipes/fire_exsiliumgladius.json
com.google.gson.JsonParseException: java.io.EOFException: End of input at line 1 column 1 path $
	at net.minecraft.util.GsonHelper.m_13780_(GsonHelper.java:526) ~[server-1.20.1-20230612.114412-srg.jar%23420!/:?]
	at net.minecraft.util.GsonHelper.m_263475_(GsonHelper.java:531) ~[server-1.20.1-20230612.114412-srg.jar%23420!/:?]
	at net.minecraft.util.GsonHelper.m_13776_(GsonHelper.java:581) ~[server-1.20.1-20230612.114412-srg.jar%23420!/:?]
	at net.minecraft.server.packs.resources.SimpleJsonResourceReloadListener.m_278771_(SimpleJsonResourceReloadListener.java:41) ~[server-1.20.1-20230612.114412-srg.jar%23420!/:?]
	at net.minecraft.server.packs.resources.SimpleJsonResourceReloadListener.m_5944_(SimpleJsonResourceReloadListener.java:29) ~[server-1.20.1-20230612.114412-srg.jar%23420!/:?]
	at net.minecraft.server.packs.resources.SimpleJsonResourceReloadListener.m_5944_(SimpleJsonResourceReloadListener.java:17) ~[server-1.20.1-20230612.114412-srg.jar%23420!/:?]
	at net.minecraft.server.packs.resources.SimplePreparableReloadListener.m_10786_(SimplePreparableReloadListener.java:11) ~[server-1.20.1-20230612.114412-srg.jar%23420!/:?]
	at java.util.concurrent.CompletableFuture$AsyncSupply.run(CompletableFuture.java:1768) ~[?:?]
	at java.util.concurrent.CompletableFuture$AsyncSupply.exec(CompletableFuture.java:1760) ~[?:?]
	at java.util.concurrent.ForkJoinTask.doExec(ForkJoinTask.java:373) ~[?:?]
	at java.util.concurrent.ForkJoinPool$WorkQueue.topLevelExec(ForkJoinPool.java:1182) ~[?:?]
	at java.util.concurrent.ForkJoinPool.scan(ForkJoinPool.java:1655) ~[?:?]
	at java.util.concurrent.ForkJoinPool.runWorker(ForkJoinPool.java:1622) ~[?:?]
	at java.util.concurrent.ForkJoinWorkerThread.run(ForkJoinWorkerThread.java:165) ~[?:?]
Caused by: java.io.EOFException: End of input at line 1 column 1 path $
	at com.google.gson.stream.JsonReader.nextNonWhitespace(JsonReader.java:1455) ~[gson-2.10.jar%2372!/:?]
	at com.google.gson.stream.JsonReader.doPeek(JsonReader.java:558) ~[gson-2.10.jar%2372!/:?]
	at com.google.gson.stream.JsonReader.peek(JsonReader.java:433) ~[gson-2.10.jar%2372!/:?]
	at com.google.gson.internal.bind.TypeAdapters$28.read(TypeAdapters.java:769) ~[gson-2.10.jar%2372!/:?]
	at com.google.gson.internal.bind.TypeAdapters$28.read(TypeAdapters.java:725) ~[gson-2.10.jar%2372!/:?]
	at com.google.gson.internal.bind.TypeAdapters$34$1.read(TypeAdapters.java:1007) ~[gson-2.10.jar%2372!/:?]
	at net.minecraft.util.GsonHelper.m_13780_(GsonHelper.java:524) ~[server-1.20.1-20230612.114412-srg.jar%23420!/:?]
	... 13 more
[19Apr2026 02:22:06.073] [Worker-Main-2/ERROR] [net.minecraft.server.packs.resources.SimpleJsonResourceReloadListener/]: Couldn't parse data file irons_spellbooks:gold_spell_book from irons_spellbooks:recipes/gold_spell_book.json
com.google.gson.JsonParseException: java.io.EOFException: End of input at line 1 column 1 path $
	at net.minecraft.util.GsonHelper.m_13780_(GsonHelper.java:526) ~[server-1.20.1-20230612.114412-srg.jar%23420!/:?]
	at net.minecraft.util.GsonHelper.m_263475_(GsonHelper.java:531) ~[server-1.20.1-20230612.114412-srg.jar%23420!/:?]
	at net.minecraft.util.GsonHelper.m_13776_(GsonHelper.java:581) ~[server-1.20.1-20230612.114412-srg.jar%23420!/:?]
	at net.minecraft.server.packs.resources.SimpleJsonResourceReloadListener.m_278771_(SimpleJsonResourceReloadListener.java:41) ~[server-1.20.1-20230612.114412-srg.jar%23420!/:?]
	at net.minecraft.server.packs.resources.SimpleJsonResourceReloadListener.m_5944_(SimpleJsonResourceReloadListener.java:29) ~[server-1.20.1-20230612.114412-srg.jar%23420!/:?]
	at net.minecraft.server.packs.resources.SimpleJsonResourceReloadListener.m_5944_(SimpleJsonResourceReloadListener.java:17) ~[server-1.20.1-20230612.114412-srg.jar%23420!/:?]
	at net.minecraft.server.packs.resources.SimplePreparableReloadListener.m_10786_(SimplePreparableReloadListener.java:11) ~[server-1.20.1-20230612.114412-srg.jar%23420!/:?]
	at java.util.concurrent.CompletableFuture$AsyncSupply.run(CompletableFuture.java:1768) ~[?:?]
	at java.util.concurrent.CompletableFuture$AsyncSupply.exec(CompletableFuture.java:1760) ~[?:?]
	at java.util.concurrent.ForkJoinTask.doExec(ForkJoinTask.java:373) ~[?:?]
	at java.util.concurrent.ForkJoinPool$WorkQueue.topLevelExec(ForkJoinPool.java:1182) ~[?:?]
	at java.util.concurrent.ForkJoinPool.scan(ForkJoinPool.java:1655) ~[?:?]
	at java.util.concurrent.ForkJoinPool.runWorker(ForkJoinPool.java:1622) ~[?:?]
	at java.util.concurrent.ForkJoinWorkerThread.run(ForkJoinWorkerThread.java:165) ~[?:?]
Caused by: java.io.EOFException: End of input at line 1 column 1 path $
	at com.google.gson.stream.JsonReader.nextNonWhitespace(JsonReader.java:1455) ~[gson-2.10.jar%2372!/:?]
	at com.google.gson.stream.JsonReader.doPeek(JsonReader.java:558) ~[gson-2.10.jar%2372!/:?]
	at com.google.gson.stream.JsonReader.peek(JsonReader.java:433) ~[gson-2.10.jar%2372!/:?]
	at com.google.gson.internal.bind.TypeAdapters$28.read(TypeAdapters.java:769) ~[gson-2.10.jar%2372!/:?]
	at com.google.gson.internal.bind.TypeAdapters$28.read(TypeAdapters.java:725) ~[gson-2.10.jar%2372!/:?]
	at com.google.gson.internal.bind.TypeAdapters$34$1.read(TypeAdapters.java:1007) ~[gson-2.10.jar%2372!/:?]
	at net.minecraft.util.GsonHelper.m_13780_(GsonHelper.java:524) ~[server-1.20.1-20230612.114412-srg.jar%23420!/:?]
	... 13 more
[19Apr2026 02:22:06.092] [Worker-Main-2/ERROR] [net.minecraft.server.packs.resources.SimpleJsonResourceReloadListener/]: Couldn't parse data file irons_spellbooks:graybeard_staff from irons_spellbooks:recipes/graybeard_staff.json
com.google.gson.JsonParseException: java.io.EOFException: End of input at line 1 column 1 path $
	at net.minecraft.util.GsonHelper.m_13780_(GsonHelper.java:526) ~[server-1.20.1-20230612.114412-srg.jar%23420!/:?]
	at net.minecraft.util.GsonHelper.m_263475_(GsonHelper.java:531) ~[server-1.20.1-20230612.114412-srg.jar%23420!/:?]
	at net.minecraft.util.GsonHelper.m_13776_(GsonHelper.java:581) ~[server-1.20.1-20230612.114412-srg.jar%23420!/:?]
	at net.minecraft.server.packs.resources.SimpleJsonResourceReloadListener.m_278771_(SimpleJsonResourceReloadListener.java:41) ~[server-1.20.1-20230612.114412-srg.jar%23420!/:?]
	at net.minecraft.server.packs.resources.SimpleJsonResourceReloadListener.m_5944_(SimpleJsonResourceReloadListener.java:29) ~[server-1.20.1-20230612.114412-srg.jar%23420!/:?]
	at net.minecraft.server.packs.resources.SimpleJsonResourceReloadListener.m_5944_(SimpleJsonResourceReloadListener.java:17) ~[server-1.20.1-20230612.114412-srg.jar%23420!/:?]
	at net.minecraft.server.packs.resources.SimplePreparableReloadListener.m_10786_(SimplePreparableReloadListener.java:11) ~[server-1.20.1-20230612.114412-srg.jar%23420!/:?]
	at java.util.concurrent.CompletableFuture$AsyncSupply.run(CompletableFuture.java:1768) ~[?:?]
	at java.util.concurrent.CompletableFuture$AsyncSupply.exec(CompletableFuture.java:1760) ~[?:?]
	at java.util.concurrent.ForkJoinTask.doExec(ForkJoinTask.java:373) ~[?:?]
	at java.util.concurrent.ForkJoinPool$WorkQueue.topLevelExec(ForkJoinPool.java:1182) ~[?:?]
	at java.util.concurrent.ForkJoinPool.scan(ForkJoinPool.java:1655) ~[?:?]
	at java.util.concurrent.ForkJoinPool.runWorker(ForkJoinPool.java:1622) ~[?:?]
	at java.util.concurrent.ForkJoinWorkerThread.run(ForkJoinWorkerThread.java:165) ~[?:?]
Caused by: java.io.EOFException: End of input at line 1 column 1 path $
	at com.google.gson.stream.JsonReader.nextNonWhitespace(JsonReader.java:1455) ~[gson-2.10.jar%2372!/:?]
	at com.google.gson.stream.JsonReader.doPeek(JsonReader.java:558) ~[gson-2.10.jar%2372!/:?]
	at com.google.gson.stream.JsonReader.peek(JsonReader.java:433) ~[gson-2.10.jar%2372!/:?]
	at com.google.gson.internal.bind.TypeAdapters$28.read(TypeAdapters.java:769) ~[gson-2.10.jar%2372!/:?]
	at com.google.gson.internal.bind.TypeAdapters$28.read(TypeAdapters.java:725) ~[gson-2.10.jar%2372!/:?]
	at com.google.gson.internal.bind.TypeAdapters$34$1.read(TypeAdapters.java:1007) ~[gson-2.10.jar%2372!/:?]
	at net.minecraft.util.GsonHelper.m_13780_(GsonHelper.java:524) ~[server-1.20.1-20230612.114412-srg.jar%23420!/:?]
	... 13 more
[19Apr2026 02:22:06.120] [Worker-Main-2/ERROR] [net.minecraft.server.packs.resources.SimpleJsonResourceReloadListener/]: Couldn't parse data file irons_spellbooks:ice_spell_book from irons_spellbooks:recipes/ice_spell_book.json
com.google.gson.JsonParseException: java.io.EOFException: End of input at line 1 column 1 path $
	at net.minecraft.util.GsonHelper.m_13780_(GsonHelper.java:526) ~[server-1.20.1-20230612.114412-srg.jar%23420!/:?]
	at net.minecraft.util.GsonHelper.m_263475_(GsonHelper.java:531) ~[server-1.20.1-20230612.114412-srg.jar%23420!/:?]
	at net.minecraft.util.GsonHelper.m_13776_(GsonHelper.java:581) ~[server-1.20.1-20230612.114412-srg.jar%23420!/:?]
	at net.minecraft.server.packs.resources.SimpleJsonResourceReloadListener.m_278771_(SimpleJsonResourceReloadListener.java:41) ~[server-1.20.1-20230612.114412-srg.jar%23420!/:?]
	at net.minecraft.server.packs.resources.SimpleJsonResourceReloadListener.m_5944_(SimpleJsonResourceReloadListener.java:29) ~[server-1.20.1-20230612.114412-srg.jar%23420!/:?]
	at net.minecraft.server.packs.resources.SimpleJsonResourceReloadListener.m_5944_(SimpleJsonResourceReloadListener.java:17) ~[server-1.20.1-20230612.114412-srg.jar%23420!/:?]
	at net.minecraft.server.packs.resources.SimplePreparableReloadListener.m_10786_(SimplePreparableReloadListener.java:11) ~[server-1.20.1-20230612.114412-srg.jar%23420!/:?]
	at java.util.concurrent.CompletableFuture$AsyncSupply.run(CompletableFuture.java:1768) ~[?:?]
	at java.util.concurrent.CompletableFuture$AsyncSupply.exec(CompletableFuture.java:1760) ~[?:?]
	at java.util.concurrent.ForkJoinTask.doExec(ForkJoinTask.java:373) ~[?:?]
	at java.util.concurrent.ForkJoinPool$WorkQueue.topLevelExec(ForkJoinPool.java:1182) ~[?:?]
	at java.util.concurrent.ForkJoinPool.scan(ForkJoinPool.java:1655) ~[?:?]
	at java.util.concurrent.ForkJoinPool.runWorker(ForkJoinPool.java:1622) ~[?:?]
	at java.util.concurrent.ForkJoinWorkerThread.run(ForkJoinWorkerThread.java:165) ~[?:?]
Caused by: java.io.EOFException: End of input at line 1 column 1 path $
	at com.google.gson.stream.JsonReader.nextNonWhitespace(JsonReader.java:1455) ~[gson-2.10.jar%2372!/:?]
	at com.google.gson.stream.JsonReader.doPeek(JsonReader.java:558) ~[gson-2.10.jar%2372!/:?]
	at com.google.gson.stream.JsonReader.peek(JsonReader.java:433) ~[gson-2.10.jar%2372!/:?]
	at com.google.gson.internal.bind.TypeAdapters$28.read(TypeAdapters.java:769) ~[gson-2.10.jar%2372!/:?]
	at com.google.gson.internal.bind.TypeAdapters$28.read(TypeAdapters.java:725) ~[gson-2.10.jar%2372!/:?]
	at com.google.gson.internal.bind.TypeAdapters$34$1.read(TypeAdapters.java:1007) ~[gson-2.10.jar%2372!/:?]
	at net.minecraft.util.GsonHelper.m_13780_(GsonHelper.java:524) ~[server-1.20.1-20230612.114412-srg.jar%23420!/:?]
	... 13 more
[19Apr2026 02:22:06.120] [Worker-Main-2/ERROR] [net.minecraft.server.packs.resources.SimpleJsonResourceReloadListener/]: Couldn't parse data file irons_spellbooks:ice_staff from irons_spellbooks:recipes/ice_staff.json
com.google.gson.JsonParseException: java.io.EOFException: End of input at line 1 column 1 path $
	at net.minecraft.util.GsonHelper.m_13780_(GsonHelper.java:526) ~[server-1.20.1-20230612.114412-srg.jar%23420!/:?]
	at net.minecraft.util.GsonHelper.m_263475_(GsonHelper.java:531) ~[server-1.20.1-20230612.114412-srg.jar%23420!/:?]
	at net.minecraft.util.GsonHelper.m_13776_(GsonHelper.java:581) ~[server-1.20.1-20230612.114412-srg.jar%23420!/:?]
	at net.minecraft.server.packs.resources.SimpleJsonResourceReloadListener.m_278771_(SimpleJsonResourceReloadListener.java:41) ~[server-1.20.1-20230612.114412-srg.jar%23420!/:?]
	at net.minecraft.server.packs.resources.SimpleJsonResourceReloadListener.m_5944_(SimpleJsonResourceReloadListener.java:29) ~[server-1.20.1-20230612.114412-srg.jar%23420!/:?]
	at net.minecraft.server.packs.resources.SimpleJsonResourceReloadListener.m_5944_(SimpleJsonResourceReloadListener.java:17) ~[server-1.20.1-20230612.114412-srg.jar%23420!/:?]
	at net.minecraft.server.packs.resources.SimplePreparableReloadListener.m_10786_(SimplePreparableReloadListener.java:11) ~[server-1.20.1-20230612.114412-srg.jar%23420!/:?]
	at java.util.concurrent.CompletableFuture$AsyncSupply.run(CompletableFuture.java:1768) ~[?:?]
	at java.util.concurrent.CompletableFuture$AsyncSupply.exec(CompletableFuture.java:1760) ~[?:?]
	at java.util.concurrent.ForkJoinTask.doExec(ForkJoinTask.java:373) ~[?:?]
	at java.util.concurrent.ForkJoinPool$WorkQueue.topLevelExec(ForkJoinPool.java:1182) ~[?:?]
	at java.util.concurrent.ForkJoinPool.scan(ForkJoinPool.java:1655) ~[?:?]
	at java.util.concurrent.ForkJoinPool.runWorker(ForkJoinPool.java:1622) ~[?:?]
	at java.util.concurrent.ForkJoinWorkerThread.run(ForkJoinWorkerThread.java:165) ~[?:?]
Caused by: java.io.EOFException: End of input at line 1 column 1 path $
	at com.google.gson.stream.JsonReader.nextNonWhitespace(JsonReader.java:1455) ~[gson-2.10.jar%2372!/:?]
	at com.google.gson.stream.JsonReader.doPeek(JsonReader.java:558) ~[gson-2.10.jar%2372!/:?]
	at com.google.gson.stream.JsonReader.peek(JsonReader.java:433) ~[gson-2.10.jar%2372!/:?]
	at com.google.gson.internal.bind.TypeAdapters$28.read(TypeAdapters.java:769) ~[gson-2.10.jar%2372!/:?]
	at com.google.gson.internal.bind.TypeAdapters$28.read(TypeAdapters.java:725) ~[gson-2.10.jar%2372!/:?]
	at com.google.gson.internal.bind.TypeAdapters$34$1.read(TypeAdapters.java:1007) ~[gson-2.10.jar%2372!/:?]
	at net.minecraft.util.GsonHelper.m_13780_(GsonHelper.java:524) ~[server-1.20.1-20230612.114412-srg.jar%23420!/:?]
	... 13 more
[19Apr2026 02:22:06.128] [Worker-Main-2/ERROR] [net.minecraft.server.packs.resources.SimpleJsonResourceReloadListener/]: Couldn't parse data file irons_spellbooks:inscription_table from irons_spellbooks:recipes/inscription_table.json
com.google.gson.JsonParseException: java.io.EOFException: End of input at line 1 column 1 path $
	at net.minecraft.util.GsonHelper.m_13780_(GsonHelper.java:526) ~[server-1.20.1-20230612.114412-srg.jar%23420!/:?]
	at net.minecraft.util.GsonHelper.m_263475_(GsonHelper.java:531) ~[server-1.20.1-20230612.114412-srg.jar%23420!/:?]
	at net.minecraft.util.GsonHelper.m_13776_(GsonHelper.java:581) ~[server-1.20.1-20230612.114412-srg.jar%23420!/:?]
	at net.minecraft.server.packs.resources.SimpleJsonResourceReloadListener.m_278771_(SimpleJsonResourceReloadListener.java:41) ~[server-1.20.1-20230612.114412-srg.jar%23420!/:?]
	at net.minecraft.server.packs.resources.SimpleJsonResourceReloadListener.m_5944_(SimpleJsonResourceReloadListener.java:29) ~[server-1.20.1-20230612.114412-srg.jar%23420!/:?]
	at net.minecraft.server.packs.resources.SimpleJsonResourceReloadListener.m_5944_(SimpleJsonResourceReloadListener.java:17) ~[server-1.20.1-20230612.114412-srg.jar%23420!/:?]
	at net.minecraft.server.packs.resources.SimplePreparableReloadListener.m_10786_(SimplePreparableReloadListener.java:11) ~[server-1.20.1-20230612.114412-srg.jar%23420!/:?]
	at java.util.concurrent.CompletableFuture$AsyncSupply.run(CompletableFuture.java:1768) ~[?:?]
	at java.util.concurrent.CompletableFuture$AsyncSupply.exec(CompletableFuture.java:1760) ~[?:?]
	at java.util.concurrent.ForkJoinTask.doExec(ForkJoinTask.java:373) ~[?:?]
	at java.util.concurrent.ForkJoinPool$WorkQueue.topLevelExec(ForkJoinPool.java:1182) ~[?:?]
	at java.util.concurrent.ForkJoinPool.scan(ForkJoinPool.java:1655) ~[?:?]
	at java.util.concurrent.ForkJoinPool.runWorker(ForkJoinPool.java:1622) ~[?:?]
	at java.util.concurrent.ForkJoinWorkerThread.run(ForkJoinWorkerThread.java:165) ~[?:?]
Caused by: java.io.EOFException: End of input at line 1 column 1 path $
	at com.google.gson.stream.JsonReader.nextNonWhitespace(JsonReader.java:1455) ~[gson-2.10.jar%2372!/:?]
	at com.google.gson.stream.JsonReader.doPeek(JsonReader.java:558) ~[gson-2.10.jar%2372!/:?]
	at com.google.gson.stream.JsonReader.peek(JsonReader.java:433) ~[gson-2.10.jar%2372!/:?]
	at com.google.gson.internal.bind.TypeAdapters$28.read(TypeAdapters.java:769) ~[gson-2.10.jar%2372!/:?]
	at com.google.gson.internal.bind.TypeAdapters$28.read(TypeAdapters.java:725) ~[gson-2.10.jar%2372!/:?]
	at com.google.gson.internal.bind.TypeAdapters$34$1.read(TypeAdapters.java:1007) ~[gson-2.10.jar%2372!/:?]
	at net.minecraft.util.GsonHelper.m_13780_(GsonHelper.java:524) ~[server-1.20.1-20230612.114412-srg.jar%23420!/:?]
	... 13 more
[19Apr2026 02:22:06.145] [Worker-Main-2/ERROR] [net.minecraft.server.packs.resources.SimpleJsonResourceReloadListener/]: Couldn't parse data file irons_spellbooks:iron_spell_book from irons_spellbooks:recipes/iron_spell_book.json
com.google.gson.JsonParseException: java.io.EOFException: End of input at line 1 column 1 path $
	at net.minecraft.util.GsonHelper.m_13780_(GsonHelper.java:526) ~[server-1.20.1-20230612.114412-srg.jar%23420!/:?]
	at net.minecraft.util.GsonHelper.m_263475_(GsonHelper.java:531) ~[server-1.20.1-20230612.114412-srg.jar%23420!/:?]
	at net.minecraft.util.GsonHelper.m_13776_(GsonHelper.java:581) ~[server-1.20.1-20230612.114412-srg.jar%23420!/:?]
	at net.minecraft.server.packs.resources.SimpleJsonResourceReloadListener.m_278771_(SimpleJsonResourceReloadListener.java:41) ~[server-1.20.1-20230612.114412-srg.jar%23420!/:?]
	at net.minecraft.server.packs.resources.SimpleJsonResourceReloadListener.m_5944_(SimpleJsonResourceReloadListener.java:29) ~[server-1.20.1-20230612.114412-srg.jar%23420!/:?]
	at net.minecraft.server.packs.resources.SimpleJsonResourceReloadListener.m_5944_(SimpleJsonResourceReloadListener.java:17) ~[server-1.20.1-20230612.114412-srg.jar%23420!/:?]
	at net.minecraft.server.packs.resources.SimplePreparableReloadListener.m_10786_(SimplePreparableReloadListener.java:11) ~[server-1.20.1-20230612.114412-srg.jar%23420!/:?]
	at java.util.concurrent.CompletableFuture$AsyncSupply.run(CompletableFuture.java:1768) ~[?:?]
	at java.util.concurrent.CompletableFuture$AsyncSupply.exec(CompletableFuture.java:1760) ~[?:?]
	at java.util.concurrent.ForkJoinTask.doExec(ForkJoinTask.java:373) ~[?:?]
	at java.util.concurrent.ForkJoinPool$WorkQueue.topLevelExec(ForkJoinPool.java:1182) ~[?:?]
	at java.util.concurrent.ForkJoinPool.scan(ForkJoinPool.java:1655) ~[?:?]
	at java.util.concurrent.ForkJoinPool.runWorker(ForkJoinPool.java:1622) ~[?:?]
	at java.util.concurrent.ForkJoinWorkerThread.run(ForkJoinWorkerThread.java:165) ~[?:?]
Caused by: java.io.EOFException: End of input at line 1 column 1 path $
	at com.google.gson.stream.JsonReader.nextNonWhitespace(JsonReader.java:1455) ~[gson-2.10.jar%2372!/:?]
	at com.google.gson.stream.JsonReader.doPeek(JsonReader.java:558) ~[gson-2.10.jar%2372!/:?]
	at com.google.gson.stream.JsonReader.peek(JsonReader.java:433) ~[gson-2.10.jar%2372!/:?]
	at com.google.gson.internal.bind.TypeAdapters$28.read(TypeAdapters.java:769) ~[gson-2.10.jar%2372!/:?]
	at com.google.gson.internal.bind.TypeAdapters$28.read(TypeAdapters.java:725) ~[gson-2.10.jar%2372!/:?]
	at com.google.gson.internal.bind.TypeAdapters$34$1.read(TypeAdapters.java:1007) ~[gson-2.10.jar%2372!/:?]
	at net.minecraft.util.GsonHelper.m_13780_(GsonHelper.java:524) ~[server-1.20.1-20230612.114412-srg.jar%23420!/:?]
	... 13 more
[19Apr2026 02:22:06.167] [Worker-Main-2/ERROR] [net.minecraft.server.packs.resources.SimpleJsonResourceReloadListener/]: Couldn't parse data file efn:kusabimaru from efn:recipes/kusabimaru.json
com.google.gson.JsonParseException: java.io.EOFException: End of input at line 1 column 1 path $
	at net.minecraft.util.GsonHelper.m_13780_(GsonHelper.java:526) ~[server-1.20.1-20230612.114412-srg.jar%23420!/:?]
	at net.minecraft.util.GsonHelper.m_263475_(GsonHelper.java:531) ~[server-1.20.1-20230612.114412-srg.jar%23420!/:?]
	at net.minecraft.util.GsonHelper.m_13776_(GsonHelper.java:581) ~[server-1.20.1-20230612.114412-srg.jar%23420!/:?]
	at net.minecraft.server.packs.resources.SimpleJsonResourceReloadListener.m_278771_(SimpleJsonResourceReloadListener.java:41) ~[server-1.20.1-20230612.114412-srg.jar%23420!/:?]
	at net.minecraft.server.packs.resources.SimpleJsonResourceReloadListener.m_5944_(SimpleJsonResourceReloadListener.java:29) ~[server-1.20.1-20230612.114412-srg.jar%23420!/:?]
	at net.minecraft.server.packs.resources.SimpleJsonResourceReloadListener.m_5944_(SimpleJsonResourceReloadListener.java:17) ~[server-1.20.1-20230612.114412-srg.jar%23420!/:?]
	at net.minecraft.server.packs.resources.SimplePreparableReloadListener.m_10786_(SimplePreparableReloadListener.java:11) ~[server-1.20.1-20230612.114412-srg.jar%23420!/:?]
	at java.util.concurrent.CompletableFuture$AsyncSupply.run(CompletableFuture.java:1768) ~[?:?]
	at java.util.concurrent.CompletableFuture$AsyncSupply.exec(CompletableFuture.java:1760) ~[?:?]
	at java.util.concurrent.ForkJoinTask.doExec(ForkJoinTask.java:373) ~[?:?]
	at java.util.concurrent.ForkJoinPool$WorkQueue.topLevelExec(ForkJoinPool.java:1182) ~[?:?]
	at java.util.concurrent.ForkJoinPool.scan(ForkJoinPool.java:1655) ~[?:?]
	at java.util.concurrent.ForkJoinPool.runWorker(ForkJoinPool.java:1622) ~[?:?]
	at java.util.concurrent.ForkJoinWorkerThread.run(ForkJoinWorkerThread.java:165) ~[?:?]
Caused by: java.io.EOFException: End of input at line 1 column 1 path $
	at com.google.gson.stream.JsonReader.nextNonWhitespace(JsonReader.java:1455) ~[gson-2.10.jar%2372!/:?]
	at com.google.gson.stream.JsonReader.doPeek(JsonReader.java:558) ~[gson-2.10.jar%2372!/:?]
	at com.google.gson.stream.JsonReader.peek(JsonReader.java:433) ~[gson-2.10.jar%2372!/:?]
	at com.google.gson.internal.bind.TypeAdapters$28.read(TypeAdapters.java:769) ~[gson-2.10.jar%2372!/:?]
	at com.google.gson.internal.bind.TypeAdapters$28.read(TypeAdapters.java:725) ~[gson-2.10.jar%2372!/:?]
	at com.google.gson.internal.bind.TypeAdapters$34$1.read(TypeAdapters.java:1007) ~[gson-2.10.jar%2372!/:?]
	at net.minecraft.util.GsonHelper.m_13780_(GsonHelper.java:524) ~[server-1.20.1-20230612.114412-srg.jar%23420!/:?]
	... 13 more
[19Apr2026 02:22:06.169] [Worker-Main-2/ERROR] [net.minecraft.server.packs.resources.SimpleJsonResourceReloadListener/]: Couldn't parse data file cataclysm:laser_gatling from cataclysm:recipes/laser_gatling.json
com.google.gson.JsonParseException: java.io.EOFException: End of input at line 1 column 1 path $
	at net.minecraft.util.GsonHelper.m_13780_(GsonHelper.java:526) ~[server-1.20.1-20230612.114412-srg.jar%23420!/:?]
	at net.minecraft.util.GsonHelper.m_263475_(GsonHelper.java:531) ~[server-1.20.1-20230612.114412-srg.jar%23420!/:?]
	at net.minecraft.util.GsonHelper.m_13776_(GsonHelper.java:581) ~[server-1.20.1-20230612.114412-srg.jar%23420!/:?]
	at net.minecraft.server.packs.resources.SimpleJsonResourceReloadListener.m_278771_(SimpleJsonResourceReloadListener.java:41) ~[server-1.20.1-20230612.114412-srg.jar%23420!/:?]
	at net.minecraft.server.packs.resources.SimpleJsonResourceReloadListener.m_5944_(SimpleJsonResourceReloadListener.java:29) ~[server-1.20.1-20230612.114412-srg.jar%23420!/:?]
	at net.minecraft.server.packs.resources.SimpleJsonResourceReloadListener.m_5944_(SimpleJsonResourceReloadListener.java:17) ~[server-1.20.1-20230612.114412-srg.jar%23420!/:?]
	at net.minecraft.server.packs.resources.SimplePreparableReloadListener.m_10786_(SimplePreparableReloadListener.java:11) ~[server-1.20.1-20230612.114412-srg.jar%23420!/:?]
	at java.util.concurrent.CompletableFuture$AsyncSupply.run(CompletableFuture.java:1768) ~[?:?]
	at java.util.concurrent.CompletableFuture$AsyncSupply.exec(CompletableFuture.java:1760) ~[?:?]
	at java.util.concurrent.ForkJoinTask.doExec(ForkJoinTask.java:373) ~[?:?]
	at java.util.concurrent.ForkJoinPool$WorkQueue.topLevelExec(ForkJoinPool.java:1182) ~[?:?]
	at java.util.concurrent.ForkJoinPool.scan(ForkJoinPool.java:1655) ~[?:?]
	at java.util.concurrent.ForkJoinPool.runWorker(ForkJoinPool.java:1622) ~[?:?]
	at java.util.concurrent.ForkJoinWorkerThread.run(ForkJoinWorkerThread.java:165) ~[?:?]
Caused by: java.io.EOFException: End of input at line 1 column 1 path $
	at com.google.gson.stream.JsonReader.nextNonWhitespace(JsonReader.java:1455) ~[gson-2.10.jar%2372!/:?]
	at com.google.gson.stream.JsonReader.doPeek(JsonReader.java:558) ~[gson-2.10.jar%2372!/:?]
	at com.google.gson.stream.JsonReader.peek(JsonReader.java:433) ~[gson-2.10.jar%2372!/:?]
	at com.google.gson.internal.bind.TypeAdapters$28.read(TypeAdapters.java:769) ~[gson-2.10.jar%2372!/:?]
	at com.google.gson.internal.bind.TypeAdapters$28.read(TypeAdapters.java:725) ~[gson-2.10.jar%2372!/:?]
	at com.google.gson.internal.bind.TypeAdapters$34$1.read(TypeAdapters.java:1007) ~[gson-2.10.jar%2372!/:?]
	at net.minecraft.util.GsonHelper.m_13780_(GsonHelper.java:524) ~[server-1.20.1-20230612.114412-srg.jar%23420!/:?]
	... 13 more
[19Apr2026 02:22:06.172] [Worker-Main-2/ERROR] [net.minecraft.server.packs.resources.SimpleJsonResourceReloadListener/]: Couldn't parse data file irons_spellbooks:legionnaire_flamberge_repair from irons_spellbooks:recipes/legionnaire_flamberge_repair.json
com.google.gson.JsonParseException: java.io.EOFException: End of input at line 1 column 1 path $
	at net.minecraft.util.GsonHelper.m_13780_(GsonHelper.java:526) ~[server-1.20.1-20230612.114412-srg.jar%23420!/:?]
	at net.minecraft.util.GsonHelper.m_263475_(GsonHelper.java:531) ~[server-1.20.1-20230612.114412-srg.jar%23420!/:?]
	at net.minecraft.util.GsonHelper.m_13776_(GsonHelper.java:581) ~[server-1.20.1-20230612.114412-srg.jar%23420!/:?]
	at net.minecraft.server.packs.resources.SimpleJsonResourceReloadListener.m_278771_(SimpleJsonResourceReloadListener.java:41) ~[server-1.20.1-20230612.114412-srg.jar%23420!/:?]
	at net.minecraft.server.packs.resources.SimpleJsonResourceReloadListener.m_5944_(SimpleJsonResourceReloadListener.java:29) ~[server-1.20.1-20230612.114412-srg.jar%23420!/:?]
	at net.minecraft.server.packs.resources.SimpleJsonResourceReloadListener.m_5944_(SimpleJsonResourceReloadListener.java:17) ~[server-1.20.1-20230612.114412-srg.jar%23420!/:?]
	at net.minecraft.server.packs.resources.SimplePreparableReloadListener.m_10786_(SimplePreparableReloadListener.java:11) ~[server-1.20.1-20230612.114412-srg.jar%23420!/:?]
	at java.util.concurrent.CompletableFuture$AsyncSupply.run(CompletableFuture.java:1768) ~[?:?]
	at java.util.concurrent.CompletableFuture$AsyncSupply.exec(CompletableFuture.java:1760) ~[?:?]
	at java.util.concurrent.ForkJoinTask.doExec(ForkJoinTask.java:373) ~[?:?]
	at java.util.concurrent.ForkJoinPool$WorkQueue.topLevelExec(ForkJoinPool.java:1182) ~[?:?]
	at java.util.concurrent.ForkJoinPool.scan(ForkJoinPool.java:1655) ~[?:?]
	at java.util.concurrent.ForkJoinPool.runWorker(ForkJoinPool.java:1622) ~[?:?]
	at java.util.concurrent.ForkJoinWorkerThread.run(ForkJoinWorkerThread.java:165) ~[?:?]
Caused by: java.io.EOFException: End of input at line 1 column 1 path $
	at com.google.gson.stream.JsonReader.nextNonWhitespace(JsonReader.java:1455) ~[gson-2.10.jar%2372!/:?]
	at com.google.gson.stream.JsonReader.doPeek(JsonReader.java:558) ~[gson-2.10.jar%2372!/:?]
	at com.google.gson.stream.JsonReader.peek(JsonReader.java:433) ~[gson-2.10.jar%2372!/:?]
	at com.google.gson.internal.bind.TypeAdapters$28.read(TypeAdapters.java:769) ~[gson-2.10.jar%2372!/:?]
	at com.google.gson.internal.bind.TypeAdapters$28.read(TypeAdapters.java:725) ~[gson-2.10.jar%2372!/:?]
	at com.google.gson.internal.bind.TypeAdapters$34$1.read(TypeAdapters.java:1007) ~[gson-2.10.jar%2372!/:?]
	at net.minecraft.util.GsonHelper.m_13780_(GsonHelper.java:524) ~[server-1.20.1-20230612.114412-srg.jar%23420!/:?]
	... 13 more
[19Apr2026 02:22:06.186] [Worker-Main-2/ERROR] [net.minecraft.server.packs.resources.SimpleJsonResourceReloadListener/]: Couldn't parse data file cataclysm:meat_shredder from cataclysm:recipes/meat_shredder.json
com.google.gson.JsonParseException: java.io.EOFException: End of input at line 1 column 1 path $
	at net.minecraft.util.GsonHelper.m_13780_(GsonHelper.java:526) ~[server-1.20.1-20230612.114412-srg.jar%23420!/:?]
	at net.minecraft.util.GsonHelper.m_263475_(GsonHelper.java:531) ~[server-1.20.1-20230612.114412-srg.jar%23420!/:?]
	at net.minecraft.util.GsonHelper.m_13776_(GsonHelper.java:581) ~[server-1.20.1-20230612.114412-srg.jar%23420!/:?]
	at net.minecraft.server.packs.resources.SimpleJsonResourceReloadListener.m_278771_(SimpleJsonResourceReloadListener.java:41) ~[server-1.20.1-20230612.114412-srg.jar%23420!/:?]
	at net.minecraft.server.packs.resources.SimpleJsonResourceReloadListener.m_5944_(SimpleJsonResourceReloadListener.java:29) ~[server-1.20.1-20230612.114412-srg.jar%23420!/:?]
	at net.minecraft.server.packs.resources.SimpleJsonResourceReloadListener.m_5944_(SimpleJsonResourceReloadListener.java:17) ~[server-1.20.1-20230612.114412-srg.jar%23420!/:?]
	at net.minecraft.server.packs.resources.SimplePreparableReloadListener.m_10786_(SimplePreparableReloadListener.java:11) ~[server-1.20.1-20230612.114412-srg.jar%23420!/:?]
	at java.util.concurrent.CompletableFuture$AsyncSupply.run(CompletableFuture.java:1768) ~[?:?]
	at java.util.concurrent.CompletableFuture$AsyncSupply.exec(CompletableFuture.java:1760) ~[?:?]
	at java.util.concurrent.ForkJoinTask.doExec(ForkJoinTask.java:373) ~[?:?]
	at java.util.concurrent.ForkJoinPool$WorkQueue.topLevelExec(ForkJoinPool.java:1182) ~[?:?]
	at java.util.concurrent.ForkJoinPool.scan(ForkJoinPool.java:1655) ~[?:?]
	at java.util.concurrent.ForkJoinPool.runWorker(ForkJoinPool.java:1622) ~[?:?]
	at java.util.concurrent.ForkJoinWorkerThread.run(ForkJoinWorkerThread.java:165) ~[?:?]
Caused by: java.io.EOFException: End of input at line 1 column 1 path $
	at com.google.gson.stream.JsonReader.nextNonWhitespace(JsonReader.java:1455) ~[gson-2.10.jar%2372!/:?]
	at com.google.gson.stream.JsonReader.doPeek(JsonReader.java:558) ~[gson-2.10.jar%2372!/:?]
	at com.google.gson.stream.JsonReader.peek(JsonReader.java:433) ~[gson-2.10.jar%2372!/:?]
	at com.google.gson.internal.bind.TypeAdapters$28.read(TypeAdapters.java:769) ~[gson-2.10.jar%2372!/:?]
	at com.google.gson.internal.bind.TypeAdapters$28.read(TypeAdapters.java:725) ~[gson-2.10.jar%2372!/:?]
	at com.google.gson.internal.bind.TypeAdapters$34$1.read(TypeAdapters.java:1007) ~[gson-2.10.jar%2372!/:?]
	at net.minecraft.util.GsonHelper.m_13780_(GsonHelper.java:524) ~[server-1.20.1-20230612.114412-srg.jar%23420!/:?]
	... 13 more
[19Apr2026 02:22:06.187] [Worker-Main-2/ERROR] [net.minecraft.server.packs.resources.SimpleJsonResourceReloadListener/]: Couldn't parse data file efn:meen_spear from efn:recipes/meen_spear.json
com.google.gson.JsonParseException: java.io.EOFException: End of input at line 1 column 1 path $
	at net.minecraft.util.GsonHelper.m_13780_(GsonHelper.java:526) ~[server-1.20.1-20230612.114412-srg.jar%23420!/:?]
	at net.minecraft.util.GsonHelper.m_263475_(GsonHelper.java:531) ~[server-1.20.1-20230612.114412-srg.jar%23420!/:?]
	at net.minecraft.util.GsonHelper.m_13776_(GsonHelper.java:581) ~[server-1.20.1-20230612.114412-srg.jar%23420!/:?]
	at net.minecraft.server.packs.resources.SimpleJsonResourceReloadListener.m_278771_(SimpleJsonResourceReloadListener.java:41) ~[server-1.20.1-20230612.114412-srg.jar%23420!/:?]
	at net.minecraft.server.packs.resources.SimpleJsonResourceReloadListener.m_5944_(SimpleJsonResourceReloadListener.java:29) ~[server-1.20.1-20230612.114412-srg.jar%23420!/:?]
	at net.minecraft.server.packs.resources.SimpleJsonResourceReloadListener.m_5944_(SimpleJsonResourceReloadListener.java:17) ~[server-1.20.1-20230612.114412-srg.jar%23420!/:?]
	at net.minecraft.server.packs.resources.SimplePreparableReloadListener.m_10786_(SimplePreparableReloadListener.java:11) ~[server-1.20.1-20230612.114412-srg.jar%23420!/:?]
	at java.util.concurrent.CompletableFuture$AsyncSupply.run(CompletableFuture.java:1768) ~[?:?]
	at java.util.concurrent.CompletableFuture$AsyncSupply.exec(CompletableFuture.java:1760) ~[?:?]
	at java.util.concurrent.ForkJoinTask.doExec(ForkJoinTask.java:373) ~[?:?]
	at java.util.concurrent.ForkJoinPool$WorkQueue.topLevelExec(ForkJoinPool.java:1182) ~[?:?]
	at java.util.concurrent.ForkJoinPool.scan(ForkJoinPool.java:1655) ~[?:?]
	at java.util.concurrent.ForkJoinPool.runWorker(ForkJoinPool.java:1622) ~[?:?]
	at java.util.concurrent.ForkJoinWorkerThread.run(ForkJoinWorkerThread.java:165) ~[?:?]
Caused by: java.io.EOFException: End of input at line 1 column 1 path $
	at com.google.gson.stream.JsonReader.nextNonWhitespace(JsonReader.java:1455) ~[gson-2.10.jar%2372!/:?]
	at com.google.gson.stream.JsonReader.doPeek(JsonReader.java:558) ~[gson-2.10.jar%2372!/:?]
	at com.google.gson.stream.JsonReader.peek(JsonReader.java:433) ~[gson-2.10.jar%2372!/:?]
	at com.google.gson.internal.bind.TypeAdapters$28.read(TypeAdapters.java:769) ~[gson-2.10.jar%2372!/:?]
	at com.google.gson.internal.bind.TypeAdapters$28.read(TypeAdapters.java:725) ~[gson-2.10.jar%2372!/:?]
	at com.google.gson.internal.bind.TypeAdapters$34$1.read(TypeAdapters.java:1007) ~[gson-2.10.jar%2372!/:?]
	at net.minecraft.util.GsonHelper.m_13780_(GsonHelper.java:524) ~[server-1.20.1-20230612.114412-srg.jar%23420!/:?]
	... 13 more
[19Apr2026 02:22:06.192] [Worker-Main-2/ERROR] [net.minecraft.server.packs.resources.SimpleJsonResourceReloadListener/]: Couldn't parse data file efn:mortal_blade from efn:recipes/mortal_blade.json
com.google.gson.JsonParseException: java.io.EOFException: End of input at line 1 column 1 path $
	at net.minecraft.util.GsonHelper.m_13780_(GsonHelper.java:526) ~[server-1.20.1-20230612.114412-srg.jar%23420!/:?]
	at net.minecraft.util.GsonHelper.m_263475_(GsonHelper.java:531) ~[server-1.20.1-20230612.114412-srg.jar%23420!/:?]
	at net.minecraft.util.GsonHelper.m_13776_(GsonHelper.java:581) ~[server-1.20.1-20230612.114412-srg.jar%23420!/:?]
	at net.minecraft.server.packs.resources.SimpleJsonResourceReloadListener.m_278771_(SimpleJsonResourceReloadListener.java:41) ~[server-1.20.1-20230612.114412-srg.jar%23420!/:?]
	at net.minecraft.server.packs.resources.SimpleJsonResourceReloadListener.m_5944_(SimpleJsonResourceReloadListener.java:29) ~[server-1.20.1-20230612.114412-srg.jar%23420!/:?]
	at net.minecraft.server.packs.resources.SimpleJsonResourceReloadListener.m_5944_(SimpleJsonResourceReloadListener.java:17) ~[server-1.20.1-20230612.114412-srg.jar%23420!/:?]
	at net.minecraft.server.packs.resources.SimplePreparableReloadListener.m_10786_(SimplePreparableReloadListener.java:11) ~[server-1.20.1-20230612.114412-srg.jar%23420!/:?]
	at java.util.concurrent.CompletableFuture$AsyncSupply.run(CompletableFuture.java:1768) ~[?:?]
	at java.util.concurrent.CompletableFuture$AsyncSupply.exec(CompletableFuture.java:1760) ~[?:?]
	at java.util.concurrent.ForkJoinTask.doExec(ForkJoinTask.java:373) ~[?:?]
	at java.util.concurrent.ForkJoinPool$WorkQueue.topLevelExec(ForkJoinPool.java:1182) ~[?:?]
	at java.util.concurrent.ForkJoinPool.scan(ForkJoinPool.java:1655) ~[?:?]
	at java.util.concurrent.ForkJoinPool.runWorker(ForkJoinPool.java:1622) ~[?:?]
	at java.util.concurrent.ForkJoinWorkerThread.run(ForkJoinWorkerThread.java:165) ~[?:?]
Caused by: java.io.EOFException: End of input at line 1 column 1 path $
	at com.google.gson.stream.JsonReader.nextNonWhitespace(JsonReader.java:1455) ~[gson-2.10.jar%2372!/:?]
	at com.google.gson.stream.JsonReader.doPeek(JsonReader.java:558) ~[gson-2.10.jar%2372!/:?]
	at com.google.gson.stream.JsonReader.peek(JsonReader.java:433) ~[gson-2.10.jar%2372!/:?]
	at com.google.gson.internal.bind.TypeAdapters$28.read(TypeAdapters.java:769) ~[gson-2.10.jar%2372!/:?]
	at com.google.gson.internal.bind.TypeAdapters$28.read(TypeAdapters.java:725) ~[gson-2.10.jar%2372!/:?]
	at com.google.gson.internal.bind.TypeAdapters$34$1.read(TypeAdapters.java:1007) ~[gson-2.10.jar%2372!/:?]
	at net.minecraft.util.GsonHelper.m_13780_(GsonHelper.java:524) ~[server-1.20.1-20230612.114412-srg.jar%23420!/:?]
	... 13 more
[19Apr2026 02:22:06.193] [Worker-Main-2/ERROR] [net.minecraft.server.packs.resources.SimpleJsonResourceReloadListener/]: Couldn't parse data file p1nero_bow:mortis_bow from p1nero_bow:recipes/mortis_bow.json
com.google.gson.JsonParseException: java.io.EOFException: End of input at line 1 column 1 path $
	at net.minecraft.util.GsonHelper.m_13780_(GsonHelper.java:526) ~[server-1.20.1-20230612.114412-srg.jar%23420!/:?]
	at net.minecraft.util.GsonHelper.m_263475_(GsonHelper.java:531) ~[server-1.20.1-20230612.114412-srg.jar%23420!/:?]
	at net.minecraft.util.GsonHelper.m_13776_(GsonHelper.java:581) ~[server-1.20.1-20230612.114412-srg.jar%23420!/:?]
	at net.minecraft.server.packs.resources.SimpleJsonResourceReloadListener.m_278771_(SimpleJsonResourceReloadListener.java:41) ~[server-1.20.1-20230612.114412-srg.jar%23420!/:?]
	at net.minecraft.server.packs.resources.SimpleJsonResourceReloadListener.m_5944_(SimpleJsonResourceReloadListener.java:29) ~[server-1.20.1-20230612.114412-srg.jar%23420!/:?]
	at net.minecraft.server.packs.resources.SimpleJsonResourceReloadListener.m_5944_(SimpleJsonResourceReloadListener.java:17) ~[server-1.20.1-20230612.114412-srg.jar%23420!/:?]
	at net.minecraft.server.packs.resources.SimplePreparableReloadListener.m_10786_(SimplePreparableReloadListener.java:11) ~[server-1.20.1-20230612.114412-srg.jar%23420!/:?]
	at java.util.concurrent.CompletableFuture$AsyncSupply.run(CompletableFuture.java:1768) ~[?:?]
	at java.util.concurrent.CompletableFuture$AsyncSupply.exec(CompletableFuture.java:1760) ~[?:?]
	at java.util.concurrent.ForkJoinTask.doExec(ForkJoinTask.java:373) ~[?:?]
	at java.util.concurrent.ForkJoinPool$WorkQueue.topLevelExec(ForkJoinPool.java:1182) ~[?:?]
	at java.util.concurrent.ForkJoinPool.scan(ForkJoinPool.java:1655) ~[?:?]
	at java.util.concurrent.ForkJoinPool.runWorker(ForkJoinPool.java:1622) ~[?:?]
	at java.util.concurrent.ForkJoinWorkerThread.run(ForkJoinWorkerThread.java:165) ~[?:?]
Caused by: java.io.EOFException: End of input at line 1 column 1 path $
	at com.google.gson.stream.JsonReader.nextNonWhitespace(JsonReader.java:1455) ~[gson-2.10.jar%2372!/:?]
	at com.google.gson.stream.JsonReader.doPeek(JsonReader.java:558) ~[gson-2.10.jar%2372!/:?]
	at com.google.gson.stream.JsonReader.peek(JsonReader.java:433) ~[gson-2.10.jar%2372!/:?]
	at com.google.gson.internal.bind.TypeAdapters$28.read(TypeAdapters.java:769) ~[gson-2.10.jar%2372!/:?]
	at com.google.gson.internal.bind.TypeAdapters$28.read(TypeAdapters.java:725) ~[gson-2.10.jar%2372!/:?]
	at com.google.gson.internal.bind.TypeAdapters$34$1.read(TypeAdapters.java:1007) ~[gson-2.10.jar%2372!/:?]
	at net.minecraft.util.GsonHelper.m_13780_(GsonHelper.java:524) ~[server-1.20.1-20230612.114412-srg.jar%23420!/:?]
	... 13 more
[19Apr2026 02:22:06.217] [Worker-Main-2/ERROR] [net.minecraft.server.packs.resources.SimpleJsonResourceReloadListener/]: Couldn't parse data file cataclysm_spellbooks:murasama from cataclysm_spellbooks:recipes/murasama.json
com.google.gson.JsonParseException: java.io.EOFException: End of input at line 1 column 1 path $
	at net.minecraft.util.GsonHelper.m_13780_(GsonHelper.java:526) ~[server-1.20.1-20230612.114412-srg.jar%23420!/:?]
	at net.minecraft.util.GsonHelper.m_263475_(GsonHelper.java:531) ~[server-1.20.1-20230612.114412-srg.jar%23420!/:?]
	at net.minecraft.util.GsonHelper.m_13776_(GsonHelper.java:581) ~[server-1.20.1-20230612.114412-srg.jar%23420!/:?]
	at net.minecraft.server.packs.resources.SimpleJsonResourceReloadListener.m_278771_(SimpleJsonResourceReloadListener.java:41) ~[server-1.20.1-20230612.114412-srg.jar%23420!/:?]
	at net.minecraft.server.packs.resources.SimpleJsonResourceReloadListener.m_5944_(SimpleJsonResourceReloadListener.java:29) ~[server-1.20.1-20230612.114412-srg.jar%23420!/:?]
	at net.minecraft.server.packs.resources.SimpleJsonResourceReloadListener.m_5944_(SimpleJsonResourceReloadListener.java:17) ~[server-1.20.1-20230612.114412-srg.jar%23420!/:?]
	at net.minecraft.server.packs.resources.SimplePreparableReloadListener.m_10786_(SimplePreparableReloadListener.java:11) ~[server-1.20.1-20230612.114412-srg.jar%23420!/:?]
	at java.util.concurrent.CompletableFuture$AsyncSupply.run(CompletableFuture.java:1768) ~[?:?]
	at java.util.concurrent.CompletableFuture$AsyncSupply.exec(CompletableFuture.java:1760) ~[?:?]
	at java.util.concurrent.ForkJoinTask.doExec(ForkJoinTask.java:373) ~[?:?]
	at java.util.concurrent.ForkJoinPool$WorkQueue.topLevelExec(ForkJoinPool.java:1182) ~[?:?]
	at java.util.concurrent.ForkJoinPool.scan(ForkJoinPool.java:1655) ~[?:?]
	at java.util.concurrent.ForkJoinPool.runWorker(ForkJoinPool.java:1622) ~[?:?]
	at java.util.concurrent.ForkJoinWorkerThread.run(ForkJoinWorkerThread.java:165) ~[?:?]
Caused by: java.io.EOFException: End of input at line 1 column 1 path $
	at com.google.gson.stream.JsonReader.nextNonWhitespace(JsonReader.java:1455) ~[gson-2.10.jar%2372!/:?]
	at com.google.gson.stream.JsonReader.doPeek(JsonReader.java:558) ~[gson-2.10.jar%2372!/:?]
	at com.google.gson.stream.JsonReader.peek(JsonReader.java:433) ~[gson-2.10.jar%2372!/:?]
	at com.google.gson.internal.bind.TypeAdapters$28.read(TypeAdapters.java:769) ~[gson-2.10.jar%2372!/:?]
	at com.google.gson.internal.bind.TypeAdapters$28.read(TypeAdapters.java:725) ~[gson-2.10.jar%2372!/:?]
	at com.google.gson.internal.bind.TypeAdapters$34$1.read(TypeAdapters.java:1007) ~[gson-2.10.jar%2372!/:?]
	at net.minecraft.util.GsonHelper.m_13780_(GsonHelper.java:524) ~[server-1.20.1-20230612.114412-srg.jar%23420!/:?]
	... 13 more
[19Apr2026 02:22:06.237] [Worker-Main-2/ERROR] [net.minecraft.server.packs.resources.SimpleJsonResourceReloadListener/]: Couldn't parse data file irons_spellbooks:netherite_spell_book from irons_spellbooks:recipes/netherite_spell_book.json
com.google.gson.JsonParseException: java.io.EOFException: End of input at line 1 column 1 path $
	at net.minecraft.util.GsonHelper.m_13780_(GsonHelper.java:526) ~[server-1.20.1-20230612.114412-srg.jar%23420!/:?]
	at net.minecraft.util.GsonHelper.m_263475_(GsonHelper.java:531) ~[server-1.20.1-20230612.114412-srg.jar%23420!/:?]
	at net.minecraft.util.GsonHelper.m_13776_(GsonHelper.java:581) ~[server-1.20.1-20230612.114412-srg.jar%23420!/:?]
	at net.minecraft.server.packs.resources.SimpleJsonResourceReloadListener.m_278771_(SimpleJsonResourceReloadListener.java:41) ~[server-1.20.1-20230612.114412-srg.jar%23420!/:?]
	at net.minecraft.server.packs.resources.SimpleJsonResourceReloadListener.m_5944_(SimpleJsonResourceReloadListener.java:29) ~[server-1.20.1-20230612.114412-srg.jar%23420!/:?]
	at net.minecraft.server.packs.resources.SimpleJsonResourceReloadListener.m_5944_(SimpleJsonResourceReloadListener.java:17) ~[server-1.20.1-20230612.114412-srg.jar%23420!/:?]
	at net.minecraft.server.packs.resources.SimplePreparableReloadListener.m_10786_(SimplePreparableReloadListener.java:11) ~[server-1.20.1-20230612.114412-srg.jar%23420!/:?]
	at java.util.concurrent.CompletableFuture$AsyncSupply.run(CompletableFuture.java:1768) ~[?:?]
	at java.util.concurrent.CompletableFuture$AsyncSupply.exec(CompletableFuture.java:1760) ~[?:?]
	at java.util.concurrent.ForkJoinTask.doExec(ForkJoinTask.java:373) ~[?:?]
	at java.util.concurrent.ForkJoinPool$WorkQueue.topLevelExec(ForkJoinPool.java:1182) ~[?:?]
	at java.util.concurrent.ForkJoinPool.scan(ForkJoinPool.java:1655) ~[?:?]
	at java.util.concurrent.ForkJoinPool.runWorker(ForkJoinPool.java:1622) ~[?:?]
	at java.util.concurrent.ForkJoinWorkerThread.run(ForkJoinWorkerThread.java:165) ~[?:?]
Caused by: java.io.EOFException: End of input at line 1 column 1 path $
	at com.google.gson.stream.JsonReader.nextNonWhitespace(JsonReader.java:1455) ~[gson-2.10.jar%2372!/:?]
	at com.google.gson.stream.JsonReader.doPeek(JsonReader.java:558) ~[gson-2.10.jar%2372!/:?]
	at com.google.gson.stream.JsonReader.peek(JsonReader.java:433) ~[gson-2.10.jar%2372!/:?]
	at com.google.gson.internal.bind.TypeAdapters$28.read(TypeAdapters.java:769) ~[gson-2.10.jar%2372!/:?]
	at com.google.gson.internal.bind.TypeAdapters$28.read(TypeAdapters.java:725) ~[gson-2.10.jar%2372!/:?]
	at com.google.gson.internal.bind.TypeAdapters$34$1.read(TypeAdapters.java:1007) ~[gson-2.10.jar%2372!/:?]
	at net.minecraft.util.GsonHelper.m_13780_(GsonHelper.java:524) ~[server-1.20.1-20230612.114412-srg.jar%23420!/:?]
	... 13 more
[19Apr2026 02:22:06.238] [Worker-Main-2/ERROR] [net.minecraft.server.packs.resources.SimpleJsonResourceReloadListener/]: Couldn't parse data file efn:nf_claw from efn:recipes/nf_claw.json
com.google.gson.JsonParseException: java.io.EOFException: End of input at line 1 column 1 path $
	at net.minecraft.util.GsonHelper.m_13780_(GsonHelper.java:526) ~[server-1.20.1-20230612.114412-srg.jar%23420!/:?]
	at net.minecraft.util.GsonHelper.m_263475_(GsonHelper.java:531) ~[server-1.20.1-20230612.114412-srg.jar%23420!/:?]
	at net.minecraft.util.GsonHelper.m_13776_(GsonHelper.java:581) ~[server-1.20.1-20230612.114412-srg.jar%23420!/:?]
	at net.minecraft.server.packs.resources.SimpleJsonResourceReloadListener.m_278771_(SimpleJsonResourceReloadListener.java:41) ~[server-1.20.1-20230612.114412-srg.jar%23420!/:?]
	at net.minecraft.server.packs.resources.SimpleJsonResourceReloadListener.m_5944_(SimpleJsonResourceReloadListener.java:29) ~[server-1.20.1-20230612.114412-srg.jar%23420!/:?]
	at net.minecraft.server.packs.resources.SimpleJsonResourceReloadListener.m_5944_(SimpleJsonResourceReloadListener.java:17) ~[server-1.20.1-20230612.114412-srg.jar%23420!/:?]
	at net.minecraft.server.packs.resources.SimplePreparableReloadListener.m_10786_(SimplePreparableReloadListener.java:11) ~[server-1.20.1-20230612.114412-srg.jar%23420!/:?]
	at java.util.concurrent.CompletableFuture$AsyncSupply.run(CompletableFuture.java:1768) ~[?:?]
	at java.util.concurrent.CompletableFuture$AsyncSupply.exec(CompletableFuture.java:1760) ~[?:?]
	at java.util.concurrent.ForkJoinTask.doExec(ForkJoinTask.java:373) ~[?:?]
	at java.util.concurrent.ForkJoinPool$WorkQueue.topLevelExec(ForkJoinPool.java:1182) ~[?:?]
	at java.util.concurrent.ForkJoinPool.scan(ForkJoinPool.java:1655) ~[?:?]
	at java.util.concurrent.ForkJoinPool.runWorker(ForkJoinPool.java:1622) ~[?:?]
	at java.util.concurrent.ForkJoinWorkerThread.run(ForkJoinWorkerThread.java:165) ~[?:?]
Caused by: java.io.EOFException: End of input at line 1 column 1 path $
	at com.google.gson.stream.JsonReader.nextNonWhitespace(JsonReader.java:1455) ~[gson-2.10.jar%2372!/:?]
	at com.google.gson.stream.JsonReader.doPeek(JsonReader.java:558) ~[gson-2.10.jar%2372!/:?]
	at com.google.gson.stream.JsonReader.peek(JsonReader.java:433) ~[gson-2.10.jar%2372!/:?]
	at com.google.gson.internal.bind.TypeAdapters$28.read(TypeAdapters.java:769) ~[gson-2.10.jar%2372!/:?]
	at com.google.gson.internal.bind.TypeAdapters$28.read(TypeAdapters.java:725) ~[gson-2.10.jar%2372!/:?]
	at com.google.gson.internal.bind.TypeAdapters$34$1.read(TypeAdapters.java:1007) ~[gson-2.10.jar%2372!/:?]
	at net.minecraft.util.GsonHelper.m_13780_(GsonHelper.java:524) ~[server-1.20.1-20230612.114412-srg.jar%23420!/:?]
	... 13 more
[19Apr2026 02:22:06.239] [Worker-Main-2/ERROR] [net.minecraft.server.packs.resources.SimpleJsonResourceReloadListener/]: Couldn't parse data file efn:nf_dual_sword from efn:recipes/nf_dual_sword.json
com.google.gson.JsonParseException: java.io.EOFException: End of input at line 1 column 1 path $
	at net.minecraft.util.GsonHelper.m_13780_(GsonHelper.java:526) ~[server-1.20.1-20230612.114412-srg.jar%23420!/:?]
	at net.minecraft.util.GsonHelper.m_263475_(GsonHelper.java:531) ~[server-1.20.1-20230612.114412-srg.jar%23420!/:?]
	at net.minecraft.util.GsonHelper.m_13776_(GsonHelper.java:581) ~[server-1.20.1-20230612.114412-srg.jar%23420!/:?]
	at net.minecraft.server.packs.resources.SimpleJsonResourceReloadListener.m_278771_(SimpleJsonResourceReloadListener.java:41) ~[server-1.20.1-20230612.114412-srg.jar%23420!/:?]
	at net.minecraft.server.packs.resources.SimpleJsonResourceReloadListener.m_5944_(SimpleJsonResourceReloadListener.java:29) ~[server-1.20.1-20230612.114412-srg.jar%23420!/:?]
	at net.minecraft.server.packs.resources.SimpleJsonResourceReloadListener.m_5944_(SimpleJsonResourceReloadListener.java:17) ~[server-1.20.1-20230612.114412-srg.jar%23420!/:?]
	at net.minecraft.server.packs.resources.SimplePreparableReloadListener.m_10786_(SimplePreparableReloadListener.java:11) ~[server-1.20.1-20230612.114412-srg.jar%23420!/:?]
	at java.util.concurrent.CompletableFuture$AsyncSupply.run(CompletableFuture.java:1768) ~[?:?]
	at java.util.concurrent.CompletableFuture$AsyncSupply.exec(CompletableFuture.java:1760) ~[?:?]
	at java.util.concurrent.ForkJoinTask.doExec(ForkJoinTask.java:373) ~[?:?]
	at java.util.concurrent.ForkJoinPool$WorkQueue.topLevelExec(ForkJoinPool.java:1182) ~[?:?]
	at java.util.concurrent.ForkJoinPool.scan(ForkJoinPool.java:1655) ~[?:?]
	at java.util.concurrent.ForkJoinPool.runWorker(ForkJoinPool.java:1622) ~[?:?]
	at java.util.concurrent.ForkJoinWorkerThread.run(ForkJoinWorkerThread.java:165) ~[?:?]
Caused by: java.io.EOFException: End of input at line 1 column 1 path $
	at com.google.gson.stream.JsonReader.nextNonWhitespace(JsonReader.java:1455) ~[gson-2.10.jar%2372!/:?]
	at com.google.gson.stream.JsonReader.doPeek(JsonReader.java:558) ~[gson-2.10.jar%2372!/:?]
	at com.google.gson.stream.JsonReader.peek(JsonReader.java:433) ~[gson-2.10.jar%2372!/:?]
	at com.google.gson.internal.bind.TypeAdapters$28.read(TypeAdapters.java:769) ~[gson-2.10.jar%2372!/:?]
	at com.google.gson.internal.bind.TypeAdapters$28.read(TypeAdapters.java:725) ~[gson-2.10.jar%2372!/:?]
	at com.google.gson.internal.bind.TypeAdapters$34$1.read(TypeAdapters.java:1007) ~[gson-2.10.jar%2372!/:?]
	at net.minecraft.util.GsonHelper.m_13780_(GsonHelper.java:524) ~[server-1.20.1-20230612.114412-srg.jar%23420!/:?]
	... 13 more
[19Apr2026 02:22:06.239] [Worker-Main-2/ERROR] [net.minecraft.server.packs.resources.SimpleJsonResourceReloadListener/]: Couldn't parse data file efn:nf_shortsword from efn:recipes/nf_shortsword.json
com.google.gson.JsonParseException: java.io.EOFException: End of input at line 1 column 1 path $
	at net.minecraft.util.GsonHelper.m_13780_(GsonHelper.java:526) ~[server-1.20.1-20230612.114412-srg.jar%23420!/:?]
	at net.minecraft.util.GsonHelper.m_263475_(GsonHelper.java:531) ~[server-1.20.1-20230612.114412-srg.jar%23420!/:?]
	at net.minecraft.util.GsonHelper.m_13776_(GsonHelper.java:581) ~[server-1.20.1-20230612.114412-srg.jar%23420!/:?]
	at net.minecraft.server.packs.resources.SimpleJsonResourceReloadListener.m_278771_(SimpleJsonResourceReloadListener.java:41) ~[server-1.20.1-20230612.114412-srg.jar%23420!/:?]
	at net.minecraft.server.packs.resources.SimpleJsonResourceReloadListener.m_5944_(SimpleJsonResourceReloadListener.java:29) ~[server-1.20.1-20230612.114412-srg.jar%23420!/:?]
	at net.minecraft.server.packs.resources.SimpleJsonResourceReloadListener.m_5944_(SimpleJsonResourceReloadListener.java:17) ~[server-1.20.1-20230612.114412-srg.jar%23420!/:?]
	at net.minecraft.server.packs.resources.SimplePreparableReloadListener.m_10786_(SimplePreparableReloadListener.java:11) ~[server-1.20.1-20230612.114412-srg.jar%23420!/:?]
	at java.util.concurrent.CompletableFuture$AsyncSupply.run(CompletableFuture.java:1768) ~[?:?]
	at java.util.concurrent.CompletableFuture$AsyncSupply.exec(CompletableFuture.java:1760) ~[?:?]
	at java.util.concurrent.ForkJoinTask.doExec(ForkJoinTask.java:373) ~[?:?]
	at java.util.concurrent.ForkJoinPool$WorkQueue.topLevelExec(ForkJoinPool.java:1182) ~[?:?]
	at java.util.concurrent.ForkJoinPool.scan(ForkJoinPool.java:1655) ~[?:?]
	at java.util.concurrent.ForkJoinPool.runWorker(ForkJoinPool.java:1622) ~[?:?]
	at java.util.concurrent.ForkJoinWorkerThread.run(ForkJoinWorkerThread.java:165) ~[?:?]
Caused by: java.io.EOFException: End of input at line 1 column 1 path $
	at com.google.gson.stream.JsonReader.nextNonWhitespace(JsonReader.java:1455) ~[gson-2.10.jar%2372!/:?]
	at com.google.gson.stream.JsonReader.doPeek(JsonReader.java:558) ~[gson-2.10.jar%2372!/:?]
	at com.google.gson.stream.JsonReader.peek(JsonReader.java:433) ~[gson-2.10.jar%2372!/:?]
	at com.google.gson.internal.bind.TypeAdapters$28.read(TypeAdapters.java:769) ~[gson-2.10.jar%2372!/:?]
	at com.google.gson.internal.bind.TypeAdapters$28.read(TypeAdapters.java:725) ~[gson-2.10.jar%2372!/:?]
	at com.google.gson.internal.bind.TypeAdapters$34$1.read(TypeAdapters.java:1007) ~[gson-2.10.jar%2372!/:?]
	at net.minecraft.util.GsonHelper.m_13780_(GsonHelper.java:524) ~[server-1.20.1-20230612.114412-srg.jar%23420!/:?]
	... 13 more
[19Apr2026 02:22:06.240] [Worker-Main-2/ERROR] [net.minecraft.server.packs.resources.SimpleJsonResourceReloadListener/]: Couldn't parse data file efn:nf_shortsword_2 from efn:recipes/nf_shortsword_2.json
com.google.gson.JsonParseException: java.io.EOFException: End of input at line 1 column 1 path $
	at net.minecraft.util.GsonHelper.m_13780_(GsonHelper.java:526) ~[server-1.20.1-20230612.114412-srg.jar%23420!/:?]
	at net.minecraft.util.GsonHelper.m_263475_(GsonHelper.java:531) ~[server-1.20.1-20230612.114412-srg.jar%23420!/:?]
	at net.minecraft.util.GsonHelper.m_13776_(GsonHelper.java:581) ~[server-1.20.1-20230612.114412-srg.jar%23420!/:?]
	at net.minecraft.server.packs.resources.SimpleJsonResourceReloadListener.m_278771_(SimpleJsonResourceReloadListener.java:41) ~[server-1.20.1-20230612.114412-srg.jar%23420!/:?]
	at net.minecraft.server.packs.resources.SimpleJsonResourceReloadListener.m_5944_(SimpleJsonResourceReloadListener.java:29) ~[server-1.20.1-20230612.114412-srg.jar%23420!/:?]
	at net.minecraft.server.packs.resources.SimpleJsonResourceReloadListener.m_5944_(SimpleJsonResourceReloadListener.java:17) ~[server-1.20.1-20230612.114412-srg.jar%23420!/:?]
	at net.minecraft.server.packs.resources.SimplePreparableReloadListener.m_10786_(SimplePreparableReloadListener.java:11) ~[server-1.20.1-20230612.114412-srg.jar%23420!/:?]
	at java.util.concurrent.CompletableFuture$AsyncSupply.run(CompletableFuture.java:1768) ~[?:?]
	at java.util.concurrent.CompletableFuture$AsyncSupply.exec(CompletableFuture.java:1760) ~[?:?]
	at java.util.concurrent.ForkJoinTask.doExec(ForkJoinTask.java:373) ~[?:?]
	at java.util.concurrent.ForkJoinPool$WorkQueue.topLevelExec(ForkJoinPool.java:1182) ~[?:?]
	at java.util.concurrent.ForkJoinPool.scan(ForkJoinPool.java:1655) ~[?:?]
	at java.util.concurrent.ForkJoinPool.runWorker(ForkJoinPool.java:1622) ~[?:?]
	at java.util.concurrent.ForkJoinWorkerThread.run(ForkJoinWorkerThread.java:165) ~[?:?]
Caused by: java.io.EOFException: End of input at line 1 column 1 path $
	at com.google.gson.stream.JsonReader.nextNonWhitespace(JsonReader.java:1455) ~[gson-2.10.jar%2372!/:?]
	at com.google.gson.stream.JsonReader.doPeek(JsonReader.java:558) ~[gson-2.10.jar%2372!/:?]
	at com.google.gson.stream.JsonReader.peek(JsonReader.java:433) ~[gson-2.10.jar%2372!/:?]
	at com.google.gson.internal.bind.TypeAdapters$28.read(TypeAdapters.java:769) ~[gson-2.10.jar%2372!/:?]
	at com.google.gson.internal.bind.TypeAdapters$28.read(TypeAdapters.java:725) ~[gson-2.10.jar%2372!/:?]
	at com.google.gson.internal.bind.TypeAdapters$34$1.read(TypeAdapters.java:1007) ~[gson-2.10.jar%2372!/:?]
	at net.minecraft.util.GsonHelper.m_13780_(GsonHelper.java:524) ~[server-1.20.1-20230612.114412-srg.jar%23420!/:?]
	... 13 more
[19Apr2026 02:22:06.279] [Worker-Main-2/ERROR] [net.minecraft.server.packs.resources.SimpleJsonResourceReloadListener/]: Couldn't parse data file irons_spellbooks:pyrium_staff from irons_spellbooks:recipes/pyrium_staff.json
com.google.gson.JsonParseException: java.io.EOFException: End of input at line 1 column 1 path $
	at net.minecraft.util.GsonHelper.m_13780_(GsonHelper.java:526) ~[server-1.20.1-20230612.114412-srg.jar%23420!/:?]
	at net.minecraft.util.GsonHelper.m_263475_(GsonHelper.java:531) ~[server-1.20.1-20230612.114412-srg.jar%23420!/:?]
	at net.minecraft.util.GsonHelper.m_13776_(GsonHelper.java:581) ~[server-1.20.1-20230612.114412-srg.jar%23420!/:?]
	at net.minecraft.server.packs.resources.SimpleJsonResourceReloadListener.m_278771_(SimpleJsonResourceReloadListener.java:41) ~[server-1.20.1-20230612.114412-srg.jar%23420!/:?]
	at net.minecraft.server.packs.resources.SimpleJsonResourceReloadListener.m_5944_(SimpleJsonResourceReloadListener.java:29) ~[server-1.20.1-20230612.114412-srg.jar%23420!/:?]
	at net.minecraft.server.packs.resources.SimpleJsonResourceReloadListener.m_5944_(SimpleJsonResourceReloadListener.java:17) ~[server-1.20.1-20230612.114412-srg.jar%23420!/:?]
	at net.minecraft.server.packs.resources.SimplePreparableReloadListener.m_10786_(SimplePreparableReloadListener.java:11) ~[server-1.20.1-20230612.114412-srg.jar%23420!/:?]
	at java.util.concurrent.CompletableFuture$AsyncSupply.run(CompletableFuture.java:1768) ~[?:?]
	at java.util.concurrent.CompletableFuture$AsyncSupply.exec(CompletableFuture.java:1760) ~[?:?]
	at java.util.concurrent.ForkJoinTask.doExec(ForkJoinTask.java:373) ~[?:?]
	at java.util.concurrent.ForkJoinPool$WorkQueue.topLevelExec(ForkJoinPool.java:1182) ~[?:?]
	at java.util.concurrent.ForkJoinPool.scan(ForkJoinPool.java:1655) ~[?:?]
	at java.util.concurrent.ForkJoinPool.runWorker(ForkJoinPool.java:1622) ~[?:?]
	at java.util.concurrent.ForkJoinWorkerThread.run(ForkJoinWorkerThread.java:165) ~[?:?]
Caused by: java.io.EOFException: End of input at line 1 column 1 path $
	at com.google.gson.stream.JsonReader.nextNonWhitespace(JsonReader.java:1455) ~[gson-2.10.jar%2372!/:?]
	at com.google.gson.stream.JsonReader.doPeek(JsonReader.java:558) ~[gson-2.10.jar%2372!/:?]
	at com.google.gson.stream.JsonReader.peek(JsonReader.java:433) ~[gson-2.10.jar%2372!/:?]
	at com.google.gson.internal.bind.TypeAdapters$28.read(TypeAdapters.java:769) ~[gson-2.10.jar%2372!/:?]
	at com.google.gson.internal.bind.TypeAdapters$28.read(TypeAdapters.java:725) ~[gson-2.10.jar%2372!/:?]
	at com.google.gson.internal.bind.TypeAdapters$34$1.read(TypeAdapters.java:1007) ~[gson-2.10.jar%2372!/:?]
	at net.minecraft.util.GsonHelper.m_13780_(GsonHelper.java:524) ~[server-1.20.1-20230612.114412-srg.jar%23420!/:?]
	... 13 more
[19Apr2026 02:22:06.293] [Worker-Main-2/ERROR] [net.minecraft.server.packs.resources.SimpleJsonResourceReloadListener/]: Couldn't parse data file efn:ruinfighter_boots from efn:recipes/ruinfighter_boots.json
com.google.gson.JsonParseException: java.io.EOFException: End of input at line 1 column 1 path $
	at net.minecraft.util.GsonHelper.m_13780_(GsonHelper.java:526) ~[server-1.20.1-20230612.114412-srg.jar%23420!/:?]
	at net.minecraft.util.GsonHelper.m_263475_(GsonHelper.java:531) ~[server-1.20.1-20230612.114412-srg.jar%23420!/:?]
	at net.minecraft.util.GsonHelper.m_13776_(GsonHelper.java:581) ~[server-1.20.1-20230612.114412-srg.jar%23420!/:?]
	at net.minecraft.server.packs.resources.SimpleJsonResourceReloadListener.m_278771_(SimpleJsonResourceReloadListener.java:41) ~[server-1.20.1-20230612.114412-srg.jar%23420!/:?]
	at net.minecraft.server.packs.resources.SimpleJsonResourceReloadListener.m_5944_(SimpleJsonResourceReloadListener.java:29) ~[server-1.20.1-20230612.114412-srg.jar%23420!/:?]
	at net.minecraft.server.packs.resources.SimpleJsonResourceReloadListener.m_5944_(SimpleJsonResourceReloadListener.java:17) ~[server-1.20.1-20230612.114412-srg.jar%23420!/:?]
	at net.minecraft.server.packs.resources.SimplePreparableReloadListener.m_10786_(SimplePreparableReloadListener.java:11) ~[server-1.20.1-20230612.114412-srg.jar%23420!/:?]
	at java.util.concurrent.CompletableFuture$AsyncSupply.run(CompletableFuture.java:1768) ~[?:?]
	at java.util.concurrent.CompletableFuture$AsyncSupply.exec(CompletableFuture.java:1760) ~[?:?]
	at java.util.concurrent.ForkJoinTask.doExec(ForkJoinTask.java:373) ~[?:?]
	at java.util.concurrent.ForkJoinPool$WorkQueue.topLevelExec(ForkJoinPool.java:1182) ~[?:?]
	at java.util.concurrent.ForkJoinPool.scan(ForkJoinPool.java:1655) ~[?:?]
	at java.util.concurrent.ForkJoinPool.runWorker(ForkJoinPool.java:1622) ~[?:?]
	at java.util.concurrent.ForkJoinWorkerThread.run(ForkJoinWorkerThread.java:165) ~[?:?]
Caused by: java.io.EOFException: End of input at line 1 column 1 path $
	at com.google.gson.stream.JsonReader.nextNonWhitespace(JsonReader.java:1455) ~[gson-2.10.jar%2372!/:?]
	at com.google.gson.stream.JsonReader.doPeek(JsonReader.java:558) ~[gson-2.10.jar%2372!/:?]
	at com.google.gson.stream.JsonReader.peek(JsonReader.java:433) ~[gson-2.10.jar%2372!/:?]
	at com.google.gson.internal.bind.TypeAdapters$28.read(TypeAdapters.java:769) ~[gson-2.10.jar%2372!/:?]
	at com.google.gson.internal.bind.TypeAdapters$28.read(TypeAdapters.java:725) ~[gson-2.10.jar%2372!/:?]
	at com.google.gson.internal.bind.TypeAdapters$34$1.read(TypeAdapters.java:1007) ~[gson-2.10.jar%2372!/:?]
	at net.minecraft.util.GsonHelper.m_13780_(GsonHelper.java:524) ~[server-1.20.1-20230612.114412-srg.jar%23420!/:?]
	... 13 more
[19Apr2026 02:22:06.296] [Worker-Main-2/ERROR] [net.minecraft.server.packs.resources.SimpleJsonResourceReloadListener/]: Couldn't parse data file efn:ruinfighter_chestplate from efn:recipes/ruinfighter_chestplate.json
com.google.gson.JsonParseException: java.io.EOFException: End of input at line 1 column 1 path $
	at net.minecraft.util.GsonHelper.m_13780_(GsonHelper.java:526) ~[server-1.20.1-20230612.114412-srg.jar%23420!/:?]
	at net.minecraft.util.GsonHelper.m_263475_(GsonHelper.java:531) ~[server-1.20.1-20230612.114412-srg.jar%23420!/:?]
	at net.minecraft.util.GsonHelper.m_13776_(GsonHelper.java:581) ~[server-1.20.1-20230612.114412-srg.jar%23420!/:?]
	at net.minecraft.server.packs.resources.SimpleJsonResourceReloadListener.m_278771_(SimpleJsonResourceReloadListener.java:41) ~[server-1.20.1-20230612.114412-srg.jar%23420!/:?]
	at net.minecraft.server.packs.resources.SimpleJsonResourceReloadListener.m_5944_(SimpleJsonResourceReloadListener.java:29) ~[server-1.20.1-20230612.114412-srg.jar%23420!/:?]
	at net.minecraft.server.packs.resources.SimpleJsonResourceReloadListener.m_5944_(SimpleJsonResourceReloadListener.java:17) ~[server-1.20.1-20230612.114412-srg.jar%23420!/:?]
	at net.minecraft.server.packs.resources.SimplePreparableReloadListener.m_10786_(SimplePreparableReloadListener.java:11) ~[server-1.20.1-20230612.114412-srg.jar%23420!/:?]
	at java.util.concurrent.CompletableFuture$AsyncSupply.run(CompletableFuture.java:1768) ~[?:?]
	at java.util.concurrent.CompletableFuture$AsyncSupply.exec(CompletableFuture.java:1760) ~[?:?]
	at java.util.concurrent.ForkJoinTask.doExec(ForkJoinTask.java:373) ~[?:?]
	at java.util.concurrent.ForkJoinPool$WorkQueue.topLevelExec(ForkJoinPool.java:1182) ~[?:?]
	at java.util.concurrent.ForkJoinPool.scan(ForkJoinPool.java:1655) ~[?:?]
	at java.util.concurrent.ForkJoinPool.runWorker(ForkJoinPool.java:1622) ~[?:?]
	at java.util.concurrent.ForkJoinWorkerThread.run(ForkJoinWorkerThread.java:165) ~[?:?]
Caused by: java.io.EOFException: End of input at line 1 column 1 path $
	at com.google.gson.stream.JsonReader.nextNonWhitespace(JsonReader.java:1455) ~[gson-2.10.jar%2372!/:?]
	at com.google.gson.stream.JsonReader.doPeek(JsonReader.java:558) ~[gson-2.10.jar%2372!/:?]
	at com.google.gson.stream.JsonReader.peek(JsonReader.java:433) ~[gson-2.10.jar%2372!/:?]
	at com.google.gson.internal.bind.TypeAdapters$28.read(TypeAdapters.java:769) ~[gson-2.10.jar%2372!/:?]
	at com.google.gson.internal.bind.TypeAdapters$28.read(TypeAdapters.java:725) ~[gson-2.10.jar%2372!/:?]
	at com.google.gson.internal.bind.TypeAdapters$34$1.read(TypeAdapters.java:1007) ~[gson-2.10.jar%2372!/:?]
	at net.minecraft.util.GsonHelper.m_13780_(GsonHelper.java:524) ~[server-1.20.1-20230612.114412-srg.jar%23420!/:?]
	... 13 more
[19Apr2026 02:22:06.298] [Worker-Main-2/ERROR] [net.minecraft.server.packs.resources.SimpleJsonResourceReloadListener/]: Couldn't parse data file efn:ruinfighter_helmet from efn:recipes/ruinfighter_helmet.json
com.google.gson.JsonParseException: java.io.EOFException: End of input at line 1 column 1 path $
	at net.minecraft.util.GsonHelper.m_13780_(GsonHelper.java:526) ~[server-1.20.1-20230612.114412-srg.jar%23420!/:?]
	at net.minecraft.util.GsonHelper.m_263475_(GsonHelper.java:531) ~[server-1.20.1-20230612.114412-srg.jar%23420!/:?]
	at net.minecraft.util.GsonHelper.m_13776_(GsonHelper.java:581) ~[server-1.20.1-20230612.114412-srg.jar%23420!/:?]
	at net.minecraft.server.packs.resources.SimpleJsonResourceReloadListener.m_278771_(SimpleJsonResourceReloadListener.java:41) ~[server-1.20.1-20230612.114412-srg.jar%23420!/:?]
	at net.minecraft.server.packs.resources.SimpleJsonResourceReloadListener.m_5944_(SimpleJsonResourceReloadListener.java:29) ~[server-1.20.1-20230612.114412-srg.jar%23420!/:?]
	at net.minecraft.server.packs.resources.SimpleJsonResourceReloadListener.m_5944_(SimpleJsonResourceReloadListener.java:17) ~[server-1.20.1-20230612.114412-srg.jar%23420!/:?]
	at net.minecraft.server.packs.resources.SimplePreparableReloadListener.m_10786_(SimplePreparableReloadListener.java:11) ~[server-1.20.1-20230612.114412-srg.jar%23420!/:?]
	at java.util.concurrent.CompletableFuture$AsyncSupply.run(CompletableFuture.java:1768) ~[?:?]
	at java.util.concurrent.CompletableFuture$AsyncSupply.exec(CompletableFuture.java:1760) ~[?:?]
	at java.util.concurrent.ForkJoinTask.doExec(ForkJoinTask.java:373) ~[?:?]
	at java.util.concurrent.ForkJoinPool$WorkQueue.topLevelExec(ForkJoinPool.java:1182) ~[?:?]
	at java.util.concurrent.ForkJoinPool.scan(ForkJoinPool.java:1655) ~[?:?]
	at java.util.concurrent.ForkJoinPool.runWorker(ForkJoinPool.java:1622) ~[?:?]
	at java.util.concurrent.ForkJoinWorkerThread.run(ForkJoinWorkerThread.java:165) ~[?:?]
Caused by: java.io.EOFException: End of input at line 1 column 1 path $
	at com.google.gson.stream.JsonReader.nextNonWhitespace(JsonReader.java:1455) ~[gson-2.10.jar%2372!/:?]
	at com.google.gson.stream.JsonReader.doPeek(JsonReader.java:558) ~[gson-2.10.jar%2372!/:?]
	at com.google.gson.stream.JsonReader.peek(JsonReader.java:433) ~[gson-2.10.jar%2372!/:?]
	at com.google.gson.internal.bind.TypeAdapters$28.read(TypeAdapters.java:769) ~[gson-2.10.jar%2372!/:?]
	at com.google.gson.internal.bind.TypeAdapters$28.read(TypeAdapters.java:725) ~[gson-2.10.jar%2372!/:?]
	at com.google.gson.internal.bind.TypeAdapters$34$1.read(TypeAdapters.java:1007) ~[gson-2.10.jar%2372!/:?]
	at net.minecraft.util.GsonHelper.m_13780_(GsonHelper.java:524) ~[server-1.20.1-20230612.114412-srg.jar%23420!/:?]
	... 13 more
[19Apr2026 02:22:06.299] [Worker-Main-2/ERROR] [net.minecraft.server.packs.resources.SimpleJsonResourceReloadListener/]: Couldn't parse data file efn:ruinfighter_leggings from efn:recipes/ruinfighter_leggings.json
com.google.gson.JsonParseException: java.io.EOFException: End of input at line 1 column 1 path $
	at net.minecraft.util.GsonHelper.m_13780_(GsonHelper.java:526) ~[server-1.20.1-20230612.114412-srg.jar%23420!/:?]
	at net.minecraft.util.GsonHelper.m_263475_(GsonHelper.java:531) ~[server-1.20.1-20230612.114412-srg.jar%23420!/:?]
	at net.minecraft.util.GsonHelper.m_13776_(GsonHelper.java:581) ~[server-1.20.1-20230612.114412-srg.jar%23420!/:?]
	at net.minecraft.server.packs.resources.SimpleJsonResourceReloadListener.m_278771_(SimpleJsonResourceReloadListener.java:41) ~[server-1.20.1-20230612.114412-srg.jar%23420!/:?]
	at net.minecraft.server.packs.resources.SimpleJsonResourceReloadListener.m_5944_(SimpleJsonResourceReloadListener.java:29) ~[server-1.20.1-20230612.114412-srg.jar%23420!/:?]
	at net.minecraft.server.packs.resources.SimpleJsonResourceReloadListener.m_5944_(SimpleJsonResourceReloadListener.java:17) ~[server-1.20.1-20230612.114412-srg.jar%23420!/:?]
	at net.minecraft.server.packs.resources.SimplePreparableReloadListener.m_10786_(SimplePreparableReloadListener.java:11) ~[server-1.20.1-20230612.114412-srg.jar%23420!/:?]
	at java.util.concurrent.CompletableFuture$AsyncSupply.run(CompletableFuture.java:1768) ~[?:?]
	at java.util.concurrent.CompletableFuture$AsyncSupply.exec(CompletableFuture.java:1760) ~[?:?]
	at java.util.concurrent.ForkJoinTask.doExec(ForkJoinTask.java:373) ~[?:?]
	at java.util.concurrent.ForkJoinPool$WorkQueue.topLevelExec(ForkJoinPool.java:1182) ~[?:?]
	at java.util.concurrent.ForkJoinPool.scan(ForkJoinPool.java:1655) ~[?:?]
	at java.util.concurrent.ForkJoinPool.runWorker(ForkJoinPool.java:1622) ~[?:?]
	at java.util.concurrent.ForkJoinWorkerThread.run(ForkJoinWorkerThread.java:165) ~[?:?]
Caused by: java.io.EOFException: End of input at line 1 column 1 path $
	at com.google.gson.stream.JsonReader.nextNonWhitespace(JsonReader.java:1455) ~[gson-2.10.jar%2372!/:?]
	at com.google.gson.stream.JsonReader.doPeek(JsonReader.java:558) ~[gson-2.10.jar%2372!/:?]
	at com.google.gson.stream.JsonReader.peek(JsonReader.java:433) ~[gson-2.10.jar%2372!/:?]
	at com.google.gson.internal.bind.TypeAdapters$28.read(TypeAdapters.java:769) ~[gson-2.10.jar%2372!/:?]
	at com.google.gson.internal.bind.TypeAdapters$28.read(TypeAdapters.java:725) ~[gson-2.10.jar%2372!/:?]
	at com.google.gson.internal.bind.TypeAdapters$34$1.read(TypeAdapters.java:1007) ~[gson-2.10.jar%2372!/:?]
	at net.minecraft.util.GsonHelper.m_13780_(GsonHelper.java:524) ~[server-1.20.1-20230612.114412-srg.jar%23420!/:?]
	... 13 more
[19Apr2026 02:22:06.302] [Worker-Main-2/ERROR] [net.minecraft.server.packs.resources.SimpleJsonResourceReloadListener/]: Couldn't parse data file efn:ruinsgreatsword from efn:recipes/ruinsgreatsword.json
com.google.gson.JsonParseException: java.io.EOFException: End of input at line 1 column 1 path $
	at net.minecraft.util.GsonHelper.m_13780_(GsonHelper.java:526) ~[server-1.20.1-20230612.114412-srg.jar%23420!/:?]
	at net.minecraft.util.GsonHelper.m_263475_(GsonHelper.java:531) ~[server-1.20.1-20230612.114412-srg.jar%23420!/:?]
	at net.minecraft.util.GsonHelper.m_13776_(GsonHelper.java:581) ~[server-1.20.1-20230612.114412-srg.jar%23420!/:?]
	at net.minecraft.server.packs.resources.SimpleJsonResourceReloadListener.m_278771_(SimpleJsonResourceReloadListener.java:41) ~[server-1.20.1-20230612.114412-srg.jar%23420!/:?]
	at net.minecraft.server.packs.resources.SimpleJsonResourceReloadListener.m_5944_(SimpleJsonResourceReloadListener.java:29) ~[server-1.20.1-20230612.114412-srg.jar%23420!/:?]
	at net.minecraft.server.packs.resources.SimpleJsonResourceReloadListener.m_5944_(SimpleJsonResourceReloadListener.java:17) ~[server-1.20.1-20230612.114412-srg.jar%23420!/:?]
	at net.minecraft.server.packs.resources.SimplePreparableReloadListener.m_10786_(SimplePreparableReloadListener.java:11) ~[server-1.20.1-20230612.114412-srg.jar%23420!/:?]
	at java.util.concurrent.CompletableFuture$AsyncSupply.run(CompletableFuture.java:1768) ~[?:?]
	at java.util.concurrent.CompletableFuture$AsyncSupply.exec(CompletableFuture.java:1760) ~[?:?]
	at java.util.concurrent.ForkJoinTask.doExec(ForkJoinTask.java:373) ~[?:?]
	at java.util.concurrent.ForkJoinPool$WorkQueue.topLevelExec(ForkJoinPool.java:1182) ~[?:?]
	at java.util.concurrent.ForkJoinPool.scan(ForkJoinPool.java:1655) ~[?:?]
	at java.util.concurrent.ForkJoinPool.runWorker(ForkJoinPool.java:1622) ~[?:?]
	at java.util.concurrent.ForkJoinWorkerThread.run(ForkJoinWorkerThread.java:165) ~[?:?]
Caused by: java.io.EOFException: End of input at line 1 column 1 path $
	at com.google.gson.stream.JsonReader.nextNonWhitespace(JsonReader.java:1455) ~[gson-2.10.jar%2372!/:?]
	at com.google.gson.stream.JsonReader.doPeek(JsonReader.java:558) ~[gson-2.10.jar%2372!/:?]
	at com.google.gson.stream.JsonReader.peek(JsonReader.java:433) ~[gson-2.10.jar%2372!/:?]
	at com.google.gson.internal.bind.TypeAdapters$28.read(TypeAdapters.java:769) ~[gson-2.10.jar%2372!/:?]
	at com.google.gson.internal.bind.TypeAdapters$28.read(TypeAdapters.java:725) ~[gson-2.10.jar%2372!/:?]
	at com.google.gson.internal.bind.TypeAdapters$34$1.read(TypeAdapters.java:1007) ~[gson-2.10.jar%2372!/:?]
	at net.minecraft.util.GsonHelper.m_13780_(GsonHelper.java:524) ~[server-1.20.1-20230612.114412-srg.jar%23420!/:?]
	... 13 more
[19Apr2026 02:22:06.308] [Worker-Main-2/ERROR] [net.minecraft.server.packs.resources.SimpleJsonResourceReloadListener/]: Couldn't parse data file irons_spellbooks:scroll_forge from irons_spellbooks:recipes/scroll_forge.json
com.google.gson.JsonParseException: java.io.EOFException: End of input at line 1 column 1 path $
	at net.minecraft.util.GsonHelper.m_13780_(GsonHelper.java:526) ~[server-1.20.1-20230612.114412-srg.jar%23420!/:?]
	at net.minecraft.util.GsonHelper.m_263475_(GsonHelper.java:531) ~[server-1.20.1-20230612.114412-srg.jar%23420!/:?]
	at net.minecraft.util.GsonHelper.m_13776_(GsonHelper.java:581) ~[server-1.20.1-20230612.114412-srg.jar%23420!/:?]
	at net.minecraft.server.packs.resources.SimpleJsonResourceReloadListener.m_278771_(SimpleJsonResourceReloadListener.java:41) ~[server-1.20.1-20230612.114412-srg.jar%23420!/:?]
	at net.minecraft.server.packs.resources.SimpleJsonResourceReloadListener.m_5944_(SimpleJsonResourceReloadListener.java:29) ~[server-1.20.1-20230612.114412-srg.jar%23420!/:?]
	at net.minecraft.server.packs.resources.SimpleJsonResourceReloadListener.m_5944_(SimpleJsonResourceReloadListener.java:17) ~[server-1.20.1-20230612.114412-srg.jar%23420!/:?]
	at net.minecraft.server.packs.resources.SimplePreparableReloadListener.m_10786_(SimplePreparableReloadListener.java:11) ~[server-1.20.1-20230612.114412-srg.jar%23420!/:?]
	at java.util.concurrent.CompletableFuture$AsyncSupply.run(CompletableFuture.java:1768) ~[?:?]
	at java.util.concurrent.CompletableFuture$AsyncSupply.exec(CompletableFuture.java:1760) ~[?:?]
	at java.util.concurrent.ForkJoinTask.doExec(ForkJoinTask.java:373) ~[?:?]
	at java.util.concurrent.ForkJoinPool$WorkQueue.topLevelExec(ForkJoinPool.java:1182) ~[?:?]
	at java.util.concurrent.ForkJoinPool.scan(ForkJoinPool.java:1655) ~[?:?]
	at java.util.concurrent.ForkJoinPool.runWorker(ForkJoinPool.java:1622) ~[?:?]
	at java.util.concurrent.ForkJoinWorkerThread.run(ForkJoinWorkerThread.java:165) ~[?:?]
Caused by: java.io.EOFException: End of input at line 1 column 1 path $
	at com.google.gson.stream.JsonReader.nextNonWhitespace(JsonReader.java:1455) ~[gson-2.10.jar%2372!/:?]
	at com.google.gson.stream.JsonReader.doPeek(JsonReader.java:558) ~[gson-2.10.jar%2372!/:?]
	at com.google.gson.stream.JsonReader.peek(JsonReader.java:433) ~[gson-2.10.jar%2372!/:?]
	at com.google.gson.internal.bind.TypeAdapters$28.read(TypeAdapters.java:769) ~[gson-2.10.jar%2372!/:?]
	at com.google.gson.internal.bind.TypeAdapters$28.read(TypeAdapters.java:725) ~[gson-2.10.jar%2372!/:?]
	at com.google.gson.internal.bind.TypeAdapters$34$1.read(TypeAdapters.java:1007) ~[gson-2.10.jar%2372!/:?]
	at net.minecraft.util.GsonHelper.m_13780_(GsonHelper.java:524) ~[server-1.20.1-20230612.114412-srg.jar%23420!/:?]
	... 13 more
[19Apr2026 02:22:06.315] [Worker-Main-2/ERROR] [net.minecraft.server.packs.resources.SimpleJsonResourceReloadListener/]: Couldn't parse data file aether:skyroot_smithing_table from aether:recipes/skyroot_smithing_table.json
com.google.gson.JsonParseException: java.io.EOFException: End of input at line 1 column 1 path $
	at net.minecraft.util.GsonHelper.m_13780_(GsonHelper.java:526) ~[server-1.20.1-20230612.114412-srg.jar%23420!/:?]
	at net.minecraft.util.GsonHelper.m_263475_(GsonHelper.java:531) ~[server-1.20.1-20230612.114412-srg.jar%23420!/:?]
	at net.minecraft.util.GsonHelper.m_13776_(GsonHelper.java:581) ~[server-1.20.1-20230612.114412-srg.jar%23420!/:?]
	at net.minecraft.server.packs.resources.SimpleJsonResourceReloadListener.m_278771_(SimpleJsonResourceReloadListener.java:41) ~[server-1.20.1-20230612.114412-srg.jar%23420!/:?]
	at net.minecraft.server.packs.resources.SimpleJsonResourceReloadListener.m_5944_(SimpleJsonResourceReloadListener.java:29) ~[server-1.20.1-20230612.114412-srg.jar%23420!/:?]
	at net.minecraft.server.packs.resources.SimpleJsonResourceReloadListener.m_5944_(SimpleJsonResourceReloadListener.java:17) ~[server-1.20.1-20230612.114412-srg.jar%23420!/:?]
	at net.minecraft.server.packs.resources.SimplePreparableReloadListener.m_10786_(SimplePreparableReloadListener.java:11) ~[server-1.20.1-20230612.114412-srg.jar%23420!/:?]
	at java.util.concurrent.CompletableFuture$AsyncSupply.run(CompletableFuture.java:1768) ~[?:?]
	at java.util.concurrent.CompletableFuture$AsyncSupply.exec(CompletableFuture.java:1760) ~[?:?]
	at java.util.concurrent.ForkJoinTask.doExec(ForkJoinTask.java:373) ~[?:?]
	at java.util.concurrent.ForkJoinPool$WorkQueue.topLevelExec(ForkJoinPool.java:1182) ~[?:?]
	at java.util.concurrent.ForkJoinPool.scan(ForkJoinPool.java:1655) ~[?:?]
	at java.util.concurrent.ForkJoinPool.runWorker(ForkJoinPool.java:1622) ~[?:?]
	at java.util.concurrent.ForkJoinWorkerThread.run(ForkJoinWorkerThread.java:165) ~[?:?]
Caused by: java.io.EOFException: End of input at line 1 column 1 path $
	at com.google.gson.stream.JsonReader.nextNonWhitespace(JsonReader.java:1455) ~[gson-2.10.jar%2372!/:?]
	at com.google.gson.stream.JsonReader.doPeek(JsonReader.java:558) ~[gson-2.10.jar%2372!/:?]
	at com.google.gson.stream.JsonReader.peek(JsonReader.java:433) ~[gson-2.10.jar%2372!/:?]
	at com.google.gson.internal.bind.TypeAdapters$28.read(TypeAdapters.java:769) ~[gson-2.10.jar%2372!/:?]
	at com.google.gson.internal.bind.TypeAdapters$28.read(TypeAdapters.java:725) ~[gson-2.10.jar%2372!/:?]
	at com.google.gson.internal.bind.TypeAdapters$34$1.read(TypeAdapters.java:1007) ~[gson-2.10.jar%2372!/:?]
	at net.minecraft.util.GsonHelper.m_13780_(GsonHelper.java:524) ~[server-1.20.1-20230612.114412-srg.jar%23420!/:?]
	... 13 more
[19Apr2026 02:22:06.317] [Worker-Main-2/ERROR] [net.minecraft.server.packs.resources.SimpleJsonResourceReloadListener/]: Couldn't parse data file efn:smithing/nf_shortsword_2 from efn:recipes/smithing/nf_shortsword_2.json
com.google.gson.JsonParseException: java.io.EOFException: End of input at line 1 column 1 path $
	at net.minecraft.util.GsonHelper.m_13780_(GsonHelper.java:526) ~[server-1.20.1-20230612.114412-srg.jar%23420!/:?]
	at net.minecraft.util.GsonHelper.m_263475_(GsonHelper.java:531) ~[server-1.20.1-20230612.114412-srg.jar%23420!/:?]
	at net.minecraft.util.GsonHelper.m_13776_(GsonHelper.java:581) ~[server-1.20.1-20230612.114412-srg.jar%23420!/:?]
	at net.minecraft.server.packs.resources.SimpleJsonResourceReloadListener.m_278771_(SimpleJsonResourceReloadListener.java:41) ~[server-1.20.1-20230612.114412-srg.jar%23420!/:?]
	at net.minecraft.server.packs.resources.SimpleJsonResourceReloadListener.m_5944_(SimpleJsonResourceReloadListener.java:29) ~[server-1.20.1-20230612.114412-srg.jar%23420!/:?]
	at net.minecraft.server.packs.resources.SimpleJsonResourceReloadListener.m_5944_(SimpleJsonResourceReloadListener.java:17) ~[server-1.20.1-20230612.114412-srg.jar%23420!/:?]
	at net.minecraft.server.packs.resources.SimplePreparableReloadListener.m_10786_(SimplePreparableReloadListener.java:11) ~[server-1.20.1-20230612.114412-srg.jar%23420!/:?]
	at java.util.concurrent.CompletableFuture$AsyncSupply.run(CompletableFuture.java:1768) ~[?:?]
	at java.util.concurrent.CompletableFuture$AsyncSupply.exec(CompletableFuture.java:1760) ~[?:?]
	at java.util.concurrent.ForkJoinTask.doExec(ForkJoinTask.java:373) ~[?:?]
	at java.util.concurrent.ForkJoinPool$WorkQueue.topLevelExec(ForkJoinPool.java:1182) ~[?:?]
	at java.util.concurrent.ForkJoinPool.scan(ForkJoinPool.java:1655) ~[?:?]
	at java.util.concurrent.ForkJoinPool.runWorker(ForkJoinPool.java:1622) ~[?:?]
	at java.util.concurrent.ForkJoinWorkerThread.run(ForkJoinWorkerThread.java:165) ~[?:?]
Caused by: java.io.EOFException: End of input at line 1 column 1 path $
	at com.google.gson.stream.JsonReader.nextNonWhitespace(JsonReader.java:1455) ~[gson-2.10.jar%2372!/:?]
	at com.google.gson.stream.JsonReader.doPeek(JsonReader.java:558) ~[gson-2.10.jar%2372!/:?]
	at com.google.gson.stream.JsonReader.peek(JsonReader.java:433) ~[gson-2.10.jar%2372!/:?]
	at com.google.gson.internal.bind.TypeAdapters$28.read(TypeAdapters.java:769) ~[gson-2.10.jar%2372!/:?]
	at com.google.gson.internal.bind.TypeAdapters$28.read(TypeAdapters.java:725) ~[gson-2.10.jar%2372!/:?]
	at com.google.gson.internal.bind.TypeAdapters$34$1.read(TypeAdapters.java:1007) ~[gson-2.10.jar%2372!/:?]
	at net.minecraft.util.GsonHelper.m_13780_(GsonHelper.java:524) ~[server-1.20.1-20230612.114412-srg.jar%23420!/:?]
	... 13 more
[19Apr2026 02:22:06.321] [Worker-Main-2/ERROR] [net.minecraft.server.packs.resources.SimpleJsonResourceReloadListener/]: Couldn't parse data file cataclysm:soul_render from cataclysm:recipes/soul_render.json
com.google.gson.JsonParseException: java.io.EOFException: End of input at line 1 column 1 path $
	at net.minecraft.util.GsonHelper.m_13780_(GsonHelper.java:526) ~[server-1.20.1-20230612.114412-srg.jar%23420!/:?]
	at net.minecraft.util.GsonHelper.m_263475_(GsonHelper.java:531) ~[server-1.20.1-20230612.114412-srg.jar%23420!/:?]
	at net.minecraft.util.GsonHelper.m_13776_(GsonHelper.java:581) ~[server-1.20.1-20230612.114412-srg.jar%23420!/:?]
	at net.minecraft.server.packs.resources.SimpleJsonResourceReloadListener.m_278771_(SimpleJsonResourceReloadListener.java:41) ~[server-1.20.1-20230612.114412-srg.jar%23420!/:?]
	at net.minecraft.server.packs.resources.SimpleJsonResourceReloadListener.m_5944_(SimpleJsonResourceReloadListener.java:29) ~[server-1.20.1-20230612.114412-srg.jar%23420!/:?]
	at net.minecraft.server.packs.resources.SimpleJsonResourceReloadListener.m_5944_(SimpleJsonResourceReloadListener.java:17) ~[server-1.20.1-20230612.114412-srg.jar%23420!/:?]
	at net.minecraft.server.packs.resources.SimplePreparableReloadListener.m_10786_(SimplePreparableReloadListener.java:11) ~[server-1.20.1-20230612.114412-srg.jar%23420!/:?]
	at java.util.concurrent.CompletableFuture$AsyncSupply.run(CompletableFuture.java:1768) ~[?:?]
	at java.util.concurrent.CompletableFuture$AsyncSupply.exec(CompletableFuture.java:1760) ~[?:?]
	at java.util.concurrent.ForkJoinTask.doExec(ForkJoinTask.java:373) ~[?:?]
	at java.util.concurrent.ForkJoinPool$WorkQueue.topLevelExec(ForkJoinPool.java:1182) ~[?:?]
	at java.util.concurrent.ForkJoinPool.scan(ForkJoinPool.java:1655) ~[?:?]
	at java.util.concurrent.ForkJoinPool.runWorker(ForkJoinPool.java:1622) ~[?:?]
	at java.util.concurrent.ForkJoinWorkerThread.run(ForkJoinWorkerThread.java:165) ~[?:?]
Caused by: java.io.EOFException: End of input at line 1 column 1 path $
	at com.google.gson.stream.JsonReader.nextNonWhitespace(JsonReader.java:1455) ~[gson-2.10.jar%2372!/:?]
	at com.google.gson.stream.JsonReader.doPeek(JsonReader.java:558) ~[gson-2.10.jar%2372!/:?]
	at com.google.gson.stream.JsonReader.peek(JsonReader.java:433) ~[gson-2.10.jar%2372!/:?]
	at com.google.gson.internal.bind.TypeAdapters$28.read(TypeAdapters.java:769) ~[gson-2.10.jar%2372!/:?]
	at com.google.gson.internal.bind.TypeAdapters$28.read(TypeAdapters.java:725) ~[gson-2.10.jar%2372!/:?]
	at com.google.gson.internal.bind.TypeAdapters$34$1.read(TypeAdapters.java:1007) ~[gson-2.10.jar%2372!/:?]
	at net.minecraft.util.GsonHelper.m_13780_(GsonHelper.java:524) ~[server-1.20.1-20230612.114412-srg.jar%23420!/:?]
	... 13 more
[19Apr2026 02:22:06.322] [Worker-Main-2/ERROR] [net.minecraft.server.packs.resources.SimpleJsonResourceReloadListener/]: Couldn't parse data file irons_spellbooks:spellbreaker from irons_spellbooks:recipes/spellbreaker.json
com.google.gson.JsonParseException: java.io.EOFException: End of input at line 1 column 1 path $
	at net.minecraft.util.GsonHelper.m_13780_(GsonHelper.java:526) ~[server-1.20.1-20230612.114412-srg.jar%23420!/:?]
	at net.minecraft.util.GsonHelper.m_263475_(GsonHelper.java:531) ~[server-1.20.1-20230612.114412-srg.jar%23420!/:?]
	at net.minecraft.util.GsonHelper.m_13776_(GsonHelper.java:581) ~[server-1.20.1-20230612.114412-srg.jar%23420!/:?]
	at net.minecraft.server.packs.resources.SimpleJsonResourceReloadListener.m_278771_(SimpleJsonResourceReloadListener.java:41) ~[server-1.20.1-20230612.114412-srg.jar%23420!/:?]
	at net.minecraft.server.packs.resources.SimpleJsonResourceReloadListener.m_5944_(SimpleJsonResourceReloadListener.java:29) ~[server-1.20.1-20230612.114412-srg.jar%23420!/:?]
	at net.minecraft.server.packs.resources.SimpleJsonResourceReloadListener.m_5944_(SimpleJsonResourceReloadListener.java:17) ~[server-1.20.1-20230612.114412-srg.jar%23420!/:?]
	at net.minecraft.server.packs.resources.SimplePreparableReloadListener.m_10786_(SimplePreparableReloadListener.java:11) ~[server-1.20.1-20230612.114412-srg.jar%23420!/:?]
	at java.util.concurrent.CompletableFuture$AsyncSupply.run(CompletableFuture.java:1768) ~[?:?]
	at java.util.concurrent.CompletableFuture$AsyncSupply.exec(CompletableFuture.java:1760) ~[?:?]
	at java.util.concurrent.ForkJoinTask.doExec(ForkJoinTask.java:373) ~[?:?]
	at java.util.concurrent.ForkJoinPool$WorkQueue.topLevelExec(ForkJoinPool.java:1182) ~[?:?]
	at java.util.concurrent.ForkJoinPool.scan(ForkJoinPool.java:1655) ~[?:?]
	at java.util.concurrent.ForkJoinPool.runWorker(ForkJoinPool.java:1622) ~[?:?]
	at java.util.concurrent.ForkJoinWorkerThread.run(ForkJoinWorkerThread.java:165) ~[?:?]
Caused by: java.io.EOFException: End of input at line 1 column 1 path $
	at com.google.gson.stream.JsonReader.nextNonWhitespace(JsonReader.java:1455) ~[gson-2.10.jar%2372!/:?]
	at com.google.gson.stream.JsonReader.doPeek(JsonReader.java:558) ~[gson-2.10.jar%2372!/:?]
	at com.google.gson.stream.JsonReader.peek(JsonReader.java:433) ~[gson-2.10.jar%2372!/:?]
	at com.google.gson.internal.bind.TypeAdapters$28.read(TypeAdapters.java:769) ~[gson-2.10.jar%2372!/:?]
	at com.google.gson.internal.bind.TypeAdapters$28.read(TypeAdapters.java:725) ~[gson-2.10.jar%2372!/:?]
	at com.google.gson.internal.bind.TypeAdapters$34$1.read(TypeAdapters.java:1007) ~[gson-2.10.jar%2372!/:?]
	at net.minecraft.util.GsonHelper.m_13780_(GsonHelper.java:524) ~[server-1.20.1-20230612.114412-srg.jar%23420!/:?]
	... 13 more
[19Apr2026 02:22:06.332] [Worker-Main-2/ERROR] [net.minecraft.server.packs.resources.SimpleJsonResourceReloadListener/]: Couldn't parse data file efn:sword_of_pioneer from efn:recipes/sword_of_pioneer.json
com.google.gson.JsonParseException: java.io.EOFException: End of input at line 1 column 1 path $
	at net.minecraft.util.GsonHelper.m_13780_(GsonHelper.java:526) ~[server-1.20.1-20230612.114412-srg.jar%23420!/:?]
	at net.minecraft.util.GsonHelper.m_263475_(GsonHelper.java:531) ~[server-1.20.1-20230612.114412-srg.jar%23420!/:?]
	at net.minecraft.util.GsonHelper.m_13776_(GsonHelper.java:581) ~[server-1.20.1-20230612.114412-srg.jar%23420!/:?]
	at net.minecraft.server.packs.resources.SimpleJsonResourceReloadListener.m_278771_(SimpleJsonResourceReloadListener.java:41) ~[server-1.20.1-20230612.114412-srg.jar%23420!/:?]
	at net.minecraft.server.packs.resources.SimpleJsonResourceReloadListener.m_5944_(SimpleJsonResourceReloadListener.java:29) ~[server-1.20.1-20230612.114412-srg.jar%23420!/:?]
	at net.minecraft.server.packs.resources.SimpleJsonResourceReloadListener.m_5944_(SimpleJsonResourceReloadListener.java:17) ~[server-1.20.1-20230612.114412-srg.jar%23420!/:?]
	at net.minecraft.server.packs.resources.SimplePreparableReloadListener.m_10786_(SimplePreparableReloadListener.java:11) ~[server-1.20.1-20230612.114412-srg.jar%23420!/:?]
	at java.util.concurrent.CompletableFuture$AsyncSupply.run(CompletableFuture.java:1768) ~[?:?]
	at java.util.concurrent.CompletableFuture$AsyncSupply.exec(CompletableFuture.java:1760) ~[?:?]
	at java.util.concurrent.ForkJoinTask.doExec(ForkJoinTask.java:373) ~[?:?]
	at java.util.concurrent.ForkJoinPool$WorkQueue.topLevelExec(ForkJoinPool.java:1182) ~[?:?]
	at java.util.concurrent.ForkJoinPool.scan(ForkJoinPool.java:1655) ~[?:?]
	at java.util.concurrent.ForkJoinPool.runWorker(ForkJoinPool.java:1622) ~[?:?]
	at java.util.concurrent.ForkJoinWorkerThread.run(ForkJoinWorkerThread.java:165) ~[?:?]
Caused by: java.io.EOFException: End of input at line 1 column 1 path $
	at com.google.gson.stream.JsonReader.nextNonWhitespace(JsonReader.java:1455) ~[gson-2.10.jar%2372!/:?]
	at com.google.gson.stream.JsonReader.doPeek(JsonReader.java:558) ~[gson-2.10.jar%2372!/:?]
	at com.google.gson.stream.JsonReader.peek(JsonReader.java:433) ~[gson-2.10.jar%2372!/:?]
	at com.google.gson.internal.bind.TypeAdapters$28.read(TypeAdapters.java:769) ~[gson-2.10.jar%2372!/:?]
	at com.google.gson.internal.bind.TypeAdapters$28.read(TypeAdapters.java:725) ~[gson-2.10.jar%2372!/:?]
	at com.google.gson.internal.bind.TypeAdapters$34$1.read(TypeAdapters.java:1007) ~[gson-2.10.jar%2372!/:?]
	at net.minecraft.util.GsonHelper.m_13780_(GsonHelper.java:524) ~[server-1.20.1-20230612.114412-srg.jar%23420!/:?]
	... 13 more
[19Apr2026 02:22:06.333] [Worker-Main-2/ERROR] [net.minecraft.server.packs.resources.SimpleJsonResourceReloadListener/]: Couldn't parse data file fromtheshadows:thirst_for_blood from fromtheshadows:recipes/thirst_for_blood.json
com.google.gson.JsonParseException: java.io.EOFException: End of input at line 1 column 1 path $
	at net.minecraft.util.GsonHelper.m_13780_(GsonHelper.java:526) ~[server-1.20.1-20230612.114412-srg.jar%23420!/:?]
	at net.minecraft.util.GsonHelper.m_263475_(GsonHelper.java:531) ~[server-1.20.1-20230612.114412-srg.jar%23420!/:?]
	at net.minecraft.util.GsonHelper.m_13776_(GsonHelper.java:581) ~[server-1.20.1-20230612.114412-srg.jar%23420!/:?]
	at net.minecraft.server.packs.resources.SimpleJsonResourceReloadListener.m_278771_(SimpleJsonResourceReloadListener.java:41) ~[server-1.20.1-20230612.114412-srg.jar%23420!/:?]
	at net.minecraft.server.packs.resources.SimpleJsonResourceReloadListener.m_5944_(SimpleJsonResourceReloadListener.java:29) ~[server-1.20.1-20230612.114412-srg.jar%23420!/:?]
	at net.minecraft.server.packs.resources.SimpleJsonResourceReloadListener.m_5944_(SimpleJsonResourceReloadListener.java:17) ~[server-1.20.1-20230612.114412-srg.jar%23420!/:?]
	at net.minecraft.server.packs.resources.SimplePreparableReloadListener.m_10786_(SimplePreparableReloadListener.java:11) ~[server-1.20.1-20230612.114412-srg.jar%23420!/:?]
	at java.util.concurrent.CompletableFuture$AsyncSupply.run(CompletableFuture.java:1768) ~[?:?]
	at java.util.concurrent.CompletableFuture$AsyncSupply.exec(CompletableFuture.java:1760) ~[?:?]
	at java.util.concurrent.ForkJoinTask.doExec(ForkJoinTask.java:373) ~[?:?]
	at java.util.concurrent.ForkJoinPool$WorkQueue.topLevelExec(ForkJoinPool.java:1182) ~[?:?]
	at java.util.concurrent.ForkJoinPool.scan(ForkJoinPool.java:1655) ~[?:?]
	at java.util.concurrent.ForkJoinPool.runWorker(ForkJoinPool.java:1622) ~[?:?]
	at java.util.concurrent.ForkJoinWorkerThread.run(ForkJoinWorkerThread.java:165) ~[?:?]
Caused by: java.io.EOFException: End of input at line 1 column 1 path $
	at com.google.gson.stream.JsonReader.nextNonWhitespace(JsonReader.java:1455) ~[gson-2.10.jar%2372!/:?]
	at com.google.gson.stream.JsonReader.doPeek(JsonReader.java:558) ~[gson-2.10.jar%2372!/:?]
	at com.google.gson.stream.JsonReader.peek(JsonReader.java:433) ~[gson-2.10.jar%2372!/:?]
	at com.google.gson.internal.bind.TypeAdapters$28.read(TypeAdapters.java:769) ~[gson-2.10.jar%2372!/:?]
	at com.google.gson.internal.bind.TypeAdapters$28.read(TypeAdapters.java:725) ~[gson-2.10.jar%2372!/:?]
	at com.google.gson.internal.bind.TypeAdapters$34$1.read(TypeAdapters.java:1007) ~[gson-2.10.jar%2372!/:?]
	at net.minecraft.util.GsonHelper.m_13780_(GsonHelper.java:524) ~[server-1.20.1-20230612.114412-srg.jar%23420!/:?]
	... 13 more
[19Apr2026 02:22:06.349] [Worker-Main-2/ERROR] [net.minecraft.server.packs.resources.SimpleJsonResourceReloadListener/]: Couldn't parse data file irons_spellbooks:twilight_gale from irons_spellbooks:recipes/twilight_gale.json
com.google.gson.JsonParseException: java.io.EOFException: End of input at line 1 column 1 path $
	at net.minecraft.util.GsonHelper.m_13780_(GsonHelper.java:526) ~[server-1.20.1-20230612.114412-srg.jar%23420!/:?]
	at net.minecraft.util.GsonHelper.m_263475_(GsonHelper.java:531) ~[server-1.20.1-20230612.114412-srg.jar%23420!/:?]
	at net.minecraft.util.GsonHelper.m_13776_(GsonHelper.java:581) ~[server-1.20.1-20230612.114412-srg.jar%23420!/:?]
	at net.minecraft.server.packs.resources.SimpleJsonResourceReloadListener.m_278771_(SimpleJsonResourceReloadListener.java:41) ~[server-1.20.1-20230612.114412-srg.jar%23420!/:?]
	at net.minecraft.server.packs.resources.SimpleJsonResourceReloadListener.m_5944_(SimpleJsonResourceReloadListener.java:29) ~[server-1.20.1-20230612.114412-srg.jar%23420!/:?]
	at net.minecraft.server.packs.resources.SimpleJsonResourceReloadListener.m_5944_(SimpleJsonResourceReloadListener.java:17) ~[server-1.20.1-20230612.114412-srg.jar%23420!/:?]
	at net.minecraft.server.packs.resources.SimplePreparableReloadListener.m_10786_(SimplePreparableReloadListener.java:11) ~[server-1.20.1-20230612.114412-srg.jar%23420!/:?]
	at java.util.concurrent.CompletableFuture$AsyncSupply.run(CompletableFuture.java:1768) ~[?:?]
	at java.util.concurrent.CompletableFuture$AsyncSupply.exec(CompletableFuture.java:1760) ~[?:?]
	at java.util.concurrent.ForkJoinTask.doExec(ForkJoinTask.java:373) ~[?:?]
	at java.util.concurrent.ForkJoinPool$WorkQueue.topLevelExec(ForkJoinPool.java:1182) ~[?:?]
	at java.util.concurrent.ForkJoinPool.scan(ForkJoinPool.java:1655) ~[?:?]
	at java.util.concurrent.ForkJoinPool.runWorker(ForkJoinPool.java:1622) ~[?:?]
	at java.util.concurrent.ForkJoinWorkerThread.run(ForkJoinWorkerThread.java:165) ~[?:?]
Caused by: java.io.EOFException: End of input at line 1 column 1 path $
	at com.google.gson.stream.JsonReader.nextNonWhitespace(JsonReader.java:1455) ~[gson-2.10.jar%2372!/:?]
	at com.google.gson.stream.JsonReader.doPeek(JsonReader.java:558) ~[gson-2.10.jar%2372!/:?]
	at com.google.gson.stream.JsonReader.peek(JsonReader.java:433) ~[gson-2.10.jar%2372!/:?]
	at com.google.gson.internal.bind.TypeAdapters$28.read(TypeAdapters.java:769) ~[gson-2.10.jar%2372!/:?]
	at com.google.gson.internal.bind.TypeAdapters$28.read(TypeAdapters.java:725) ~[gson-2.10.jar%2372!/:?]
	at com.google.gson.internal.bind.TypeAdapters$34$1.read(TypeAdapters.java:1007) ~[gson-2.10.jar%2372!/:?]
	at net.minecraft.util.GsonHelper.m_13780_(GsonHelper.java:524) ~[server-1.20.1-20230612.114412-srg.jar%23420!/:?]
	... 13 more
[19Apr2026 02:22:06.352] [Worker-Main-2/ERROR] [net.minecraft.server.packs.resources.SimpleJsonResourceReloadListener/]: Couldn't parse data file cataclysm_spellbooks:void_staff from cataclysm_spellbooks:recipes/void_staff.json
com.google.gson.JsonParseException: java.io.EOFException: End of input at line 1 column 1 path $
	at net.minecraft.util.GsonHelper.m_13780_(GsonHelper.java:526) ~[server-1.20.1-20230612.114412-srg.jar%23420!/:?]
	at net.minecraft.util.GsonHelper.m_263475_(GsonHelper.java:531) ~[server-1.20.1-20230612.114412-srg.jar%23420!/:?]
	at net.minecraft.util.GsonHelper.m_13776_(GsonHelper.java:581) ~[server-1.20.1-20230612.114412-srg.jar%23420!/:?]
	at net.minecraft.server.packs.resources.SimpleJsonResourceReloadListener.m_278771_(SimpleJsonResourceReloadListener.java:41) ~[server-1.20.1-20230612.114412-srg.jar%23420!/:?]
	at net.minecraft.server.packs.resources.SimpleJsonResourceReloadListener.m_5944_(SimpleJsonResourceReloadListener.java:29) ~[server-1.20.1-20230612.114412-srg.jar%23420!/:?]
	at net.minecraft.server.packs.resources.SimpleJsonResourceReloadListener.m_5944_(SimpleJsonResourceReloadListener.java:17) ~[server-1.20.1-20230612.114412-srg.jar%23420!/:?]
	at net.minecraft.server.packs.resources.SimplePreparableReloadListener.m_10786_(SimplePreparableReloadListener.java:11) ~[server-1.20.1-20230612.114412-srg.jar%23420!/:?]
	at java.util.concurrent.CompletableFuture$AsyncSupply.run(CompletableFuture.java:1768) ~[?:?]
	at java.util.concurrent.CompletableFuture$AsyncSupply.exec(CompletableFuture.java:1760) ~[?:?]
	at java.util.concurrent.ForkJoinTask.doExec(ForkJoinTask.java:373) ~[?:?]
	at java.util.concurrent.ForkJoinPool$WorkQueue.topLevelExec(ForkJoinPool.java:1182) ~[?:?]
	at java.util.concurrent.ForkJoinPool.scan(ForkJoinPool.java:1655) ~[?:?]
	at java.util.concurrent.ForkJoinPool.runWorker(ForkJoinPool.java:1622) ~[?:?]
	at java.util.concurrent.ForkJoinWorkerThread.run(ForkJoinWorkerThread.java:165) ~[?:?]
Caused by: java.io.EOFException: End of input at line 1 column 1 path $
	at com.google.gson.stream.JsonReader.nextNonWhitespace(JsonReader.java:1455) ~[gson-2.10.jar%2372!/:?]
	at com.google.gson.stream.JsonReader.doPeek(JsonReader.java:558) ~[gson-2.10.jar%2372!/:?]
	at com.google.gson.stream.JsonReader.peek(JsonReader.java:433) ~[gson-2.10.jar%2372!/:?]
	at com.google.gson.internal.bind.TypeAdapters$28.read(TypeAdapters.java:769) ~[gson-2.10.jar%2372!/:?]
	at com.google.gson.internal.bind.TypeAdapters$28.read(TypeAdapters.java:725) ~[gson-2.10.jar%2372!/:?]
	at com.google.gson.internal.bind.TypeAdapters$34$1.read(TypeAdapters.java:1007) ~[gson-2.10.jar%2372!/:?]
	at net.minecraft.util.GsonHelper.m_13780_(GsonHelper.java:524) ~[server-1.20.1-20230612.114412-srg.jar%23420!/:?]
	... 13 more
[19Apr2026 02:22:06.357] [Worker-Main-2/ERROR] [net.minecraft.server.packs.resources.SimpleJsonResourceReloadListener/]: Couldn't parse data file cataclysm:weapon_infusion/gauntlet_of_bulwark from cataclysm:recipes/weapon_infusion/gauntlet_of_bulwark.json
com.google.gson.JsonParseException: java.io.EOFException: End of input at line 1 column 1 path $
	at net.minecraft.util.GsonHelper.m_13780_(GsonHelper.java:526) ~[server-1.20.1-20230612.114412-srg.jar%23420!/:?]
	at net.minecraft.util.GsonHelper.m_263475_(GsonHelper.java:531) ~[server-1.20.1-20230612.114412-srg.jar%23420!/:?]
	at net.minecraft.util.GsonHelper.m_13776_(GsonHelper.java:581) ~[server-1.20.1-20230612.114412-srg.jar%23420!/:?]
	at net.minecraft.server.packs.resources.SimpleJsonResourceReloadListener.m_278771_(SimpleJsonResourceReloadListener.java:41) ~[server-1.20.1-20230612.114412-srg.jar%23420!/:?]
	at net.minecraft.server.packs.resources.SimpleJsonResourceReloadListener.m_5944_(SimpleJsonResourceReloadListener.java:29) ~[server-1.20.1-20230612.114412-srg.jar%23420!/:?]
	at net.minecraft.server.packs.resources.SimpleJsonResourceReloadListener.m_5944_(SimpleJsonResourceReloadListener.java:17) ~[server-1.20.1-20230612.114412-srg.jar%23420!/:?]
	at net.minecraft.server.packs.resources.SimplePreparableReloadListener.m_10786_(SimplePreparableReloadListener.java:11) ~[server-1.20.1-20230612.114412-srg.jar%23420!/:?]
	at java.util.concurrent.CompletableFuture$AsyncSupply.run(CompletableFuture.java:1768) ~[?:?]
	at java.util.concurrent.CompletableFuture$AsyncSupply.exec(CompletableFuture.java:1760) ~[?:?]
	at java.util.concurrent.ForkJoinTask.doExec(ForkJoinTask.java:373) ~[?:?]
	at java.util.concurrent.ForkJoinPool$WorkQueue.topLevelExec(ForkJoinPool.java:1182) ~[?:?]
	at java.util.concurrent.ForkJoinPool.scan(ForkJoinPool.java:1655) ~[?:?]
	at java.util.concurrent.ForkJoinPool.runWorker(ForkJoinPool.java:1622) ~[?:?]
	at java.util.concurrent.ForkJoinWorkerThread.run(ForkJoinWorkerThread.java:165) ~[?:?]
Caused by: java.io.EOFException: End of input at line 1 column 1 path $
	at com.google.gson.stream.JsonReader.nextNonWhitespace(JsonReader.java:1455) ~[gson-2.10.jar%2372!/:?]
	at com.google.gson.stream.JsonReader.doPeek(JsonReader.java:558) ~[gson-2.10.jar%2372!/:?]
	at com.google.gson.stream.JsonReader.peek(JsonReader.java:433) ~[gson-2.10.jar%2372!/:?]
	at com.google.gson.internal.bind.TypeAdapters$28.read(TypeAdapters.java:769) ~[gson-2.10.jar%2372!/:?]
	at com.google.gson.internal.bind.TypeAdapters$28.read(TypeAdapters.java:725) ~[gson-2.10.jar%2372!/:?]
	at com.google.gson.internal.bind.TypeAdapters$34$1.read(TypeAdapters.java:1007) ~[gson-2.10.jar%2372!/:?]
	at net.minecraft.util.GsonHelper.m_13780_(GsonHelper.java:524) ~[server-1.20.1-20230612.114412-srg.jar%23420!/:?]
	... 13 more
[19Apr2026 02:22:06.357] [Worker-Main-2/ERROR] [net.minecraft.server.packs.resources.SimpleJsonResourceReloadListener/]: Couldn't parse data file cataclysm:weapon_infusion/gauntlet_of_maelstrom from cataclysm:recipes/weapon_infusion/gauntlet_of_maelstrom.json
com.google.gson.JsonParseException: java.io.EOFException: End of input at line 1 column 1 path $
	at net.minecraft.util.GsonHelper.m_13780_(GsonHelper.java:526) ~[server-1.20.1-20230612.114412-srg.jar%23420!/:?]
	at net.minecraft.util.GsonHelper.m_263475_(GsonHelper.java:531) ~[server-1.20.1-20230612.114412-srg.jar%23420!/:?]
	at net.minecraft.util.GsonHelper.m_13776_(GsonHelper.java:581) ~[server-1.20.1-20230612.114412-srg.jar%23420!/:?]
	at net.minecraft.server.packs.resources.SimpleJsonResourceReloadListener.m_278771_(SimpleJsonResourceReloadListener.java:41) ~[server-1.20.1-20230612.114412-srg.jar%23420!/:?]
	at net.minecraft.server.packs.resources.SimpleJsonResourceReloadListener.m_5944_(SimpleJsonResourceReloadListener.java:29) ~[server-1.20.1-20230612.114412-srg.jar%23420!/:?]
	at net.minecraft.server.packs.resources.SimpleJsonResourceReloadListener.m_5944_(SimpleJsonResourceReloadListener.java:17) ~[server-1.20.1-20230612.114412-srg.jar%23420!/:?]
	at net.minecraft.server.packs.resources.SimplePreparableReloadListener.m_10786_(SimplePreparableReloadListener.java:11) ~[server-1.20.1-20230612.114412-srg.jar%23420!/:?]
	at java.util.concurrent.CompletableFuture$AsyncSupply.run(CompletableFuture.java:1768) ~[?:?]
	at java.util.concurrent.CompletableFuture$AsyncSupply.exec(CompletableFuture.java:1760) ~[?:?]
	at java.util.concurrent.ForkJoinTask.doExec(ForkJoinTask.java:373) ~[?:?]
	at java.util.concurrent.ForkJoinPool$WorkQueue.topLevelExec(ForkJoinPool.java:1182) ~[?:?]
	at java.util.concurrent.ForkJoinPool.scan(ForkJoinPool.java:1655) ~[?:?]
	at java.util.concurrent.ForkJoinPool.runWorker(ForkJoinPool.java:1622) ~[?:?]
	at java.util.concurrent.ForkJoinWorkerThread.run(ForkJoinWorkerThread.java:165) ~[?:?]
Caused by: java.io.EOFException: End of input at line 1 column 1 path $
	at com.google.gson.stream.JsonReader.nextNonWhitespace(JsonReader.java:1455) ~[gson-2.10.jar%2372!/:?]
	at com.google.gson.stream.JsonReader.doPeek(JsonReader.java:558) ~[gson-2.10.jar%2372!/:?]
	at com.google.gson.stream.JsonReader.peek(JsonReader.java:433) ~[gson-2.10.jar%2372!/:?]
	at com.google.gson.internal.bind.TypeAdapters$28.read(TypeAdapters.java:769) ~[gson-2.10.jar%2372!/:?]
	at com.google.gson.internal.bind.TypeAdapters$28.read(TypeAdapters.java:725) ~[gson-2.10.jar%2372!/:?]
	at com.google.gson.internal.bind.TypeAdapters$34$1.read(TypeAdapters.java:1007) ~[gson-2.10.jar%2372!/:?]
	at net.minecraft.util.GsonHelper.m_13780_(GsonHelper.java:524) ~[server-1.20.1-20230612.114412-srg.jar%23420!/:?]
	... 13 more
[19Apr2026 02:22:06.360] [Worker-Main-2/ERROR] [net.minecraft.server.packs.resources.SimpleJsonResourceReloadListener/]: Couldn't parse data file cataclysm:weapon_infusion/the_immolator from cataclysm:recipes/weapon_infusion/the_immolator.json
com.google.gson.JsonParseException: java.io.EOFException: End of input at line 1 column 1 path $
	at net.minecraft.util.GsonHelper.m_13780_(GsonHelper.java:526) ~[server-1.20.1-20230612.114412-srg.jar%23420!/:?]
	at net.minecraft.util.GsonHelper.m_263475_(GsonHelper.java:531) ~[server-1.20.1-20230612.114412-srg.jar%23420!/:?]
	at net.minecraft.util.GsonHelper.m_13776_(GsonHelper.java:581) ~[server-1.20.1-20230612.114412-srg.jar%23420!/:?]
	at net.minecraft.server.packs.resources.SimpleJsonResourceReloadListener.m_278771_(SimpleJsonResourceReloadListener.java:41) ~[server-1.20.1-20230612.114412-srg.jar%23420!/:?]
	at net.minecraft.server.packs.resources.SimpleJsonResourceReloadListener.m_5944_(SimpleJsonResourceReloadListener.java:29) ~[server-1.20.1-20230612.114412-srg.jar%23420!/:?]
	at net.minecraft.server.packs.resources.SimpleJsonResourceReloadListener.m_5944_(SimpleJsonResourceReloadListener.java:17) ~[server-1.20.1-20230612.114412-srg.jar%23420!/:?]
	at net.minecraft.server.packs.resources.SimplePreparableReloadListener.m_10786_(SimplePreparableReloadListener.java:11) ~[server-1.20.1-20230612.114412-srg.jar%23420!/:?]
	at java.util.concurrent.CompletableFuture$AsyncSupply.run(CompletableFuture.java:1768) ~[?:?]
	at java.util.concurrent.CompletableFuture$AsyncSupply.exec(CompletableFuture.java:1760) ~[?:?]
	at java.util.concurrent.ForkJoinTask.doExec(ForkJoinTask.java:373) ~[?:?]
	at java.util.concurrent.ForkJoinPool$WorkQueue.topLevelExec(ForkJoinPool.java:1182) ~[?:?]
	at java.util.concurrent.ForkJoinPool.scan(ForkJoinPool.java:1655) ~[?:?]
	at java.util.concurrent.ForkJoinPool.runWorker(ForkJoinPool.java:1622) ~[?:?]
	at java.util.concurrent.ForkJoinWorkerThread.run(ForkJoinWorkerThread.java:165) ~[?:?]
Caused by: java.io.EOFException: End of input at line 1 column 1 path $
	at com.google.gson.stream.JsonReader.nextNonWhitespace(JsonReader.java:1455) ~[gson-2.10.jar%2372!/:?]
	at com.google.gson.stream.JsonReader.doPeek(JsonReader.java:558) ~[gson-2.10.jar%2372!/:?]
	at com.google.gson.stream.JsonReader.peek(JsonReader.java:433) ~[gson-2.10.jar%2372!/:?]
	at com.google.gson.internal.bind.TypeAdapters$28.read(TypeAdapters.java:769) ~[gson-2.10.jar%2372!/:?]
	at com.google.gson.internal.bind.TypeAdapters$28.read(TypeAdapters.java:725) ~[gson-2.10.jar%2372!/:?]
	at com.google.gson.internal.bind.TypeAdapters$34$1.read(TypeAdapters.java:1007) ~[gson-2.10.jar%2372!/:?]
	at net.minecraft.util.GsonHelper.m_13780_(GsonHelper.java:524) ~[server-1.20.1-20230612.114412-srg.jar%23420!/:?]
	... 13 more
[19Apr2026 02:22:06.361] [Worker-Main-2/ERROR] [net.minecraft.server.packs.resources.SimpleJsonResourceReloadListener/]: Couldn't parse data file cataclysm:weapon_infusion/void_assault_shoulder_weapon from cataclysm:recipes/weapon_infusion/void_assault_shoulder_weapon.json
com.google.gson.JsonParseException: java.io.EOFException: End of input at line 1 column 1 path $
	at net.minecraft.util.GsonHelper.m_13780_(GsonHelper.java:526) ~[server-1.20.1-20230612.114412-srg.jar%23420!/:?]
	at net.minecraft.util.GsonHelper.m_263475_(GsonHelper.java:531) ~[server-1.20.1-20230612.114412-srg.jar%23420!/:?]
	at net.minecraft.util.GsonHelper.m_13776_(GsonHelper.java:581) ~[server-1.20.1-20230612.114412-srg.jar%23420!/:?]
	at net.minecraft.server.packs.resources.SimpleJsonResourceReloadListener.m_278771_(SimpleJsonResourceReloadListener.java:41) ~[server-1.20.1-20230612.114412-srg.jar%23420!/:?]
	at net.minecraft.server.packs.resources.SimpleJsonResourceReloadListener.m_5944_(SimpleJsonResourceReloadListener.java:29) ~[server-1.20.1-20230612.114412-srg.jar%23420!/:?]
	at net.minecraft.server.packs.resources.SimpleJsonResourceReloadListener.m_5944_(SimpleJsonResourceReloadListener.java:17) ~[server-1.20.1-20230612.114412-srg.jar%23420!/:?]
	at net.minecraft.server.packs.resources.SimplePreparableReloadListener.m_10786_(SimplePreparableReloadListener.java:11) ~[server-1.20.1-20230612.114412-srg.jar%23420!/:?]
	at java.util.concurrent.CompletableFuture$AsyncSupply.run(CompletableFuture.java:1768) ~[?:?]
	at java.util.concurrent.CompletableFuture$AsyncSupply.exec(CompletableFuture.java:1760) ~[?:?]
	at java.util.concurrent.ForkJoinTask.doExec(ForkJoinTask.java:373) ~[?:?]
	at java.util.concurrent.ForkJoinPool$WorkQueue.topLevelExec(ForkJoinPool.java:1182) ~[?:?]
	at java.util.concurrent.ForkJoinPool.scan(ForkJoinPool.java:1655) ~[?:?]
	at java.util.concurrent.ForkJoinPool.runWorker(ForkJoinPool.java:1622) ~[?:?]
	at java.util.concurrent.ForkJoinWorkerThread.run(ForkJoinWorkerThread.java:165) ~[?:?]
Caused by: java.io.EOFException: End of input at line 1 column 1 path $
	at com.google.gson.stream.JsonReader.nextNonWhitespace(JsonReader.java:1455) ~[gson-2.10.jar%2372!/:?]
	at com.google.gson.stream.JsonReader.doPeek(JsonReader.java:558) ~[gson-2.10.jar%2372!/:?]
	at com.google.gson.stream.JsonReader.peek(JsonReader.java:433) ~[gson-2.10.jar%2372!/:?]
	at com.google.gson.internal.bind.TypeAdapters$28.read(TypeAdapters.java:769) ~[gson-2.10.jar%2372!/:?]
	at com.google.gson.internal.bind.TypeAdapters$28.read(TypeAdapters.java:725) ~[gson-2.10.jar%2372!/:?]
	at com.google.gson.internal.bind.TypeAdapters$34$1.read(TypeAdapters.java:1007) ~[gson-2.10.jar%2372!/:?]
	at net.minecraft.util.GsonHelper.m_13780_(GsonHelper.java:524) ~[server-1.20.1-20230612.114412-srg.jar%23420!/:?]
	... 13 more
[19Apr2026 02:22:06.362] [Worker-Main-2/ERROR] [net.minecraft.server.packs.resources.SimpleJsonResourceReloadListener/]: Couldn't parse data file cataclysm:weapon_infusion/void_forge from cataclysm:recipes/weapon_infusion/void_forge.json
com.google.gson.JsonParseException: java.io.EOFException: End of input at line 1 column 1 path $
	at net.minecraft.util.GsonHelper.m_13780_(GsonHelper.java:526) ~[server-1.20.1-20230612.114412-srg.jar%23420!/:?]
	at net.minecraft.util.GsonHelper.m_263475_(GsonHelper.java:531) ~[server-1.20.1-20230612.114412-srg.jar%23420!/:?]
	at net.minecraft.util.GsonHelper.m_13776_(GsonHelper.java:581) ~[server-1.20.1-20230612.114412-srg.jar%23420!/:?]
	at net.minecraft.server.packs.resources.SimpleJsonResourceReloadListener.m_278771_(SimpleJsonResourceReloadListener.java:41) ~[server-1.20.1-20230612.114412-srg.jar%23420!/:?]
	at net.minecraft.server.packs.resources.SimpleJsonResourceReloadListener.m_5944_(SimpleJsonResourceReloadListener.java:29) ~[server-1.20.1-20230612.114412-srg.jar%23420!/:?]
	at net.minecraft.server.packs.resources.SimpleJsonResourceReloadListener.m_5944_(SimpleJsonResourceReloadListener.java:17) ~[server-1.20.1-20230612.114412-srg.jar%23420!/:?]
	at net.minecraft.server.packs.resources.SimplePreparableReloadListener.m_10786_(SimplePreparableReloadListener.java:11) ~[server-1.20.1-20230612.114412-srg.jar%23420!/:?]
	at java.util.concurrent.CompletableFuture$AsyncSupply.run(CompletableFuture.java:1768) ~[?:?]
	at java.util.concurrent.CompletableFuture$AsyncSupply.exec(CompletableFuture.java:1760) ~[?:?]
	at java.util.concurrent.ForkJoinTask.doExec(ForkJoinTask.java:373) ~[?:?]
	at java.util.concurrent.ForkJoinPool$WorkQueue.topLevelExec(ForkJoinPool.java:1182) ~[?:?]
	at java.util.concurrent.ForkJoinPool.scan(ForkJoinPool.java:1655) ~[?:?]
	at java.util.concurrent.ForkJoinPool.runWorker(ForkJoinPool.java:1622) ~[?:?]
	at java.util.concurrent.ForkJoinWorkerThread.run(ForkJoinWorkerThread.java:165) ~[?:?]
Caused by: java.io.EOFException: End of input at line 1 column 1 path $
	at com.google.gson.stream.JsonReader.nextNonWhitespace(JsonReader.java:1455) ~[gson-2.10.jar%2372!/:?]
	at com.google.gson.stream.JsonReader.doPeek(JsonReader.java:558) ~[gson-2.10.jar%2372!/:?]
	at com.google.gson.stream.JsonReader.peek(JsonReader.java:433) ~[gson-2.10.jar%2372!/:?]
	at com.google.gson.internal.bind.TypeAdapters$28.read(TypeAdapters.java:769) ~[gson-2.10.jar%2372!/:?]
	at com.google.gson.internal.bind.TypeAdapters$28.read(TypeAdapters.java:725) ~[gson-2.10.jar%2372!/:?]
	at com.google.gson.internal.bind.TypeAdapters$34$1.read(TypeAdapters.java:1007) ~[gson-2.10.jar%2372!/:?]
	at net.minecraft.util.GsonHelper.m_13780_(GsonHelper.java:524) ~[server-1.20.1-20230612.114412-srg.jar%23420!/:?]
	... 13 more
[19Apr2026 02:22:06.362] [Worker-Main-2/ERROR] [net.minecraft.server.packs.resources.SimpleJsonResourceReloadListener/]: Couldn't parse data file irons_spellbooks:weapon_parts from irons_spellbooks:recipes/weapon_parts.json
com.google.gson.JsonParseException: java.io.EOFException: End of input at line 1 column 1 path $
	at net.minecraft.util.GsonHelper.m_13780_(GsonHelper.java:526) ~[server-1.20.1-20230612.114412-srg.jar%23420!/:?]
	at net.minecraft.util.GsonHelper.m_263475_(GsonHelper.java:531) ~[server-1.20.1-20230612.114412-srg.jar%23420!/:?]
	at net.minecraft.util.GsonHelper.m_13776_(GsonHelper.java:581) ~[server-1.20.1-20230612.114412-srg.jar%23420!/:?]
	at net.minecraft.server.packs.resources.SimpleJsonResourceReloadListener.m_278771_(SimpleJsonResourceReloadListener.java:41) ~[server-1.20.1-20230612.114412-srg.jar%23420!/:?]
	at net.minecraft.server.packs.resources.SimpleJsonResourceReloadListener.m_5944_(SimpleJsonResourceReloadListener.java:29) ~[server-1.20.1-20230612.114412-srg.jar%23420!/:?]
	at net.minecraft.server.packs.resources.SimpleJsonResourceReloadListener.m_5944_(SimpleJsonResourceReloadListener.java:17) ~[server-1.20.1-20230612.114412-srg.jar%23420!/:?]
	at net.minecraft.server.packs.resources.SimplePreparableReloadListener.m_10786_(SimplePreparableReloadListener.java:11) ~[server-1.20.1-20230612.114412-srg.jar%23420!/:?]
	at java.util.concurrent.CompletableFuture$AsyncSupply.run(CompletableFuture.java:1768) ~[?:?]
	at java.util.concurrent.CompletableFuture$AsyncSupply.exec(CompletableFuture.java:1760) ~[?:?]
	at java.util.concurrent.ForkJoinTask.doExec(ForkJoinTask.java:373) ~[?:?]
	at java.util.concurrent.ForkJoinPool$WorkQueue.topLevelExec(ForkJoinPool.java:1182) ~[?:?]
	at java.util.concurrent.ForkJoinPool.scan(ForkJoinPool.java:1655) ~[?:?]
	at java.util.concurrent.ForkJoinPool.runWorker(ForkJoinPool.java:1622) ~[?:?]
	at java.util.concurrent.ForkJoinWorkerThread.run(ForkJoinWorkerThread.java:165) ~[?:?]
Caused by: java.io.EOFException: End of input at line 1 column 1 path $
	at com.google.gson.stream.JsonReader.nextNonWhitespace(JsonReader.java:1455) ~[gson-2.10.jar%2372!/:?]
	at com.google.gson.stream.JsonReader.doPeek(JsonReader.java:558) ~[gson-2.10.jar%2372!/:?]
	at com.google.gson.stream.JsonReader.peek(JsonReader.java:433) ~[gson-2.10.jar%2372!/:?]
	at com.google.gson.internal.bind.TypeAdapters$28.read(TypeAdapters.java:769) ~[gson-2.10.jar%2372!/:?]
	at com.google.gson.internal.bind.TypeAdapters$28.read(TypeAdapters.java:725) ~[gson-2.10.jar%2372!/:?]
	at com.google.gson.internal.bind.TypeAdapters$34$1.read(TypeAdapters.java:1007) ~[gson-2.10.jar%2372!/:?]
	at net.minecraft.util.GsonHelper.m_13780_(GsonHelper.java:524) ~[server-1.20.1-20230612.114412-srg.jar%23420!/:?]
	... 13 more
[19Apr2026 02:22:06.368] [Worker-Main-2/ERROR] [net.minecraft.server.packs.resources.SimpleJsonResourceReloadListener/]: Couldn't parse data file cataclysm:wither_assault_shoulder_weapon from cataclysm:recipes/wither_assault_shoulder_weapon.json
com.google.gson.JsonParseException: java.io.EOFException: End of input at line 1 column 1 path $
	at net.minecraft.util.GsonHelper.m_13780_(GsonHelper.java:526) ~[server-1.20.1-20230612.114412-srg.jar%23420!/:?]
	at net.minecraft.util.GsonHelper.m_263475_(GsonHelper.java:531) ~[server-1.20.1-20230612.114412-srg.jar%23420!/:?]
	at net.minecraft.util.GsonHelper.m_13776_(GsonHelper.java:581) ~[server-1.20.1-20230612.114412-srg.jar%23420!/:?]
	at net.minecraft.server.packs.resources.SimpleJsonResourceReloadListener.m_278771_(SimpleJsonResourceReloadListener.java:41) ~[server-1.20.1-20230612.114412-srg.jar%23420!/:?]
	at net.minecraft.server.packs.resources.SimpleJsonResourceReloadListener.m_5944_(SimpleJsonResourceReloadListener.java:29) ~[server-1.20.1-20230612.114412-srg.jar%23420!/:?]
	at net.minecraft.server.packs.resources.SimpleJsonResourceReloadListener.m_5944_(SimpleJsonResourceReloadListener.java:17) ~[server-1.20.1-20230612.114412-srg.jar%23420!/:?]
	at net.minecraft.server.packs.resources.SimplePreparableReloadListener.m_10786_(SimplePreparableReloadListener.java:11) ~[server-1.20.1-20230612.114412-srg.jar%23420!/:?]
	at java.util.concurrent.CompletableFuture$AsyncSupply.run(CompletableFuture.java:1768) ~[?:?]
	at java.util.concurrent.CompletableFuture$AsyncSupply.exec(CompletableFuture.java:1760) ~[?:?]
	at java.util.concurrent.ForkJoinTask.doExec(ForkJoinTask.java:373) ~[?:?]
	at java.util.concurrent.ForkJoinPool$WorkQueue.topLevelExec(ForkJoinPool.java:1182) ~[?:?]
	at java.util.concurrent.ForkJoinPool.scan(ForkJoinPool.java:1655) ~[?:?]
	at java.util.concurrent.ForkJoinPool.runWorker(ForkJoinPool.java:1622) ~[?:?]
	at java.util.concurrent.ForkJoinWorkerThread.run(ForkJoinWorkerThread.java:165) ~[?:?]
Caused by: java.io.EOFException: End of input at line 1 column 1 path $
	at com.google.gson.stream.JsonReader.nextNonWhitespace(JsonReader.java:1455) ~[gson-2.10.jar%2372!/:?]
	at com.google.gson.stream.JsonReader.doPeek(JsonReader.java:558) ~[gson-2.10.jar%2372!/:?]
	at com.google.gson.stream.JsonReader.peek(JsonReader.java:433) ~[gson-2.10.jar%2372!/:?]
	at com.google.gson.internal.bind.TypeAdapters$28.read(TypeAdapters.java:769) ~[gson-2.10.jar%2372!/:?]
	at com.google.gson.internal.bind.TypeAdapters$28.read(TypeAdapters.java:725) ~[gson-2.10.jar%2372!/:?]
	at com.google.gson.internal.bind.TypeAdapters$34$1.read(TypeAdapters.java:1007) ~[gson-2.10.jar%2372!/:?]
	at net.minecraft.util.GsonHelper.m_13780_(GsonHelper.java:524) ~[server-1.20.1-20230612.114412-srg.jar%23420!/:?]
	... 13 more
[19Apr2026 02:22:06.381] [Worker-Main-2/ERROR] [net.minecraft.server.packs.resources.SimpleJsonResourceReloadListener/]: Couldn't parse data file efn:zansetsu from efn:recipes/zansetsu.json
com.google.gson.JsonParseException: java.io.EOFException: End of input at line 1 column 1 path $
	at net.minecraft.util.GsonHelper.m_13780_(GsonHelper.java:526) ~[server-1.20.1-20230612.114412-srg.jar%23420!/:?]
	at net.minecraft.util.GsonHelper.m_263475_(GsonHelper.java:531) ~[server-1.20.1-20230612.114412-srg.jar%23420!/:?]
	at net.minecraft.util.GsonHelper.m_13776_(GsonHelper.java:581) ~[server-1.20.1-20230612.114412-srg.jar%23420!/:?]
	at net.minecraft.server.packs.resources.SimpleJsonResourceReloadListener.m_278771_(SimpleJsonResourceReloadListener.java:41) ~[server-1.20.1-20230612.114412-srg.jar%23420!/:?]
	at net.minecraft.server.packs.resources.SimpleJsonResourceReloadListener.m_5944_(SimpleJsonResourceReloadListener.java:29) ~[server-1.20.1-20230612.114412-srg.jar%23420!/:?]
	at net.minecraft.server.packs.resources.SimpleJsonResourceReloadListener.m_5944_(SimpleJsonResourceReloadListener.java:17) ~[server-1.20.1-20230612.114412-srg.jar%23420!/:?]
	at net.minecraft.server.packs.resources.SimplePreparableReloadListener.m_10786_(SimplePreparableReloadListener.java:11) ~[server-1.20.1-20230612.114412-srg.jar%23420!/:?]
	at java.util.concurrent.CompletableFuture$AsyncSupply.run(CompletableFuture.java:1768) ~[?:?]
	at java.util.concurrent.CompletableFuture$AsyncSupply.exec(CompletableFuture.java:1760) ~[?:?]
	at java.util.concurrent.ForkJoinTask.doExec(ForkJoinTask.java:373) ~[?:?]
	at java.util.concurrent.ForkJoinPool$WorkQueue.topLevelExec(ForkJoinPool.java:1182) ~[?:?]
	at java.util.concurrent.ForkJoinPool.scan(ForkJoinPool.java:1655) ~[?:?]
	at java.util.concurrent.ForkJoinPool.runWorker(ForkJoinPool.java:1622) ~[?:?]
	at java.util.concurrent.ForkJoinWorkerThread.run(ForkJoinWorkerThread.java:165) ~[?:?]
Caused by: java.io.EOFException: End of input at line 1 column 1 path $
	at com.google.gson.stream.JsonReader.nextNonWhitespace(JsonReader.java:1455) ~[gson-2.10.jar%2372!/:?]
	at com.google.gson.stream.JsonReader.doPeek(JsonReader.java:558) ~[gson-2.10.jar%2372!/:?]
	at com.google.gson.stream.JsonReader.peek(JsonReader.java:433) ~[gson-2.10.jar%2372!/:?]
	at com.google.gson.internal.bind.TypeAdapters$28.read(TypeAdapters.java:769) ~[gson-2.10.jar%2372!/:?]
	at com.google.gson.internal.bind.TypeAdapters$28.read(TypeAdapters.java:725) ~[gson-2.10.jar%2372!/:?]
	at com.google.gson.internal.bind.TypeAdapters$34$1.read(TypeAdapters.java:1007) ~[gson-2.10.jar%2372!/:?]
	at net.minecraft.util.GsonHelper.m_13780_(GsonHelper.java:524) ~[server-1.20.1-20230612.114412-srg.jar%23420!/:?]
	... 13 more
[19Apr2026 02:22:06.659] [Worker-Main-1/ERROR] [net.minecraftforge.common.ForgeHooks/]: Couldn't parse element loot_tables:beyonddimensions:blocks/mana_pool_pathway
com.google.gson.JsonSyntaxException: Expected name to be an item, was unknown string 'beyonddimensions:mana_pool_pathway'
	at net.minecraft.util.GsonHelper.m_13866_(GsonHelper.java:145) ~[server-1.20.1-20230612.114412-srg.jar%23420!/:?]
	at java.util.Optional.orElseThrow(Optional.java:403) ~[?:?]
	at net.minecraft.util.GsonHelper.m_13874_(GsonHelper.java:145) ~[server-1.20.1-20230612.114412-srg.jar%23420!/:?]
	at net.minecraft.util.GsonHelper.m_13909_(GsonHelper.java:153) ~[server-1.20.1-20230612.114412-srg.jar%23420!/:?]
	at net.minecraft.world.level.storage.loot.entries.LootItem$Serializer.m_7267_(LootItem.java:55) ~[server-1.20.1-20230612.114412-srg.jar%23420!/:?]
	at net.minecraft.world.level.storage.loot.entries.LootItem$Serializer.m_7267_(LootItem.java:40) ~[server-1.20.1-20230612.114412-srg.jar%23420!/:?]
	at net.minecraft.world.level.storage.loot.entries.LootPoolSingletonContainer$Serializer.m_5921_(LootPoolSingletonContainer.java:151) ~[server-1.20.1-20230612.114412-srg.jar%23420!/:?]
	at net.minecraft.world.level.storage.loot.entries.LootPoolSingletonContainer$Serializer.m_5921_(LootPoolSingletonContainer.java:129) ~[server-1.20.1-20230612.114412-srg.jar%23420!/:?]
	at net.minecraft.world.level.storage.loot.entries.LootPoolEntryContainer$Serializer.m_7561_(LootPoolEntryContainer.java:86) ~[server-1.20.1-20230612.114412-srg.jar%23420!/:?]
	at net.minecraft.world.level.storage.loot.entries.LootPoolEntryContainer$Serializer.m_7561_(LootPoolEntryContainer.java:74) ~[server-1.20.1-20230612.114412-srg.jar%23420!/:?]
	at net.minecraft.world.level.storage.loot.GsonAdapterFactory$JsonAdapter.deserialize(GsonAdapterFactory.java:102) ~[server-1.20.1-20230612.114412-srg.jar%23420!/:?]
	at com.google.gson.internal.bind.TreeTypeAdapter.read(TreeTypeAdapter.java:76) ~[gson-2.10.jar%2372!/:?]
	at com.google.gson.internal.bind.TypeAdapterRuntimeTypeWrapper.read(TypeAdapterRuntimeTypeWrapper.java:40) ~[gson-2.10.jar%2372!/:?]
	at com.google.gson.internal.bind.ArrayTypeAdapter.read(ArrayTypeAdapter.java:72) ~[gson-2.10.jar%2372!/:?]
	at com.google.gson.Gson.fromJson(Gson.java:1214) ~[gson-2.10.jar%2372!/:?]
	at com.google.gson.Gson.fromJson(Gson.java:1319) ~[gson-2.10.jar%2372!/:?]
	at com.google.gson.Gson.fromJson(Gson.java:1290) ~[gson-2.10.jar%2372!/:?]
	at com.google.gson.internal.bind.TreeTypeAdapter$GsonContextImpl.deserialize(TreeTypeAdapter.java:179) ~[gson-2.10.jar%2372!/:?]
	at net.minecraft.util.GsonHelper.m_13808_(GsonHelper.java:463) ~[server-1.20.1-20230612.114412-srg.jar%23420!/:?]
	at net.minecraft.util.GsonHelper.m_13836_(GsonHelper.java:471) ~[server-1.20.1-20230612.114412-srg.jar%23420!/:?]
	at net.minecraft.world.level.storage.loot.LootPool$Serializer.deserialize(LootPool.java:192) ~[server-1.20.1-20230612.114412-srg.jar%23420!/:?]
	at net.minecraft.world.level.storage.loot.LootPool$Serializer.deserialize(LootPool.java:189) ~[server-1.20.1-20230612.114412-srg.jar%23420!/:?]
	at com.google.gson.internal.bind.TreeTypeAdapter.read(TreeTypeAdapter.java:76) ~[gson-2.10.jar%2372!/:?]
	at com.google.gson.internal.bind.TypeAdapterRuntimeTypeWrapper.read(TypeAdapterRuntimeTypeWrapper.java:40) ~[gson-2.10.jar%2372!/:?]
	at com.google.gson.internal.bind.ArrayTypeAdapter.read(ArrayTypeAdapter.java:72) ~[gson-2.10.jar%2372!/:?]
	at com.google.gson.Gson.fromJson(Gson.java:1214) ~[gson-2.10.jar%2372!/:?]
	at com.google.gson.Gson.fromJson(Gson.java:1319) ~[gson-2.10.jar%2372!/:?]
	at com.google.gson.Gson.fromJson(Gson.java:1290) ~[gson-2.10.jar%2372!/:?]
	at com.google.gson.internal.bind.TreeTypeAdapter$GsonContextImpl.deserialize(TreeTypeAdapter.java:179) ~[gson-2.10.jar%2372!/:?]
	at net.minecraft.util.GsonHelper.m_13808_(GsonHelper.java:463) ~[server-1.20.1-20230612.114412-srg.jar%23420!/:?]
	at net.minecraft.util.GsonHelper.m_13845_(GsonHelper.java:481) ~[server-1.20.1-20230612.114412-srg.jar%23420!/:?]
	at net.minecraft.world.level.storage.loot.LootTable$Serializer.deserialize(LootTable.java:294) ~[server-1.20.1-20230612.114412-srg.jar%23420!/:?]
	at net.minecraft.world.level.storage.loot.LootTable$Serializer.deserialize(LootTable.java:291) ~[server-1.20.1-20230612.114412-srg.jar%23420!/:?]
	at com.google.gson.internal.bind.TreeTypeAdapter.read(TreeTypeAdapter.java:76) ~[gson-2.10.jar%2372!/:?]
	at com.google.gson.Gson.fromJson(Gson.java:1214) ~[gson-2.10.jar%2372!/:?]
	at com.google.gson.Gson.fromJson(Gson.java:1319) ~[gson-2.10.jar%2372!/:?]
	at com.google.gson.Gson.fromJson(Gson.java:1261) ~[gson-2.10.jar%2372!/:?]
	at net.minecraftforge.common.ForgeHooks.loadLootTable(ForgeHooks.java:871) ~[forge-1.20.1-47.4.4-universal.jar%23425!/:?]
	at net.minecraftforge.common.ForgeHooks.lambda$getLootTableDeserializer$3(ForgeHooks.java:848) ~[forge-1.20.1-47.4.4-universal.jar%23425!/:?]
	at net.minecraft.world.level.storage.loot.LootDataType.deserialize(LootDataType.java:45) ~[server-1.20.1-20230612.114412-srg.jar%23420!/:?]
	at net.minecraft.world.level.storage.loot.LootDataManager.lambda$scheduleElementParse$4(LootDataManager.java:56) ~[server-1.20.1-20230612.114412-srg.jar%23420!/:?]
	at java.util.HashMap.forEach(HashMap.java:1421) ~[?:?]
	at net.minecraft.world.level.storage.loot.LootDataManager.m_278660_(LootDataManager.java:55) ~[server-1.20.1-20230612.114412-srg.jar%23420!/:?]
	at java.util.concurrent.CompletableFuture$AsyncRun.run(CompletableFuture.java:1804) ~[?:?]
	at java.util.concurrent.CompletableFuture$AsyncRun.exec(CompletableFuture.java:1796) ~[?:?]
	at java.util.concurrent.ForkJoinTask.doExec(ForkJoinTask.java:373) ~[?:?]
	at java.util.concurrent.ForkJoinPool$WorkQueue.topLevelExec(ForkJoinPool.java:1182) ~[?:?]
	at java.util.concurrent.ForkJoinPool.scan(ForkJoinPool.java:1655) ~[?:?]
	at java.util.concurrent.ForkJoinPool.runWorker(ForkJoinPool.java:1622) ~[?:?]
	at java.util.concurrent.ForkJoinWorkerThread.run(ForkJoinWorkerThread.java:165) ~[?:?]
[19Apr2026 02:22:07.149] [Worker-Main-1/ERROR] [net.minecraftforge.common.ForgeHooks/]: Couldn't parse element loot_tables:bookofdragons:chests/stoker_den
com.google.gson.JsonSyntaxException: Expected name to be an item, was unknown string 'bookofdragons:monstrousnightmare_egg'
	at net.minecraft.util.GsonHelper.m_13866_(GsonHelper.java:145) ~[server-1.20.1-20230612.114412-srg.jar%23420!/:?]
	at java.util.Optional.orElseThrow(Optional.java:403) ~[?:?]
	at net.minecraft.util.GsonHelper.m_13874_(GsonHelper.java:145) ~[server-1.20.1-20230612.114412-srg.jar%23420!/:?]
	at net.minecraft.util.GsonHelper.m_13909_(GsonHelper.java:153) ~[server-1.20.1-20230612.114412-srg.jar%23420!/:?]
	at net.minecraft.world.level.storage.loot.entries.LootItem$Serializer.m_7267_(LootItem.java:55) ~[server-1.20.1-20230612.114412-srg.jar%23420!/:?]
	at net.minecraft.world.level.storage.loot.entries.LootItem$Serializer.m_7267_(LootItem.java:40) ~[server-1.20.1-20230612.114412-srg.jar%23420!/:?]
	at net.minecraft.world.level.storage.loot.entries.LootPoolSingletonContainer$Serializer.m_5921_(LootPoolSingletonContainer.java:151) ~[server-1.20.1-20230612.114412-srg.jar%23420!/:?]
	at net.minecraft.world.level.storage.loot.entries.LootPoolSingletonContainer$Serializer.m_5921_(LootPoolSingletonContainer.java:129) ~[server-1.20.1-20230612.114412-srg.jar%23420!/:?]
	at net.minecraft.world.level.storage.loot.entries.LootPoolEntryContainer$Serializer.m_7561_(LootPoolEntryContainer.java:86) ~[server-1.20.1-20230612.114412-srg.jar%23420!/:?]
	at net.minecraft.world.level.storage.loot.entries.LootPoolEntryContainer$Serializer.m_7561_(LootPoolEntryContainer.java:74) ~[server-1.20.1-20230612.114412-srg.jar%23420!/:?]
	at net.minecraft.world.level.storage.loot.GsonAdapterFactory$JsonAdapter.deserialize(GsonAdapterFactory.java:102) ~[server-1.20.1-20230612.114412-srg.jar%23420!/:?]
	at com.google.gson.internal.bind.TreeTypeAdapter.read(TreeTypeAdapter.java:76) ~[gson-2.10.jar%2372!/:?]
	at com.google.gson.internal.bind.TypeAdapterRuntimeTypeWrapper.read(TypeAdapterRuntimeTypeWrapper.java:40) ~[gson-2.10.jar%2372!/:?]
	at com.google.gson.internal.bind.ArrayTypeAdapter.read(ArrayTypeAdapter.java:72) ~[gson-2.10.jar%2372!/:?]
	at com.google.gson.Gson.fromJson(Gson.java:1214) ~[gson-2.10.jar%2372!/:?]
	at com.google.gson.Gson.fromJson(Gson.java:1319) ~[gson-2.10.jar%2372!/:?]
	at com.google.gson.Gson.fromJson(Gson.java:1290) ~[gson-2.10.jar%2372!/:?]
	at com.google.gson.internal.bind.TreeTypeAdapter$GsonContextImpl.deserialize(TreeTypeAdapter.java:179) ~[gson-2.10.jar%2372!/:?]
	at net.minecraft.util.GsonHelper.m_13808_(GsonHelper.java:463) ~[server-1.20.1-20230612.114412-srg.jar%23420!/:?]
	at net.minecraft.util.GsonHelper.m_13836_(GsonHelper.java:471) ~[server-1.20.1-20230612.114412-srg.jar%23420!/:?]
	at net.minecraft.world.level.storage.loot.LootPool$Serializer.deserialize(LootPool.java:192) ~[server-1.20.1-20230612.114412-srg.jar%23420!/:?]
	at net.minecraft.world.level.storage.loot.LootPool$Serializer.deserialize(LootPool.java:189) ~[server-1.20.1-20230612.114412-srg.jar%23420!/:?]
	at com.google.gson.internal.bind.TreeTypeAdapter.read(TreeTypeAdapter.java:76) ~[gson-2.10.jar%2372!/:?]
	at com.google.gson.internal.bind.TypeAdapterRuntimeTypeWrapper.read(TypeAdapterRuntimeTypeWrapper.java:40) ~[gson-2.10.jar%2372!/:?]
	at com.google.gson.internal.bind.ArrayTypeAdapter.read(ArrayTypeAdapter.java:72) ~[gson-2.10.jar%2372!/:?]
	at com.google.gson.Gson.fromJson(Gson.java:1214) ~[gson-2.10.jar%2372!/:?]
	at com.google.gson.Gson.fromJson(Gson.java:1319) ~[gson-2.10.jar%2372!/:?]
	at com.google.gson.Gson.fromJson(Gson.java:1290) ~[gson-2.10.jar%2372!/:?]
	at com.google.gson.internal.bind.TreeTypeAdapter$GsonContextImpl.deserialize(TreeTypeAdapter.java:179) ~[gson-2.10.jar%2372!/:?]
	at net.minecraft.util.GsonHelper.m_13808_(GsonHelper.java:463) ~[server-1.20.1-20230612.114412-srg.jar%23420!/:?]
	at net.minecraft.util.GsonHelper.m_13845_(GsonHelper.java:481) ~[server-1.20.1-20230612.114412-srg.jar%23420!/:?]
	at net.minecraft.world.level.storage.loot.LootTable$Serializer.deserialize(LootTable.java:294) ~[server-1.20.1-20230612.114412-srg.jar%23420!/:?]
	at net.minecraft.world.level.storage.loot.LootTable$Serializer.deserialize(LootTable.java:291) ~[server-1.20.1-20230612.114412-srg.jar%23420!/:?]
	at com.google.gson.internal.bind.TreeTypeAdapter.read(TreeTypeAdapter.java:76) ~[gson-2.10.jar%2372!/:?]
	at com.google.gson.Gson.fromJson(Gson.java:1214) ~[gson-2.10.jar%2372!/:?]
	at com.google.gson.Gson.fromJson(Gson.java:1319) ~[gson-2.10.jar%2372!/:?]
	at com.google.gson.Gson.fromJson(Gson.java:1261) ~[gson-2.10.jar%2372!/:?]
	at net.minecraftforge.common.ForgeHooks.loadLootTable(ForgeHooks.java:871) ~[forge-1.20.1-47.4.4-universal.jar%23425!/:?]
	at net.minecraftforge.common.ForgeHooks.lambda$getLootTableDeserializer$3(ForgeHooks.java:848) ~[forge-1.20.1-47.4.4-universal.jar%23425!/:?]
	at net.minecraft.world.level.storage.loot.LootDataType.deserialize(LootDataType.java:45) ~[server-1.20.1-20230612.114412-srg.jar%23420!/:?]
	at net.minecraft.world.level.storage.loot.LootDataManager.lambda$scheduleElementParse$4(LootDataManager.java:56) ~[server-1.20.1-20230612.114412-srg.jar%23420!/:?]
	at java.util.HashMap.forEach(HashMap.java:1421) ~[?:?]
	at net.minecraft.world.level.storage.loot.LootDataManager.m_278660_(LootDataManager.java:55) ~[server-1.20.1-20230612.114412-srg.jar%23420!/:?]
	at java.util.concurrent.CompletableFuture$AsyncRun.run(CompletableFuture.java:1804) ~[?:?]
	at java.util.concurrent.CompletableFuture$AsyncRun.exec(CompletableFuture.java:1796) ~[?:?]
	at java.util.concurrent.ForkJoinTask.doExec(ForkJoinTask.java:373) ~[?:?]
	at java.util.concurrent.ForkJoinPool$WorkQueue.topLevelExec(ForkJoinPool.java:1182) ~[?:?]
	at java.util.concurrent.ForkJoinPool.scan(ForkJoinPool.java:1655) ~[?:?]
	at java.util.concurrent.ForkJoinPool.runWorker(ForkJoinPool.java:1622) ~[?:?]
	at java.util.concurrent.ForkJoinWorkerThread.run(ForkJoinWorkerThread.java:165) ~[?:?]
[19Apr2026 02:22:07.258] [Worker-Main-1/ERROR] [net.minecraftforge.common.ForgeHooks/]: Couldn't parse element loot_tables:bookofdragons:chests/sharp_nest
com.google.gson.JsonSyntaxException: Expected name to be an item, was unknown string 'bookofdragons:deadlynadder_egg'
	at net.minecraft.util.GsonHelper.m_13866_(GsonHelper.java:145) ~[server-1.20.1-20230612.114412-srg.jar%23420!/:?]
	at java.util.Optional.orElseThrow(Optional.java:403) ~[?:?]
	at net.minecraft.util.GsonHelper.m_13874_(GsonHelper.java:145) ~[server-1.20.1-20230612.114412-srg.jar%23420!/:?]
	at net.minecraft.util.GsonHelper.m_13909_(GsonHelper.java:153) ~[server-1.20.1-20230612.114412-srg.jar%23420!/:?]
	at net.minecraft.world.level.storage.loot.entries.LootItem$Serializer.m_7267_(LootItem.java:55) ~[server-1.20.1-20230612.114412-srg.jar%23420!/:?]
	at net.minecraft.world.level.storage.loot.entries.LootItem$Serializer.m_7267_(LootItem.java:40) ~[server-1.20.1-20230612.114412-srg.jar%23420!/:?]
	at net.minecraft.world.level.storage.loot.entries.LootPoolSingletonContainer$Serializer.m_5921_(LootPoolSingletonContainer.java:151) ~[server-1.20.1-20230612.114412-srg.jar%23420!/:?]
	at net.minecraft.world.level.storage.loot.entries.LootPoolSingletonContainer$Serializer.m_5921_(LootPoolSingletonContainer.java:129) ~[server-1.20.1-20230612.114412-srg.jar%23420!/:?]
	at net.minecraft.world.level.storage.loot.entries.LootPoolEntryContainer$Serializer.m_7561_(LootPoolEntryContainer.java:86) ~[server-1.20.1-20230612.114412-srg.jar%23420!/:?]
	at net.minecraft.world.level.storage.loot.entries.LootPoolEntryContainer$Serializer.m_7561_(LootPoolEntryContainer.java:74) ~[server-1.20.1-20230612.114412-srg.jar%23420!/:?]
	at net.minecraft.world.level.storage.loot.GsonAdapterFactory$JsonAdapter.deserialize(GsonAdapterFactory.java:102) ~[server-1.20.1-20230612.114412-srg.jar%23420!/:?]
	at com.google.gson.internal.bind.TreeTypeAdapter.read(TreeTypeAdapter.java:76) ~[gson-2.10.jar%2372!/:?]
	at com.google.gson.internal.bind.TypeAdapterRuntimeTypeWrapper.read(TypeAdapterRuntimeTypeWrapper.java:40) ~[gson-2.10.jar%2372!/:?]
	at com.google.gson.internal.bind.ArrayTypeAdapter.read(ArrayTypeAdapter.java:72) ~[gson-2.10.jar%2372!/:?]
	at com.google.gson.Gson.fromJson(Gson.java:1214) ~[gson-2.10.jar%2372!/:?]
	at com.google.gson.Gson.fromJson(Gson.java:1319) ~[gson-2.10.jar%2372!/:?]
	at com.google.gson.Gson.fromJson(Gson.java:1290) ~[gson-2.10.jar%2372!/:?]
	at com.google.gson.internal.bind.TreeTypeAdapter$GsonContextImpl.deserialize(TreeTypeAdapter.java:179) ~[gson-2.10.jar%2372!/:?]
	at net.minecraft.util.GsonHelper.m_13808_(GsonHelper.java:463) ~[server-1.20.1-20230612.114412-srg.jar%23420!/:?]
	at net.minecraft.util.GsonHelper.m_13836_(GsonHelper.java:471) ~[server-1.20.1-20230612.114412-srg.jar%23420!/:?]
	at net.minecraft.world.level.storage.loot.LootPool$Serializer.deserialize(LootPool.java:192) ~[server-1.20.1-20230612.114412-srg.jar%23420!/:?]
	at net.minecraft.world.level.storage.loot.LootPool$Serializer.deserialize(LootPool.java:189) ~[server-1.20.1-20230612.114412-srg.jar%23420!/:?]
	at com.google.gson.internal.bind.TreeTypeAdapter.read(TreeTypeAdapter.java:76) ~[gson-2.10.jar%2372!/:?]
	at com.google.gson.internal.bind.TypeAdapterRuntimeTypeWrapper.read(TypeAdapterRuntimeTypeWrapper.java:40) ~[gson-2.10.jar%2372!/:?]
	at com.google.gson.internal.bind.ArrayTypeAdapter.read(ArrayTypeAdapter.java:72) ~[gson-2.10.jar%2372!/:?]
	at com.google.gson.Gson.fromJson(Gson.java:1214) ~[gson-2.10.jar%2372!/:?]
	at com.google.gson.Gson.fromJson(Gson.java:1319) ~[gson-2.10.jar%2372!/:?]
	at com.google.gson.Gson.fromJson(Gson.java:1290) ~[gson-2.10.jar%2372!/:?]
	at com.google.gson.internal.bind.TreeTypeAdapter$GsonContextImpl.deserialize(TreeTypeAdapter.java:179) ~[gson-2.10.jar%2372!/:?]
	at net.minecraft.util.GsonHelper.m_13808_(GsonHelper.java:463) ~[server-1.20.1-20230612.114412-srg.jar%23420!/:?]
	at net.minecraft.util.GsonHelper.m_13845_(GsonHelper.java:481) ~[server-1.20.1-20230612.114412-srg.jar%23420!/:?]
	at net.minecraft.world.level.storage.loot.LootTable$Serializer.deserialize(LootTable.java:294) ~[server-1.20.1-20230612.114412-srg.jar%23420!/:?]
	at net.minecraft.world.level.storage.loot.LootTable$Serializer.deserialize(LootTable.java:291) ~[server-1.20.1-20230612.114412-srg.jar%23420!/:?]
	at com.google.gson.internal.bind.TreeTypeAdapter.read(TreeTypeAdapter.java:76) ~[gson-2.10.jar%2372!/:?]
	at com.google.gson.Gson.fromJson(Gson.java:1214) ~[gson-2.10.jar%2372!/:?]
	at com.google.gson.Gson.fromJson(Gson.java:1319) ~[gson-2.10.jar%2372!/:?]
	at com.google.gson.Gson.fromJson(Gson.java:1261) ~[gson-2.10.jar%2372!/:?]
	at net.minecraftforge.common.ForgeHooks.loadLootTable(ForgeHooks.java:871) ~[forge-1.20.1-47.4.4-universal.jar%23425!/:?]
	at net.minecraftforge.common.ForgeHooks.lambda$getLootTableDeserializer$3(ForgeHooks.java:848) ~[forge-1.20.1-47.4.4-universal.jar%23425!/:?]
	at net.minecraft.world.level.storage.loot.LootDataType.deserialize(LootDataType.java:45) ~[server-1.20.1-20230612.114412-srg.jar%23420!/:?]
	at net.minecraft.world.level.storage.loot.LootDataManager.lambda$scheduleElementParse$4(LootDataManager.java:56) ~[server-1.20.1-20230612.114412-srg.jar%23420!/:?]
	at java.util.HashMap.forEach(HashMap.java:1421) ~[?:?]
	at net.minecraft.world.level.storage.loot.LootDataManager.m_278660_(LootDataManager.java:55) ~[server-1.20.1-20230612.114412-srg.jar%23420!/:?]
	at java.util.concurrent.CompletableFuture$AsyncRun.run(CompletableFuture.java:1804) ~[?:?]
	at java.util.concurrent.CompletableFuture$AsyncRun.exec(CompletableFuture.java:1796) ~[?:?]
	at java.util.concurrent.ForkJoinTask.doExec(ForkJoinTask.java:373) ~[?:?]
	at java.util.concurrent.ForkJoinPool$WorkQueue.topLevelExec(ForkJoinPool.java:1182) ~[?:?]
	at java.util.concurrent.ForkJoinPool.scan(ForkJoinPool.java:1655) ~[?:?]
	at java.util.concurrent.ForkJoinPool.runWorker(ForkJoinPool.java:1622) ~[?:?]
	at java.util.concurrent.ForkJoinWorkerThread.run(ForkJoinWorkerThread.java:165) ~[?:?]
[19Apr2026 02:22:07.882] [Worker-Main-1/ERROR] [net.minecraftforge.common.ForgeHooks/]: Couldn't parse element loot_tables:bookofdragons:chests/mystery_burrow
com.google.gson.JsonSyntaxException: Expected name to be an item, was unknown string 'bookofdragons:hiddeouszippleback_egg'
	at net.minecraft.util.GsonHelper.m_13866_(GsonHelper.java:145) ~[server-1.20.1-20230612.114412-srg.jar%23420!/:?]
	at java.util.Optional.orElseThrow(Optional.java:403) ~[?:?]
	at net.minecraft.util.GsonHelper.m_13874_(GsonHelper.java:145) ~[server-1.20.1-20230612.114412-srg.jar%23420!/:?]
	at net.minecraft.util.GsonHelper.m_13909_(GsonHelper.java:153) ~[server-1.20.1-20230612.114412-srg.jar%23420!/:?]
	at net.minecraft.world.level.storage.loot.entries.LootItem$Serializer.m_7267_(LootItem.java:55) ~[server-1.20.1-20230612.114412-srg.jar%23420!/:?]
	at net.minecraft.world.level.storage.loot.entries.LootItem$Serializer.m_7267_(LootItem.java:40) ~[server-1.20.1-20230612.114412-srg.jar%23420!/:?]
	at net.minecraft.world.level.storage.loot.entries.LootPoolSingletonContainer$Serializer.m_5921_(LootPoolSingletonContainer.java:151) ~[server-1.20.1-20230612.114412-srg.jar%23420!/:?]
	at net.minecraft.world.level.storage.loot.entries.LootPoolSingletonContainer$Serializer.m_5921_(LootPoolSingletonContainer.java:129) ~[server-1.20.1-20230612.114412-srg.jar%23420!/:?]
	at net.minecraft.world.level.storage.loot.entries.LootPoolEntryContainer$Serializer.m_7561_(LootPoolEntryContainer.java:86) ~[server-1.20.1-20230612.114412-srg.jar%23420!/:?]
	at net.minecraft.world.level.storage.loot.entries.LootPoolEntryContainer$Serializer.m_7561_(LootPoolEntryContainer.java:74) ~[server-1.20.1-20230612.114412-srg.jar%23420!/:?]
	at net.minecraft.world.level.storage.loot.GsonAdapterFactory$JsonAdapter.deserialize(GsonAdapterFactory.java:102) ~[server-1.20.1-20230612.114412-srg.jar%23420!/:?]
	at com.google.gson.internal.bind.TreeTypeAdapter.read(TreeTypeAdapter.java:76) ~[gson-2.10.jar%2372!/:?]
	at com.google.gson.internal.bind.TypeAdapterRuntimeTypeWrapper.read(TypeAdapterRuntimeTypeWrapper.java:40) ~[gson-2.10.jar%2372!/:?]
	at com.google.gson.internal.bind.ArrayTypeAdapter.read(ArrayTypeAdapter.java:72) ~[gson-2.10.jar%2372!/:?]
	at com.google.gson.Gson.fromJson(Gson.java:1214) ~[gson-2.10.jar%2372!/:?]
	at com.google.gson.Gson.fromJson(Gson.java:1319) ~[gson-2.10.jar%2372!/:?]
	at com.google.gson.Gson.fromJson(Gson.java:1290) ~[gson-2.10.jar%2372!/:?]
	at com.google.gson.internal.bind.TreeTypeAdapter$GsonContextImpl.deserialize(TreeTypeAdapter.java:179) ~[gson-2.10.jar%2372!/:?]
	at net.minecraft.util.GsonHelper.m_13808_(GsonHelper.java:463) ~[server-1.20.1-20230612.114412-srg.jar%23420!/:?]
	at net.minecraft.util.GsonHelper.m_13836_(GsonHelper.java:471) ~[server-1.20.1-20230612.114412-srg.jar%23420!/:?]
	at net.minecraft.world.level.storage.loot.LootPool$Serializer.deserialize(LootPool.java:192) ~[server-1.20.1-20230612.114412-srg.jar%23420!/:?]
	at net.minecraft.world.level.storage.loot.LootPool$Serializer.deserialize(LootPool.java:189) ~[server-1.20.1-20230612.114412-srg.jar%23420!/:?]
	at com.google.gson.internal.bind.TreeTypeAdapter.read(TreeTypeAdapter.java:76) ~[gson-2.10.jar%2372!/:?]
	at com.google.gson.internal.bind.TypeAdapterRuntimeTypeWrapper.read(TypeAdapterRuntimeTypeWrapper.java:40) ~[gson-2.10.jar%2372!/:?]
	at com.google.gson.internal.bind.ArrayTypeAdapter.read(ArrayTypeAdapter.java:72) ~[gson-2.10.jar%2372!/:?]
	at com.google.gson.Gson.fromJson(Gson.java:1214) ~[gson-2.10.jar%2372!/:?]
	at com.google.gson.Gson.fromJson(Gson.java:1319) ~[gson-2.10.jar%2372!/:?]
	at com.google.gson.Gson.fromJson(Gson.java:1290) ~[gson-2.10.jar%2372!/:?]
	at com.google.gson.internal.bind.TreeTypeAdapter$GsonContextImpl.deserialize(TreeTypeAdapter.java:179) ~[gson-2.10.jar%2372!/:?]
	at net.minecraft.util.GsonHelper.m_13808_(GsonHelper.java:463) ~[server-1.20.1-20230612.114412-srg.jar%23420!/:?]
	at net.minecraft.util.GsonHelper.m_13845_(GsonHelper.java:481) ~[server-1.20.1-20230612.114412-srg.jar%23420!/:?]
	at net.minecraft.world.level.storage.loot.LootTable$Serializer.deserialize(LootTable.java:294) ~[server-1.20.1-20230612.114412-srg.jar%23420!/:?]
	at net.minecraft.world.level.storage.loot.LootTable$Serializer.deserialize(LootTable.java:291) ~[server-1.20.1-20230612.114412-srg.jar%23420!/:?]
	at com.google.gson.internal.bind.TreeTypeAdapter.read(TreeTypeAdapter.java:76) ~[gson-2.10.jar%2372!/:?]
	at com.google.gson.Gson.fromJson(Gson.java:1214) ~[gson-2.10.jar%2372!/:?]
	at com.google.gson.Gson.fromJson(Gson.java:1319) ~[gson-2.10.jar%2372!/:?]
	at com.google.gson.Gson.fromJson(Gson.java:1261) ~[gson-2.10.jar%2372!/:?]
	at net.minecraftforge.common.ForgeHooks.loadLootTable(ForgeHooks.java:871) ~[forge-1.20.1-47.4.4-universal.jar%23425!/:?]
	at net.minecraftforge.common.ForgeHooks.lambda$getLootTableDeserializer$3(ForgeHooks.java:848) ~[forge-1.20.1-47.4.4-universal.jar%23425!/:?]
	at net.minecraft.world.level.storage.loot.LootDataType.deserialize(LootDataType.java:45) ~[server-1.20.1-20230612.114412-srg.jar%23420!/:?]
	at net.minecraft.world.level.storage.loot.LootDataManager.lambda$scheduleElementParse$4(LootDataManager.java:56) ~[server-1.20.1-20230612.114412-srg.jar%23420!/:?]
	at java.util.HashMap.forEach(HashMap.java:1421) ~[?:?]
	at net.minecraft.world.level.storage.loot.LootDataManager.m_278660_(LootDataManager.java:55) ~[server-1.20.1-20230612.114412-srg.jar%23420!/:?]
	at java.util.concurrent.CompletableFuture$AsyncRun.run(CompletableFuture.java:1804) ~[?:?]
	at java.util.concurrent.CompletableFuture$AsyncRun.exec(CompletableFuture.java:1796) ~[?:?]
	at java.util.concurrent.ForkJoinTask.doExec(ForkJoinTask.java:373) ~[?:?]
	at java.util.concurrent.ForkJoinPool$WorkQueue.topLevelExec(ForkJoinPool.java:1182) ~[?:?]
	at java.util.concurrent.ForkJoinPool.scan(ForkJoinPool.java:1655) ~[?:?]
	at java.util.concurrent.ForkJoinPool.runWorker(ForkJoinPool.java:1622) ~[?:?]
	at java.util.concurrent.ForkJoinWorkerThread.run(ForkJoinWorkerThread.java:165) ~[?:?]
[19Apr2026 02:22:07.939] [Worker-Main-1/ERROR] [net.minecraftforge.common.ForgeHooks/]: Couldn't parse element loot_tables:beyonddimensions:blocks/rs_net_pathway
com.google.gson.JsonSyntaxException: Expected name to be an item, was unknown string 'beyonddimensions:rs_net_pathway'
	at net.minecraft.util.GsonHelper.m_13866_(GsonHelper.java:145) ~[server-1.20.1-20230612.114412-srg.jar%23420!/:?]
	at java.util.Optional.orElseThrow(Optional.java:403) ~[?:?]
	at net.minecraft.util.GsonHelper.m_13874_(GsonHelper.java:145) ~[server-1.20.1-20230612.114412-srg.jar%23420!/:?]
	at net.minecraft.util.GsonHelper.m_13909_(GsonHelper.java:153) ~[server-1.20.1-20230612.114412-srg.jar%23420!/:?]
	at net.minecraft.world.level.storage.loot.entries.LootItem$Serializer.m_7267_(LootItem.java:55) ~[server-1.20.1-20230612.114412-srg.jar%23420!/:?]
	at net.minecraft.world.level.storage.loot.entries.LootItem$Serializer.m_7267_(LootItem.java:40) ~[server-1.20.1-20230612.114412-srg.jar%23420!/:?]
	at net.minecraft.world.level.storage.loot.entries.LootPoolSingletonContainer$Serializer.m_5921_(LootPoolSingletonContainer.java:151) ~[server-1.20.1-20230612.114412-srg.jar%23420!/:?]
	at net.minecraft.world.level.storage.loot.entries.LootPoolSingletonContainer$Serializer.m_5921_(LootPoolSingletonContainer.java:129) ~[server-1.20.1-20230612.114412-srg.jar%23420!/:?]
	at net.minecraft.world.level.storage.loot.entries.LootPoolEntryContainer$Serializer.m_7561_(LootPoolEntryContainer.java:86) ~[server-1.20.1-20230612.114412-srg.jar%23420!/:?]
	at net.minecraft.world.level.storage.loot.entries.LootPoolEntryContainer$Serializer.m_7561_(LootPoolEntryContainer.java:74) ~[server-1.20.1-20230612.114412-srg.jar%23420!/:?]
	at net.minecraft.world.level.storage.loot.GsonAdapterFactory$JsonAdapter.deserialize(GsonAdapterFactory.java:102) ~[server-1.20.1-20230612.114412-srg.jar%23420!/:?]
	at com.google.gson.internal.bind.TreeTypeAdapter.read(TreeTypeAdapter.java:76) ~[gson-2.10.jar%2372!/:?]
	at com.google.gson.internal.bind.TypeAdapterRuntimeTypeWrapper.read(TypeAdapterRuntimeTypeWrapper.java:40) ~[gson-2.10.jar%2372!/:?]
	at com.google.gson.internal.bind.ArrayTypeAdapter.read(ArrayTypeAdapter.java:72) ~[gson-2.10.jar%2372!/:?]
	at com.google.gson.Gson.fromJson(Gson.java:1214) ~[gson-2.10.jar%2372!/:?]
	at com.google.gson.Gson.fromJson(Gson.java:1319) ~[gson-2.10.jar%2372!/:?]
	at com.google.gson.Gson.fromJson(Gson.java:1290) ~[gson-2.10.jar%2372!/:?]
	at com.google.gson.internal.bind.TreeTypeAdapter$GsonContextImpl.deserialize(TreeTypeAdapter.java:179) ~[gson-2.10.jar%2372!/:?]
	at net.minecraft.util.GsonHelper.m_13808_(GsonHelper.java:463) ~[server-1.20.1-20230612.114412-srg.jar%23420!/:?]
	at net.minecraft.util.GsonHelper.m_13836_(GsonHelper.java:471) ~[server-1.20.1-20230612.114412-srg.jar%23420!/:?]
	at net.minecraft.world.level.storage.loot.LootPool$Serializer.deserialize(LootPool.java:192) ~[server-1.20.1-20230612.114412-srg.jar%23420!/:?]
	at net.minecraft.world.level.storage.loot.LootPool$Serializer.deserialize(LootPool.java:189) ~[server-1.20.1-20230612.114412-srg.jar%23420!/:?]
	at com.google.gson.internal.bind.TreeTypeAdapter.read(TreeTypeAdapter.java:76) ~[gson-2.10.jar%2372!/:?]
	at com.google.gson.internal.bind.TypeAdapterRuntimeTypeWrapper.read(TypeAdapterRuntimeTypeWrapper.java:40) ~[gson-2.10.jar%2372!/:?]
	at com.google.gson.internal.bind.ArrayTypeAdapter.read(ArrayTypeAdapter.java:72) ~[gson-2.10.jar%2372!/:?]
	at com.google.gson.Gson.fromJson(Gson.java:1214) ~[gson-2.10.jar%2372!/:?]
	at com.google.gson.Gson.fromJson(Gson.java:1319) ~[gson-2.10.jar%2372!/:?]
	at com.google.gson.Gson.fromJson(Gson.java:1290) ~[gson-2.10.jar%2372!/:?]
	at com.google.gson.internal.bind.TreeTypeAdapter$GsonContextImpl.deserialize(TreeTypeAdapter.java:179) ~[gson-2.10.jar%2372!/:?]
	at net.minecraft.util.GsonHelper.m_13808_(GsonHelper.java:463) ~[server-1.20.1-20230612.114412-srg.jar%23420!/:?]
	at net.minecraft.util.GsonHelper.m_13845_(GsonHelper.java:481) ~[server-1.20.1-20230612.114412-srg.jar%23420!/:?]
	at net.minecraft.world.level.storage.loot.LootTable$Serializer.deserialize(LootTable.java:294) ~[server-1.20.1-20230612.114412-srg.jar%23420!/:?]
	at net.minecraft.world.level.storage.loot.LootTable$Serializer.deserialize(LootTable.java:291) ~[server-1.20.1-20230612.114412-srg.jar%23420!/:?]
	at com.google.gson.internal.bind.TreeTypeAdapter.read(TreeTypeAdapter.java:76) ~[gson-2.10.jar%2372!/:?]
	at com.google.gson.Gson.fromJson(Gson.java:1214) ~[gson-2.10.jar%2372!/:?]
	at com.google.gson.Gson.fromJson(Gson.java:1319) ~[gson-2.10.jar%2372!/:?]
	at com.google.gson.Gson.fromJson(Gson.java:1261) ~[gson-2.10.jar%2372!/:?]
	at net.minecraftforge.common.ForgeHooks.loadLootTable(ForgeHooks.java:871) ~[forge-1.20.1-47.4.4-universal.jar%23425!/:?]
	at net.minecraftforge.common.ForgeHooks.lambda$getLootTableDeserializer$3(ForgeHooks.java:848) ~[forge-1.20.1-47.4.4-universal.jar%23425!/:?]
	at net.minecraft.world.level.storage.loot.LootDataType.deserialize(LootDataType.java:45) ~[server-1.20.1-20230612.114412-srg.jar%23420!/:?]
	at net.minecraft.world.level.storage.loot.LootDataManager.lambda$scheduleElementParse$4(LootDataManager.java:56) ~[server-1.20.1-20230612.114412-srg.jar%23420!/:?]
	at java.util.HashMap.forEach(HashMap.java:1421) ~[?:?]
	at net.minecraft.world.level.storage.loot.LootDataManager.m_278660_(LootDataManager.java:55) ~[server-1.20.1-20230612.114412-srg.jar%23420!/:?]
	at java.util.concurrent.CompletableFuture$AsyncRun.run(CompletableFuture.java:1804) ~[?:?]
	at java.util.concurrent.CompletableFuture$AsyncRun.exec(CompletableFuture.java:1796) ~[?:?]
	at java.util.concurrent.ForkJoinTask.doExec(ForkJoinTask.java:373) ~[?:?]
	at java.util.concurrent.ForkJoinPool$WorkQueue.topLevelExec(ForkJoinPool.java:1182) ~[?:?]
	at java.util.concurrent.ForkJoinPool.scan(ForkJoinPool.java:1655) ~[?:?]
	at java.util.concurrent.ForkJoinPool.runWorker(ForkJoinPool.java:1622) ~[?:?]
	at java.util.concurrent.ForkJoinWorkerThread.run(ForkJoinWorkerThread.java:165) ~[?:?]
[19Apr2026 02:22:08.214] [Worker-Main-1/ERROR] [net.minecraftforge.common.ForgeHooks/]: Couldn't parse element loot_tables:beyonddimensions:blocks/ars_source_pathway
com.google.gson.JsonSyntaxException: Expected name to be an item, was unknown string 'beyonddimensions:ars_source_pathway'
	at net.minecraft.util.GsonHelper.m_13866_(GsonHelper.java:145) ~[server-1.20.1-20230612.114412-srg.jar%23420!/:?]
	at java.util.Optional.orElseThrow(Optional.java:403) ~[?:?]
	at net.minecraft.util.GsonHelper.m_13874_(GsonHelper.java:145) ~[server-1.20.1-20230612.114412-srg.jar%23420!/:?]
	at net.minecraft.util.GsonHelper.m_13909_(GsonHelper.java:153) ~[server-1.20.1-20230612.114412-srg.jar%23420!/:?]
	at net.minecraft.world.level.storage.loot.entries.LootItem$Serializer.m_7267_(LootItem.java:55) ~[server-1.20.1-20230612.114412-srg.jar%23420!/:?]
	at net.minecraft.world.level.storage.loot.entries.LootItem$Serializer.m_7267_(LootItem.java:40) ~[server-1.20.1-20230612.114412-srg.jar%23420!/:?]
	at net.minecraft.world.level.storage.loot.entries.LootPoolSingletonContainer$Serializer.m_5921_(LootPoolSingletonContainer.java:151) ~[server-1.20.1-20230612.114412-srg.jar%23420!/:?]
	at net.minecraft.world.level.storage.loot.entries.LootPoolSingletonContainer$Serializer.m_5921_(LootPoolSingletonContainer.java:129) ~[server-1.20.1-20230612.114412-srg.jar%23420!/:?]
	at net.minecraft.world.level.storage.loot.entries.LootPoolEntryContainer$Serializer.m_7561_(LootPoolEntryContainer.java:86) ~[server-1.20.1-20230612.114412-srg.jar%23420!/:?]
	at net.minecraft.world.level.storage.loot.entries.LootPoolEntryContainer$Serializer.m_7561_(LootPoolEntryContainer.java:74) ~[server-1.20.1-20230612.114412-srg.jar%23420!/:?]
	at net.minecraft.world.level.storage.loot.GsonAdapterFactory$JsonAdapter.deserialize(GsonAdapterFactory.java:102) ~[server-1.20.1-20230612.114412-srg.jar%23420!/:?]
	at com.google.gson.internal.bind.TreeTypeAdapter.read(TreeTypeAdapter.java:76) ~[gson-2.10.jar%2372!/:?]
	at com.google.gson.internal.bind.TypeAdapterRuntimeTypeWrapper.read(TypeAdapterRuntimeTypeWrapper.java:40) ~[gson-2.10.jar%2372!/:?]
	at com.google.gson.internal.bind.ArrayTypeAdapter.read(ArrayTypeAdapter.java:72) ~[gson-2.10.jar%2372!/:?]
	at com.google.gson.Gson.fromJson(Gson.java:1214) ~[gson-2.10.jar%2372!/:?]
	at com.google.gson.Gson.fromJson(Gson.java:1319) ~[gson-2.10.jar%2372!/:?]
	at com.google.gson.Gson.fromJson(Gson.java:1290) ~[gson-2.10.jar%2372!/:?]
	at com.google.gson.internal.bind.TreeTypeAdapter$GsonContextImpl.deserialize(TreeTypeAdapter.java:179) ~[gson-2.10.jar%2372!/:?]
	at net.minecraft.util.GsonHelper.m_13808_(GsonHelper.java:463) ~[server-1.20.1-20230612.114412-srg.jar%23420!/:?]
	at net.minecraft.util.GsonHelper.m_13836_(GsonHelper.java:471) ~[server-1.20.1-20230612.114412-srg.jar%23420!/:?]
	at net.minecraft.world.level.storage.loot.LootPool$Serializer.deserialize(LootPool.java:192) ~[server-1.20.1-20230612.114412-srg.jar%23420!/:?]
	at net.minecraft.world.level.storage.loot.LootPool$Serializer.deserialize(LootPool.java:189) ~[server-1.20.1-20230612.114412-srg.jar%23420!/:?]
	at com.google.gson.internal.bind.TreeTypeAdapter.read(TreeTypeAdapter.java:76) ~[gson-2.10.jar%2372!/:?]
	at com.google.gson.internal.bind.TypeAdapterRuntimeTypeWrapper.read(TypeAdapterRuntimeTypeWrapper.java:40) ~[gson-2.10.jar%2372!/:?]
	at com.google.gson.internal.bind.ArrayTypeAdapter.read(ArrayTypeAdapter.java:72) ~[gson-2.10.jar%2372!/:?]
	at com.google.gson.Gson.fromJson(Gson.java:1214) ~[gson-2.10.jar%2372!/:?]
	at com.google.gson.Gson.fromJson(Gson.java:1319) ~[gson-2.10.jar%2372!/:?]
	at com.google.gson.Gson.fromJson(Gson.java:1290) ~[gson-2.10.jar%2372!/:?]
	at com.google.gson.internal.bind.TreeTypeAdapter$GsonContextImpl.deserialize(TreeTypeAdapter.java:179) ~[gson-2.10.jar%2372!/:?]
	at net.minecraft.util.GsonHelper.m_13808_(GsonHelper.java:463) ~[server-1.20.1-20230612.114412-srg.jar%23420!/:?]
	at net.minecraft.util.GsonHelper.m_13845_(GsonHelper.java:481) ~[server-1.20.1-20230612.114412-srg.jar%23420!/:?]
	at net.minecraft.world.level.storage.loot.LootTable$Serializer.deserialize(LootTable.java:294) ~[server-1.20.1-20230612.114412-srg.jar%23420!/:?]
	at net.minecraft.world.level.storage.loot.LootTable$Serializer.deserialize(LootTable.java:291) ~[server-1.20.1-20230612.114412-srg.jar%23420!/:?]
	at com.google.gson.internal.bind.TreeTypeAdapter.read(TreeTypeAdapter.java:76) ~[gson-2.10.jar%2372!/:?]
	at com.google.gson.Gson.fromJson(Gson.java:1214) ~[gson-2.10.jar%2372!/:?]
	at com.google.gson.Gson.fromJson(Gson.java:1319) ~[gson-2.10.jar%2372!/:?]
	at com.google.gson.Gson.fromJson(Gson.java:1261) ~[gson-2.10.jar%2372!/:?]
	at net.minecraftforge.common.ForgeHooks.loadLootTable(ForgeHooks.java:871) ~[forge-1.20.1-47.4.4-universal.jar%23425!/:?]
	at net.minecraftforge.common.ForgeHooks.lambda$getLootTableDeserializer$3(ForgeHooks.java:848) ~[forge-1.20.1-47.4.4-universal.jar%23425!/:?]
	at net.minecraft.world.level.storage.loot.LootDataType.deserialize(LootDataType.java:45) ~[server-1.20.1-20230612.114412-srg.jar%23420!/:?]
	at net.minecraft.world.level.storage.loot.LootDataManager.lambda$scheduleElementParse$4(LootDataManager.java:56) ~[server-1.20.1-20230612.114412-srg.jar%23420!/:?]
	at java.util.HashMap.forEach(HashMap.java:1421) ~[?:?]
	at net.minecraft.world.level.storage.loot.LootDataManager.m_278660_(LootDataManager.java:55) ~[server-1.20.1-20230612.114412-srg.jar%23420!/:?]
	at java.util.concurrent.CompletableFuture$AsyncRun.run(CompletableFuture.java:1804) ~[?:?]
	at java.util.concurrent.CompletableFuture$AsyncRun.exec(CompletableFuture.java:1796) ~[?:?]
	at java.util.concurrent.ForkJoinTask.doExec(ForkJoinTask.java:373) ~[?:?]
	at java.util.concurrent.ForkJoinPool$WorkQueue.topLevelExec(ForkJoinPool.java:1182) ~[?:?]
	at java.util.concurrent.ForkJoinPool.scan(ForkJoinPool.java:1655) ~[?:?]
	at java.util.concurrent.ForkJoinPool.runWorker(ForkJoinPool.java:1622) ~[?:?]
	at java.util.concurrent.ForkJoinWorkerThread.run(ForkJoinWorkerThread.java:165) ~[?:?]
[19Apr2026 02:22:08.229] [Worker-Main-1/ERROR] [net.minecraftforge.common.ForgeHooks/]: Couldn't parse element loot_tables:beyonddimensions:blocks/schematicannon_pathway
com.google.gson.JsonSyntaxException: Expected name to be an item, was unknown string 'beyonddimensions:schematicannon_pathway'
	at net.minecraft.util.GsonHelper.m_13866_(GsonHelper.java:145) ~[server-1.20.1-20230612.114412-srg.jar%23420!/:?]
	at java.util.Optional.orElseThrow(Optional.java:403) ~[?:?]
	at net.minecraft.util.GsonHelper.m_13874_(GsonHelper.java:145) ~[server-1.20.1-20230612.114412-srg.jar%23420!/:?]
	at net.minecraft.util.GsonHelper.m_13909_(GsonHelper.java:153) ~[server-1.20.1-20230612.114412-srg.jar%23420!/:?]
	at net.minecraft.world.level.storage.loot.entries.LootItem$Serializer.m_7267_(LootItem.java:55) ~[server-1.20.1-20230612.114412-srg.jar%23420!/:?]
	at net.minecraft.world.level.storage.loot.entries.LootItem$Serializer.m_7267_(LootItem.java:40) ~[server-1.20.1-20230612.114412-srg.jar%23420!/:?]
	at net.minecraft.world.level.storage.loot.entries.LootPoolSingletonContainer$Serializer.m_5921_(LootPoolSingletonContainer.java:151) ~[server-1.20.1-20230612.114412-srg.jar%23420!/:?]
	at net.minecraft.world.level.storage.loot.entries.LootPoolSingletonContainer$Serializer.m_5921_(LootPoolSingletonContainer.java:129) ~[server-1.20.1-20230612.114412-srg.jar%23420!/:?]
	at net.minecraft.world.level.storage.loot.entries.LootPoolEntryContainer$Serializer.m_7561_(LootPoolEntryContainer.java:86) ~[server-1.20.1-20230612.114412-srg.jar%23420!/:?]
	at net.minecraft.world.level.storage.loot.entries.LootPoolEntryContainer$Serializer.m_7561_(LootPoolEntryContainer.java:74) ~[server-1.20.1-20230612.114412-srg.jar%23420!/:?]
	at net.minecraft.world.level.storage.loot.GsonAdapterFactory$JsonAdapter.deserialize(GsonAdapterFactory.java:102) ~[server-1.20.1-20230612.114412-srg.jar%23420!/:?]
	at com.google.gson.internal.bind.TreeTypeAdapter.read(TreeTypeAdapter.java:76) ~[gson-2.10.jar%2372!/:?]
	at com.google.gson.internal.bind.TypeAdapterRuntimeTypeWrapper.read(TypeAdapterRuntimeTypeWrapper.java:40) ~[gson-2.10.jar%2372!/:?]
	at com.google.gson.internal.bind.ArrayTypeAdapter.read(ArrayTypeAdapter.java:72) ~[gson-2.10.jar%2372!/:?]
	at com.google.gson.Gson.fromJson(Gson.java:1214) ~[gson-2.10.jar%2372!/:?]
	at com.google.gson.Gson.fromJson(Gson.java:1319) ~[gson-2.10.jar%2372!/:?]
	at com.google.gson.Gson.fromJson(Gson.java:1290) ~[gson-2.10.jar%2372!/:?]
	at com.google.gson.internal.bind.TreeTypeAdapter$GsonContextImpl.deserialize(TreeTypeAdapter.java:179) ~[gson-2.10.jar%2372!/:?]
	at net.minecraft.util.GsonHelper.m_13808_(GsonHelper.java:463) ~[server-1.20.1-20230612.114412-srg.jar%23420!/:?]
	at net.minecraft.util.GsonHelper.m_13836_(GsonHelper.java:471) ~[server-1.20.1-20230612.114412-srg.jar%23420!/:?]
	at net.minecraft.world.level.storage.loot.LootPool$Serializer.deserialize(LootPool.java:192) ~[server-1.20.1-20230612.114412-srg.jar%23420!/:?]
	at net.minecraft.world.level.storage.loot.LootPool$Serializer.deserialize(LootPool.java:189) ~[server-1.20.1-20230612.114412-srg.jar%23420!/:?]
	at com.google.gson.internal.bind.TreeTypeAdapter.read(TreeTypeAdapter.java:76) ~[gson-2.10.jar%2372!/:?]
	at com.google.gson.internal.bind.TypeAdapterRuntimeTypeWrapper.read(TypeAdapterRuntimeTypeWrapper.java:40) ~[gson-2.10.jar%2372!/:?]
	at com.google.gson.internal.bind.ArrayTypeAdapter.read(ArrayTypeAdapter.java:72) ~[gson-2.10.jar%2372!/:?]
	at com.google.gson.Gson.fromJson(Gson.java:1214) ~[gson-2.10.jar%2372!/:?]
	at com.google.gson.Gson.fromJson(Gson.java:1319) ~[gson-2.10.jar%2372!/:?]
	at com.google.gson.Gson.fromJson(Gson.java:1290) ~[gson-2.10.jar%2372!/:?]
	at com.google.gson.internal.bind.TreeTypeAdapter$GsonContextImpl.deserialize(TreeTypeAdapter.java:179) ~[gson-2.10.jar%2372!/:?]
	at net.minecraft.util.GsonHelper.m_13808_(GsonHelper.java:463) ~[server-1.20.1-20230612.114412-srg.jar%23420!/:?]
	at net.minecraft.util.GsonHelper.m_13845_(GsonHelper.java:481) ~[server-1.20.1-20230612.114412-srg.jar%23420!/:?]
	at net.minecraft.world.level.storage.loot.LootTable$Serializer.deserialize(LootTable.java:294) ~[server-1.20.1-20230612.114412-srg.jar%23420!/:?]
	at net.minecraft.world.level.storage.loot.LootTable$Serializer.deserialize(LootTable.java:291) ~[server-1.20.1-20230612.114412-srg.jar%23420!/:?]
	at com.google.gson.internal.bind.TreeTypeAdapter.read(TreeTypeAdapter.java:76) ~[gson-2.10.jar%2372!/:?]
	at com.google.gson.Gson.fromJson(Gson.java:1214) ~[gson-2.10.jar%2372!/:?]
	at com.google.gson.Gson.fromJson(Gson.java:1319) ~[gson-2.10.jar%2372!/:?]
	at com.google.gson.Gson.fromJson(Gson.java:1261) ~[gson-2.10.jar%2372!/:?]
	at net.minecraftforge.common.ForgeHooks.loadLootTable(ForgeHooks.java:871) ~[forge-1.20.1-47.4.4-universal.jar%23425!/:?]
	at net.minecraftforge.common.ForgeHooks.lambda$getLootTableDeserializer$3(ForgeHooks.java:848) ~[forge-1.20.1-47.4.4-universal.jar%23425!/:?]
	at net.minecraft.world.level.storage.loot.LootDataType.deserialize(LootDataType.java:45) ~[server-1.20.1-20230612.114412-srg.jar%23420!/:?]
	at net.minecraft.world.level.storage.loot.LootDataManager.lambda$scheduleElementParse$4(LootDataManager.java:56) ~[server-1.20.1-20230612.114412-srg.jar%23420!/:?]
	at java.util.HashMap.forEach(HashMap.java:1421) ~[?:?]
	at net.minecraft.world.level.storage.loot.LootDataManager.m_278660_(LootDataManager.java:55) ~[server-1.20.1-20230612.114412-srg.jar%23420!/:?]
	at java.util.concurrent.CompletableFuture$AsyncRun.run(CompletableFuture.java:1804) ~[?:?]
	at java.util.concurrent.CompletableFuture$AsyncRun.exec(CompletableFuture.java:1796) ~[?:?]
	at java.util.concurrent.ForkJoinTask.doExec(ForkJoinTask.java:373) ~[?:?]
	at java.util.concurrent.ForkJoinPool$WorkQueue.topLevelExec(ForkJoinPool.java:1182) ~[?:?]
	at java.util.concurrent.ForkJoinPool.scan(ForkJoinPool.java:1655) ~[?:?]
	at java.util.concurrent.ForkJoinPool.runWorker(ForkJoinPool.java:1622) ~[?:?]
	at java.util.concurrent.ForkJoinWorkerThread.run(ForkJoinWorkerThread.java:165) ~[?:?]
[19Apr2026 02:22:10.972] [Worker-Main-1/ERROR] [net.minecraftforge.common.ForgeHooks/]: Couldn't parse element loot_tables:irons_spellbooks:chests/citadel/citadel_tomes
com.google.gson.JsonSyntaxException: Unknown type 'minecraft:set_written_book_pages'
	at net.minecraft.world.level.storage.loot.GsonAdapterFactory$JsonAdapter.deserialize(GsonAdapterFactory.java:99) ~[server-1.20.1-20230612.114412-srg.jar%23420!/:?]
	at com.google.gson.internal.bind.TreeTypeAdapter.read(TreeTypeAdapter.java:76) ~[gson-2.10.jar%2372!/:?]
	at com.google.gson.internal.bind.TypeAdapterRuntimeTypeWrapper.read(TypeAdapterRuntimeTypeWrapper.java:40) ~[gson-2.10.jar%2372!/:?]
	at com.google.gson.internal.bind.ArrayTypeAdapter.read(ArrayTypeAdapter.java:72) ~[gson-2.10.jar%2372!/:?]
	at com.google.gson.Gson.fromJson(Gson.java:1214) ~[gson-2.10.jar%2372!/:?]
	at com.google.gson.Gson.fromJson(Gson.java:1319) ~[gson-2.10.jar%2372!/:?]
	at com.google.gson.Gson.fromJson(Gson.java:1290) ~[gson-2.10.jar%2372!/:?]
	at com.google.gson.internal.bind.TreeTypeAdapter$GsonContextImpl.deserialize(TreeTypeAdapter.java:179) ~[gson-2.10.jar%2372!/:?]
	at net.minecraft.util.GsonHelper.m_13808_(GsonHelper.java:463) ~[server-1.20.1-20230612.114412-srg.jar%23420!/:?]
	at net.minecraft.util.GsonHelper.m_13845_(GsonHelper.java:481) ~[server-1.20.1-20230612.114412-srg.jar%23420!/:?]
	at net.minecraft.world.level.storage.loot.entries.LootPoolSingletonContainer$Serializer.m_5921_(LootPoolSingletonContainer.java:149) ~[server-1.20.1-20230612.114412-srg.jar%23420!/:?]
	at net.minecraft.world.level.storage.loot.entries.LootPoolSingletonContainer$Serializer.m_5921_(LootPoolSingletonContainer.java:129) ~[server-1.20.1-20230612.114412-srg.jar%23420!/:?]
	at net.minecraft.world.level.storage.loot.entries.LootPoolEntryContainer$Serializer.m_7561_(LootPoolEntryContainer.java:86) ~[server-1.20.1-20230612.114412-srg.jar%23420!/:?]
	at net.minecraft.world.level.storage.loot.entries.LootPoolEntryContainer$Serializer.m_7561_(LootPoolEntryContainer.java:74) ~[server-1.20.1-20230612.114412-srg.jar%23420!/:?]
	at net.minecraft.world.level.storage.loot.GsonAdapterFactory$JsonAdapter.deserialize(GsonAdapterFactory.java:102) ~[server-1.20.1-20230612.114412-srg.jar%23420!/:?]
	at com.google.gson.internal.bind.TreeTypeAdapter.read(TreeTypeAdapter.java:76) ~[gson-2.10.jar%2372!/:?]
	at com.google.gson.internal.bind.TypeAdapterRuntimeTypeWrapper.read(TypeAdapterRuntimeTypeWrapper.java:40) ~[gson-2.10.jar%2372!/:?]
	at com.google.gson.internal.bind.ArrayTypeAdapter.read(ArrayTypeAdapter.java:72) ~[gson-2.10.jar%2372!/:?]
	at com.google.gson.Gson.fromJson(Gson.java:1214) ~[gson-2.10.jar%2372!/:?]
	at com.google.gson.Gson.fromJson(Gson.java:1319) ~[gson-2.10.jar%2372!/:?]
	at com.google.gson.Gson.fromJson(Gson.java:1290) ~[gson-2.10.jar%2372!/:?]
	at com.google.gson.internal.bind.TreeTypeAdapter$GsonContextImpl.deserialize(TreeTypeAdapter.java:179) ~[gson-2.10.jar%2372!/:?]
	at net.minecraft.util.GsonHelper.m_13808_(GsonHelper.java:463) ~[server-1.20.1-20230612.114412-srg.jar%23420!/:?]
	at net.minecraft.util.GsonHelper.m_13836_(GsonHelper.java:471) ~[server-1.20.1-20230612.114412-srg.jar%23420!/:?]
	at net.minecraft.world.level.storage.loot.LootPool$Serializer.deserialize(LootPool.java:192) ~[server-1.20.1-20230612.114412-srg.jar%23420!/:?]
	at net.minecraft.world.level.storage.loot.LootPool$Serializer.deserialize(LootPool.java:189) ~[server-1.20.1-20230612.114412-srg.jar%23420!/:?]
	at com.google.gson.internal.bind.TreeTypeAdapter.read(TreeTypeAdapter.java:76) ~[gson-2.10.jar%2372!/:?]
	at com.google.gson.internal.bind.TypeAdapterRuntimeTypeWrapper.read(TypeAdapterRuntimeTypeWrapper.java:40) ~[gson-2.10.jar%2372!/:?]
	at com.google.gson.internal.bind.ArrayTypeAdapter.read(ArrayTypeAdapter.java:72) ~[gson-2.10.jar%2372!/:?]
	at com.google.gson.Gson.fromJson(Gson.java:1214) ~[gson-2.10.jar%2372!/:?]
	at com.google.gson.Gson.fromJson(Gson.java:1319) ~[gson-2.10.jar%2372!/:?]
	at com.google.gson.Gson.fromJson(Gson.java:1290) ~[gson-2.10.jar%2372!/:?]
	at com.google.gson.internal.bind.TreeTypeAdapter$GsonContextImpl.deserialize(TreeTypeAdapter.java:179) ~[gson-2.10.jar%2372!/:?]
	at net.minecraft.util.GsonHelper.m_13808_(GsonHelper.java:463) ~[server-1.20.1-20230612.114412-srg.jar%23420!/:?]
	at net.minecraft.util.GsonHelper.m_13845_(GsonHelper.java:481) ~[server-1.20.1-20230612.114412-srg.jar%23420!/:?]
	at net.minecraft.world.level.storage.loot.LootTable$Serializer.deserialize(LootTable.java:294) ~[server-1.20.1-20230612.114412-srg.jar%23420!/:?]
	at net.minecraft.world.level.storage.loot.LootTable$Serializer.deserialize(LootTable.java:291) ~[server-1.20.1-20230612.114412-srg.jar%23420!/:?]
	at com.google.gson.internal.bind.TreeTypeAdapter.read(TreeTypeAdapter.java:76) ~[gson-2.10.jar%2372!/:?]
	at com.google.gson.Gson.fromJson(Gson.java:1214) ~[gson-2.10.jar%2372!/:?]
	at com.google.gson.Gson.fromJson(Gson.java:1319) ~[gson-2.10.jar%2372!/:?]
	at com.google.gson.Gson.fromJson(Gson.java:1261) ~[gson-2.10.jar%2372!/:?]
	at net.minecraftforge.common.ForgeHooks.loadLootTable(ForgeHooks.java:871) ~[forge-1.20.1-47.4.4-universal.jar%23425!/:?]
	at net.minecraftforge.common.ForgeHooks.lambda$getLootTableDeserializer$3(ForgeHooks.java:848) ~[forge-1.20.1-47.4.4-universal.jar%23425!/:?]
	at net.minecraft.world.level.storage.loot.LootDataType.deserialize(LootDataType.java:45) ~[server-1.20.1-20230612.114412-srg.jar%23420!/:?]
	at net.minecraft.world.level.storage.loot.LootDataManager.lambda$scheduleElementParse$4(LootDataManager.java:56) ~[server-1.20.1-20230612.114412-srg.jar%23420!/:?]
	at java.util.HashMap.forEach(HashMap.java:1421) ~[?:?]
	at net.minecraft.world.level.storage.loot.LootDataManager.m_278660_(LootDataManager.java:55) ~[server-1.20.1-20230612.114412-srg.jar%23420!/:?]
	at java.util.concurrent.CompletableFuture$AsyncRun.run(CompletableFuture.java:1804) ~[?:?]
	at java.util.concurrent.CompletableFuture$AsyncRun.exec(CompletableFuture.java:1796) ~[?:?]
	at java.util.concurrent.ForkJoinTask.doExec(ForkJoinTask.java:373) ~[?:?]
	at java.util.concurrent.ForkJoinPool$WorkQueue.topLevelExec(ForkJoinPool.java:1182) ~[?:?]
	at java.util.concurrent.ForkJoinPool.scan(ForkJoinPool.java:1655) ~[?:?]
	at java.util.concurrent.ForkJoinPool.runWorker(ForkJoinPool.java:1622) ~[?:?]
	at java.util.concurrent.ForkJoinWorkerThread.run(ForkJoinWorkerThread.java:165) ~[?:?]
[19Apr2026 02:22:11.540] [main/WARN] [net.minecraft.world.level.storage.loot.LootDataManager/]: Found loot table element validation problem in {loot_tables:irons_spellbooks:chests/citadel/citadel_bookshelf}.pools[7].entries[0]: Unknown loot table called irons_spellbooks:chests/citadel/citadel_tomes
[19Apr2026 02:22:11.540] [main/WARN] [net.minecraft.world.level.storage.loot.LootDataManager/]: Found loot table element validation problem in {loot_tables:irons_spellbooks:entities/archevoker}.pools[2].entries[0]: Unknown loot table called irons_spellbooks:entities/additional_evoker_loot
[19Apr2026 02:22:11.602] [main/ERROR] [net.minecraft.world.item.crafting.RecipeManager/]: Parsing error loading recipe super_golem:golem_heart: com.google.gson.JsonSyntaxException: Missing type, expected to find a string
[19Apr2026 02:22:11.607] [main/ERROR] [net.minecraft.world.item.crafting.RecipeManager/]: Parsing error loading recipe cataclysm:storm_eye: com.google.gson.JsonSyntaxException: Missing type, expected to find a string
[19Apr2026 02:22:11.608] [main/ERROR] [net.minecraft.world.item.crafting.RecipeManager/]: Parsing error loading recipe cataclysm:monstrous_eye: com.google.gson.JsonSyntaxException: Missing type, expected to find a string
[19Apr2026 02:22:11.628] [main/INFO] [net.minecraft.world.item.crafting.RecipeManager/]: Skipping loading recipe supplementaries:inspirations/blackboard_clear as it's serializer returned null
[19Apr2026 02:22:11.631] [main/INFO] [net.minecraft.world.item.crafting.RecipeManager/]: Skipping loading recipe beyonddimensions:schematicannon_pathway as it's serializer returned null
[19Apr2026 02:22:11.636] [main/ERROR] [net.minecraft.world.item.crafting.RecipeManager/]: Parsing error loading recipe efn:duskfire_ingot: com.google.gson.JsonSyntaxException: Missing type, expected to find a string
[19Apr2026 02:22:11.642] [main/ERROR] [net.minecraft.world.item.crafting.RecipeManager/]: Parsing error loading recipe aquamirae:divider: com.google.gson.JsonSyntaxException: Missing type, expected to find a string
[19Apr2026 02:22:11.658] [main/ERROR] [net.minecraft.world.item.crafting.RecipeManager/]: Parsing error loading recipe efn:stomp: com.google.gson.JsonSyntaxException: Missing type, expected to find a string
[19Apr2026 02:22:11.660] [main/INFO] [net.minecraft.world.item.crafting.RecipeManager/]: Skipping loading recipe beyonddimensions:net_ae_storage_cell as it's serializer returned null
[19Apr2026 02:22:11.663] [main/ERROR] [net.minecraft.world.item.crafting.RecipeManager/]: Parsing error loading recipe wraithon:showdown_edict: com.google.gson.JsonSyntaxException: Missing type, expected to find a string
[19Apr2026 02:22:11.667] [main/ERROR] [net.minecraft.world.item.crafting.RecipeManager/]: Parsing error loading recipe fromtheshadows:smithing/crystallized_dagger: com.google.gson.JsonSyntaxException: Unknown item 'fromtheshadows:crystallized_blood'
[19Apr2026 02:22:11.670] [main/ERROR] [net.minecraft.world.item.crafting.RecipeManager/]: Parsing error loading recipe cataclysm:the_incinerator: com.google.gson.JsonSyntaxException: Missing type, expected to find a string
[19Apr2026 02:22:11.671] [main/INFO] [net.minecraft.world.item.crafting.RecipeManager/]: Skipping loading recipe beyonddimensions:rs_net_pathway as it's serializer returned null
[19Apr2026 02:22:11.677] [main/INFO] [net.minecraft.world.item.crafting.RecipeManager/]: Skipping loading recipe supplementaries:inspirations/flag_dye as it's serializer returned null
[19Apr2026 02:22:11.682] [main/ERROR] [net.minecraft.world.item.crafting.RecipeManager/]: Parsing error loading recipe cataclysm:the_annihilator: com.google.gson.JsonSyntaxException: Missing type, expected to find a string
[19Apr2026 02:22:11.685] [main/ERROR] [net.minecraft.world.item.crafting.RecipeManager/]: Parsing error loading recipe fromtheshadows:smithing/thirst_for_blood: com.google.gson.JsonSyntaxException: Unknown item 'fromtheshadows:corrupted_heart'
[19Apr2026 02:22:11.687] [main/ERROR] [net.minecraft.world.item.crafting.RecipeManager/]: Parsing error loading recipe cataclysm:abyss_eye: com.google.gson.JsonSyntaxException: Missing type, expected to find a string
[19Apr2026 02:22:11.712] [main/ERROR] [net.minecraft.world.item.crafting.RecipeManager/]: Parsing error loading recipe cataclysm:desert_eye: com.google.gson.JsonSyntaxException: Missing type, expected to find a string
[19Apr2026 02:22:11.716] [main/ERROR] [net.minecraft.world.item.crafting.RecipeManager/]: Parsing error loading recipe cataclysm:mech_eye: com.google.gson.JsonSyntaxException: Missing type, expected to find a string
[19Apr2026 02:22:11.724] [main/ERROR] [net.minecraft.world.item.crafting.RecipeManager/]: Parsing error loading recipe cataclysm:cursed_eye: com.google.gson.JsonSyntaxException: Missing type, expected to find a string
[19Apr2026 02:22:11.743] [main/ERROR] [net.minecraft.world.item.crafting.RecipeManager/]: Parsing error loading recipe beyonddimensions:net_feeder_item: com.google.gson.JsonSyntaxException: Missing type, expected to find a string
[19Apr2026 02:22:11.744] [main/ERROR] [net.minecraft.world.item.crafting.RecipeManager/]: Parsing error loading recipe efn:efn_parry: com.google.gson.JsonSyntaxException: Missing type, expected to find a string
[19Apr2026 02:22:11.746] [main/INFO] [net.minecraft.world.item.crafting.RecipeManager/]: Skipping loading recipe supplementaries:inspirations/flag_clear as it's serializer returned null
[19Apr2026 02:22:11.763] [main/ERROR] [net.minecraft.world.item.crafting.RecipeManager/]: Parsing error loading recipe fantasy_armor:moon_crystal: com.google.gson.JsonSyntaxException: Missing type, expected to find a string
[19Apr2026 02:22:11.763] [main/INFO] [net.minecraft.world.item.crafting.RecipeManager/]: Skipping loading recipe beyonddimensions:ars_source_pathway as it's serializer returned null
[19Apr2026 02:22:11.767] [main/ERROR] [net.minecraft.world.item.crafting.RecipeManager/]: Parsing error loading recipe cataclysm:flame_eye: com.google.gson.JsonSyntaxException: Missing type, expected to find a string
[19Apr2026 02:22:11.771] [main/ERROR] [net.minecraft.world.item.crafting.RecipeManager/]: Parsing error loading recipe efn:smithing/thornwheel: com.google.gson.JsonSyntaxException: Unknown item 'create:cogwheel'
[19Apr2026 02:22:11.773] [main/INFO] [net.minecraft.world.item.crafting.RecipeManager/]: Skipping loading recipe beyonddimensions:mana_pool_pathway as it's serializer returned null
[19Apr2026 02:22:11.773] [main/ERROR] [net.minecraft.world.item.crafting.RecipeManager/]: Parsing error loading recipe cataclysm:void_eye: com.google.gson.JsonSyntaxException: Missing type, expected to find a string
[19Apr2026 02:22:11.778] [main/ERROR] [net.minecraft.world.item.crafting.RecipeManager/]: Parsing error loading recipe fromtheshadows:smithing/devil_splitter: com.google.gson.JsonSyntaxException: Unknown item 'fromtheshadows:crystallized_blood'
[19Apr2026 02:22:11.789] [main/ERROR] [net.minecraft.world.item.crafting.RecipeManager/]: Parsing error loading recipe cataclysm:ceraunus: com.google.gson.JsonSyntaxException: Missing type, expected to find a string
[19Apr2026 02:22:11.799] [main/ERROR] [net.minecraft.world.item.crafting.RecipeManager/]: Parsing error loading recipe efn:execution: com.google.gson.JsonSyntaxException: Missing type, expected to find a string
[19Apr2026 02:22:11.802] [main/INFO] [net.minecraft.world.item.crafting.RecipeManager/]: Loaded 24 recipes
[19Apr2026 02:22:11.901] [main/ERROR] [net.minecraft.server.ServerAdvancementManager/]: Parsing error loading custom advancement supplementaries:recipes/planter_rich: Unknown item id 'farmersdelight:rich_soil'
[19Apr2026 02:22:11.912] [main/ERROR] [net.minecraft.server.ServerAdvancementManager/]: Parsing error loading custom advancement bookofdragons:dragon_hunter: Unknown item id 'bookofdragons:tracker_roost_map'
[19Apr2026 02:22:11.943] [main/INFO] [quark/]: [Automatic Recipe Unlock] Removed 2556 recipe advancements
[19Apr2026 02:22:11.950] [main/INFO] [net.minecraft.advancements.AdvancementList/]: Loaded 500 advancements
[19Apr2026 02:22:11.960] [main/INFO] [placebo/]: Registered 0 additional recipes.
[19Apr2026 02:22:34.404] [main/INFO] [top.theillusivec4.curios.Curios/]: Loaded 16 curio slots
[19Apr2026 02:22:34.415] [main/INFO] [top.theillusivec4.curios.Curios/]: Loaded 11 curio entities
[19Apr2026 02:22:34.417] [main/WARN] [epicfight/]: Skill efn:example doesn't exist in the registry.
[19Apr2026 02:22:34.419] [main/WARN] [epicfight/]: Skill tcrcore:step doesn't exist in the registry.
[19Apr2026 02:22:34.421] [main/WARN] [epicfight/]: Skill p1nero_ec:step doesn't exist in the registry.
[19Apr2026 02:22:34.432] [main/INFO] [epicfight/]: Registering Conditionals
[19Apr2026 02:22:34.436] [main/INFO] [epicfight/]: Registering Movesets
[19Apr2026 02:22:34.449] [main/INFO] [com.asanginxst.epicfightx.EpicFightExtraMod/]: EFX: Replacing Epic Fight Weapon Types...
[19Apr2026 02:22:34.459] [main/WARN] [epicfight/]: Item Capability Exception: No item named farmersdelight:diamond_knife
[19Apr2026 02:22:34.460] [main/WARN] [epicfight/]: epicfight:cut is not a hit particle type in magistuarmory:pike
[19Apr2026 02:22:34.464] [main/WARN] [epicfight/]: epicfight:cut is not a hit particle type in magistuarmory:pike
[19Apr2026 02:22:34.465] [main/WARN] [epicfight/]: Item Capability Exception: No item named magistuarmory:rusted_ranseur
[19Apr2026 02:22:34.466] [main/WARN] [epicfight/]: epicfight:cut is not a hit particle type in magistuarmory:pike
[19Apr2026 02:22:34.466] [main/WARN] [epicfight/]: Item Capability Exception: No item named dungeons_gear:venom_glaive
[19Apr2026 02:22:34.466] [main/WARN] [epicfight/]: Item Capability Exception: No item named farmersdelight:netherite_knife
[19Apr2026 02:22:34.469] [main/WARN] [epicfight/]: Item Capability Exception: No item named magistuarmory:rusted_morgenstern
[19Apr2026 02:22:34.469] [main/WARN] [epicfight/]: epicfight:cut is not a hit particle type in magistuarmory:pike
[19Apr2026 02:22:34.470] [main/WARN] [epicfight/]: epicfight:cut is not a hit particle type in magistuarmory:pike
[19Apr2026 02:22:34.471] [main/WARN] [epicfight/]: epicfight:cut is not a hit particle type in magistuarmory:pike
[19Apr2026 02:22:34.471] [main/WARN] [epicfight/]: epicfight:cut is not a hit particle type in magistuarmory:pike
[19Apr2026 02:22:34.471] [main/WARN] [epicfight/]: Item Capability Exception: No item named fromtheshadows:devil_splitter
[19Apr2026 02:22:34.472] [main/WARN] [epicfight/]: epicfight:cut is not a hit particle type in magistuarmory:pike
[19Apr2026 02:22:34.475] [main/WARN] [epicfight/]: epicfight:cut is not a hit particle type in magistuarmory:pike
[19Apr2026 02:22:34.479] [main/WARN] [epicfight/]: Item Capability Exception: No item named magistuarmory:rusted_guisarme
[19Apr2026 02:22:34.481] [main/WARN] [epicfight/]: Item Capability Exception: No item named magistuarmory:rusted_pike
[19Apr2026 02:22:34.481] [main/WARN] [epicfight/]: epicfight:cut is not a hit particle type in magistuarmory:pike
[19Apr2026 02:22:34.482] [main/WARN] [epicfight/]: epicfight:cut is not a hit particle type in magistuarmory:pike
[19Apr2026 02:22:34.483] [main/WARN] [epicfight/]: epicfight:cut is not a hit particle type in magistuarmory:pike
[19Apr2026 02:22:34.483] [main/WARN] [epicfight/]: Item Capability Exception: No item named magistuarmory:rusted_claymore
[19Apr2026 02:22:34.483] [main/WARN] [epicfight/]: epicfight:cut is not a hit particle type in magistuarmory:pike
[19Apr2026 02:22:34.484] [main/WARN] [epicfight/]: Item Capability Exception: No item named efn:scythe
[19Apr2026 02:22:34.484] [main/WARN] [epicfight/]: epicfight:cut is not a hit particle type in magistuarmory:pike
[19Apr2026 02:22:34.484] [main/WARN] [epicfight/]: epicfight:cut is not a hit particle type in magistuarmory:pike
[19Apr2026 02:22:34.484] [main/WARN] [epicfight/]: Item Capability Exception: No item named magistuarmory:rusted_chivalrylance
[19Apr2026 02:22:34.485] [main/WARN] [epicfight/]: Item Capability Exception: No item named magistuarmory:rusted_zweihander
[19Apr2026 02:22:34.486] [main/WARN] [epicfight/]: Item Capability Exception: No item named farmersdelight:skillet
[19Apr2026 02:22:34.486] [main/WARN] [epicfight/]: Item Capability Exception: No item named magistuarmory:rusted_concavehalberd
[19Apr2026 02:22:34.486] [main/WARN] [epicfight/]: epicfight:cut is not a hit particle type in magistuarmory:pike
[19Apr2026 02:22:34.486] [main/WARN] [epicfight/]: Item Capability Exception: No item named dungeons_gear:grave_bane
[19Apr2026 02:22:34.487] [main/WARN] [epicfight/]: Item Capability Exception: No item named magistuarmory:rusted_flamebladedsword
[19Apr2026 02:22:34.487] [main/WARN] [epicfight/]: Item Capability Exception: No item named epicfight:_diamond_greatsword
[19Apr2026 02:22:34.488] [main/WARN] [epicfight/]: epicfight:cut is not a hit particle type in magistuarmory:pike
[19Apr2026 02:22:34.488] [main/WARN] [epicfight/]: Item Capability Exception: No item named magistuarmory:rusted_lucernhammer
[19Apr2026 02:22:34.490] [main/WARN] [epicfight/]: Item Capability Exception: No item named magistuarmory:rusted_heavywarhammer
[19Apr2026 02:22:34.492] [main/WARN] [epicfight/]: epicfight:cut is not a hit particle type in magistuarmory:pike
[19Apr2026 02:22:34.493] [main/WARN] [epicfight/]: epicfight:cut is not a hit particle type in magistuarmory:pike
[19Apr2026 02:22:34.494] [main/WARN] [epicfight/]: epicfight:cut is not a hit particle type in magistuarmory:pike
[19Apr2026 02:22:34.495] [main/WARN] [epicfight/]: epicfight:cut is not a hit particle type in magistuarmory:pike
[19Apr2026 02:22:34.495] [main/WARN] [epicfight/]: Item Capability Exception: No item named magistuarmory:rusted_lochaberaxe
[19Apr2026 02:22:34.496] [main/WARN] [epicfight/]: Item Capability Exception: No item named dungeons_gear:glaive
[19Apr2026 02:22:34.496] [main/WARN] [epicfight/]: Item Capability Exception: No item named magistuarmory:rusted_katzbalger
[19Apr2026 02:22:34.497] [main/WARN] [epicfight/]: epicfight:cut is not a hit particle type in magistuarmory:pike
[19Apr2026 02:22:34.497] [main/WARN] [epicfight/]: epicfight:cut is not a hit particle type in magistuarmory:pike
[19Apr2026 02:22:34.499] [main/WARN] [epicfight/]: epicfight:cut is not a hit particle type in magistuarmory:pike
[19Apr2026 02:22:34.499] [main/WARN] [epicfight/]: Item Capability Exception: No item named fromtheshadows:thirst_for_blood
[19Apr2026 02:22:34.500] [main/WARN] [epicfight/]: epicfight:cut is not a hit particle type in magistuarmory:pike
[19Apr2026 02:22:34.504] [main/WARN] [epicfight/]: epicfight:cut is not a hit particle type in magistuarmory:pike
[19Apr2026 02:22:34.505] [main/WARN] [epicfight/]: Can't find a particle type epicfight:entity.hit.blunt in invincible:custom_combo_demo
[19Apr2026 02:22:34.505] [main/WARN] [epicfight/]: epicfight:cut is not a hit particle type in magistuarmory:pike
[19Apr2026 02:22:34.506] [main/WARN] [epicfight/]: epicfight:cut is not a hit particle type in magistuarmory:pike
[19Apr2026 02:22:34.506] [main/WARN] [epicfight/]: epicfight:cut is not a hit particle type in magistuarmory:pike
[19Apr2026 02:22:34.507] [main/WARN] [epicfight/]: Item Capability Exception: No item named farmersdelight:iron_knife
[19Apr2026 02:22:34.507] [main/WARN] [epicfight/]: epicfight:cut is not a hit particle type in magistuarmory:pike
[19Apr2026 02:22:34.509] [main/WARN] [epicfight/]: Item Capability Exception: No item named magistuarmory:rusted_estoc
[19Apr2026 02:22:34.509] [main/WARN] [epicfight/]: Item Capability Exception: No item named magistuarmory:rusted_chainmorgenstern
[19Apr2026 02:22:34.510] [main/WARN] [epicfight/]: epicfight:cut is not a hit particle type in magistuarmory:pike
[19Apr2026 02:22:34.510] [main/WARN] [epicfight/]: Item Capability Exception: No item named farmersdelight:flint_knife
[19Apr2026 02:22:34.511] [main/WARN] [epicfight/]: epicfight:cut is not a hit particle type in magistuarmory:pike
[19Apr2026 02:22:34.512] [main/WARN] [epicfight/]: Item Capability Exception: No item named magistuarmory:rusted_stylet
[19Apr2026 02:22:34.512] [main/WARN] [epicfight/]: epicfight:cut is not a hit particle type in magistuarmory:pike
[19Apr2026 02:22:34.513] [main/WARN] [epicfight/]: Item Capability Exception: No item named farmersdelight:golden_knife
[19Apr2026 02:22:34.514] [main/WARN] [epicfight/]: epicfight:cut is not a hit particle type in magistuarmory:pike
[19Apr2026 02:22:34.515] [main/WARN] [epicfight/]: Error while deserializing datapack for magistuarmory:silver_morgenstern: Can't find weapon type: minecraft:axe
[19Apr2026 02:22:34.515] [main/WARN] [epicfight/]: Item Capability Exception: No item named magistuarmory:rusted_ahlspiess
[19Apr2026 02:22:34.580] [main/WARN] [net.minecraftforge.common.loot.LootModifierManager/]: Could not decode GlobalLootModifier with json id uniqueaccessories:chest/waist_warmer_in_village_tqiga_house - error: Not a JSON object: null
[19Apr2026 02:22:34.581] [main/WARN] [net.minecraftforge.common.loot.LootModifierManager/]: Could not decode GlobalLootModifier with json id aether:gloves_loot_gold - error: Not a JSON object: null
[19Apr2026 02:22:34.581] [main/WARN] [net.minecraftforge.common.loot.LootModifierManager/]: Could not decode GlobalLootModifier with json id aether:gloves_loot_chain - error: Not a JSON object: null
[19Apr2026 02:22:34.582] [main/WARN] [net.minecraftforge.common.loot.LootModifierManager/]: Could not decode GlobalLootModifier with json id aether:gloves_loot_diamond - error: Not a JSON object: null
[19Apr2026 02:22:34.582] [main/WARN] [net.minecraftforge.common.loot.LootModifierManager/]: Could not decode GlobalLootModifier with json id aether:gloves_loot_leather - error: Not a JSON object: null
[19Apr2026 02:22:34.582] [main/WARN] [net.minecraftforge.common.loot.LootModifierManager/]: Could not decode GlobalLootModifier with json id aether:gloves_loot_iron - error: Not a JSON object: null
[19Apr2026 02:22:34.582] [main/WARN] [net.minecraftforge.common.loot.LootModifierManager/]: Could not decode GlobalLootModifier with json id aether:gloves_loot_netherite - error: Not a JSON object: null
[19Apr2026 02:22:34.582] [main/WARN] [net.minecraftforge.common.loot.LootModifierManager/]: Could not decode GlobalLootModifier with json id domesticationinnovation:blazing_enchanted_book - error: Not a JSON object: null
[19Apr2026 02:22:34.601] [main/INFO] [DragonGeneticsLoader/]: [DragonGenetics] Loaded species=8 taxonomy_entries=108 (across data packs)
[19Apr2026 02:22:34.621] [main/INFO] [net.magister.bookofdragons.entity.component.ranged.data.DragonAttackManager/]: Loaded 9 dragon attack definitions
[19Apr2026 02:22:34.625] [main/INFO] [SpeciesStatLoader/]: Loaded 8 species stat configs from datapacks
[19Apr2026 02:22:34.728] [main/INFO] [bountiful/]: Trying to load unloaded files from: config/bountiful/bounty_pools
[19Apr2026 02:22:34.732] [main/INFO] [bountiful/]: Trying to load unloaded files from: config/bountiful/bounty_decrees
[19Apr2026 02:22:34.742] [main/INFO] [quark-zeta/]: Modified advancement minecraft:husbandry/wax_on with 2 patches
[19Apr2026 02:22:34.743] [main/INFO] [quark-zeta/]: Modified advancement minecraft:adventure/kill_a_mob with 3 patches
[19Apr2026 02:22:34.743] [main/INFO] [quark-zeta/]: Modified advancement minecraft:husbandry/bred_all_animals with 3 patches
[19Apr2026 02:22:34.743] [main/INFO] [quark-zeta/]: Modified advancement minecraft:adventure/kill_all_mobs with 3 patches
[19Apr2026 02:22:34.744] [main/INFO] [quark-zeta/]: Modified advancement minecraft:husbandry/balanced_diet with 3 patches
[19Apr2026 02:22:34.744] [main/INFO] [quark-zeta/]: Modified advancement minecraft:husbandry/plant_seed with 1 patches
[19Apr2026 02:22:34.744] [main/INFO] [quark-zeta/]: Modified advancement minecraft:nether/all_effects with 2 patches
[19Apr2026 02:22:34.744] [main/INFO] [quark-zeta/]: Modified advancement minecraft:husbandry/wax_off with 2 patches
[19Apr2026 02:22:34.744] [main/INFO] [quark-zeta/]: Modified advancement minecraft:adventure/adventuring_time with 1 patches
[19Apr2026 02:22:34.744] [main/INFO] [quark-zeta/]: Modified advancement minecraft:nether/all_potions with 1 patches
[19Apr2026 02:22:34.764] [main/INFO] [Supplementaries/]: Loaded 27 flute songs
[19Apr2026 02:22:34.774] [main/INFO] [placebo/]: Registered 0 gear_sets.
[19Apr2026 02:22:34.818] [main/WARN] [indestructible/]: epicfight:biped/skill/guard_sword_hit_active1 can't be recognized
[19Apr2026 02:22:34.819] [main/WARN] [indestructible/]: epicfight:biped/skill/guard_sword_hit_active2 can't be recognized
[19Apr2026 02:22:34.819] [main/WARN] [indestructible/]: epicfight:biped/skill/guard_sword_hit_active1 can't be recognized
[19Apr2026 02:22:34.846] [main/WARN] [indestructible/]: efn:biped/yamato/biped_hitback_1 can't be recognized
[19Apr2026 02:22:34.846] [main/WARN] [indestructible/]: epicfightx:biped/skill/revelation_normal can't be recognized
[19Apr2026 02:22:34.846] [main/WARN] [indestructible/]: efn:biped/yamato/biped_hitback_1 can't be recognized
[19Apr2026 02:22:34.846] [main/WARN] [indestructible/]: efn:biped/yamato/biped_hitback_1 can't be recognized
[19Apr2026 02:22:34.846] [main/WARN] [indestructible/]: efn:biped/yamato/biped_hitback_1 can't be recognized
[19Apr2026 02:22:34.847] [main/WARN] [indestructible/]: efn:biped/yamato/biped_hitback_1 can't be recognized
[19Apr2026 02:22:34.847] [main/WARN] [indestructible/]: efn:biped/yamato/biped_hitback_1 can't be recognized
[19Apr2026 02:22:34.847] [main/WARN] [indestructible/]: efn:biped/yamato/biped_hitback_1 can't be recognized
[19Apr2026 02:22:34.847] [main/WARN] [indestructible/]: efn:biped/yamato/biped_hitback_1 can't be recognized
[19Apr2026 02:22:34.847] [main/WARN] [indestructible/]: efn:biped/yamato/biped_hitback_1 can't be recognized
[19Apr2026 02:22:34.847] [main/WARN] [indestructible/]: efn:biped/ng_greatsword/ng_great_skill_clash can't be recognized
[19Apr2026 02:22:34.847] [main/WARN] [indestructible/]: efn:biped/yamato/biped_hitback_1 can't be recognized
[19Apr2026 02:22:34.848] [main/WARN] [indestructible/]: efn:biped/yamato/biped_hitback_1 can't be recognized
[19Apr2026 02:22:34.848] [main/WARN] [indestructible/]: efn:biped/yamato/biped_hitback_1 can't be recognized
[19Apr2026 02:22:34.848] [main/WARN] [indestructible/]: efn:biped/yamato/biped_hitback_1 can't be recognized
[19Apr2026 02:22:34.848] [main/WARN] [indestructible/]: efn:biped/yamato/biped_hitback_1 can't be recognized
[19Apr2026 02:22:34.848] [main/WARN] [indestructible/]: efn:biped/yamato/biped_hitback_1 can't be recognized
[19Apr2026 02:22:34.848] [main/WARN] [indestructible/]: efn:biped/yamato/biped_hitback_1 can't be recognized
[19Apr2026 02:22:34.849] [main/WARN] [indestructible/]: efn:biped/yamato/biped_hitback_1 can't be recognized
[19Apr2026 02:22:34.849] [main/WARN] [indestructible/]: efn:biped/nf_meen/nf_meen_auto4 can't be recognized
[19Apr2026 02:22:34.849] [main/WARN] [indestructible/]: efn:biped/yamato/biped_hitback_1 can't be recognized
[19Apr2026 02:22:34.849] [main/WARN] [indestructible/]: efn:biped/yamato/biped_hitback_1 can't be recognized
[19Apr2026 02:22:34.849] [main/WARN] [indestructible/]: efn:biped/yamato/biped_hitback_1 can't be recognized
[19Apr2026 02:22:34.849] [main/WARN] [indestructible/]: efn:biped/yamato/biped_hitback_1 can't be recognized
[19Apr2026 02:22:34.849] [main/WARN] [indestructible/]: efn:biped/yamato/biped_hitback_1 can't be recognized
[19Apr2026 02:22:34.850] [main/WARN] [indestructible/]: efn:biped/yamato/biped_hitback_1 can't be recognized
[19Apr2026 02:22:34.850] [main/WARN] [indestructible/]: efn:biped/yamato/biped_hitback_1 can't be recognized
[19Apr2026 02:22:34.850] [main/WARN] [indestructible/]: efn:biped/yamato/biped_hitback_1 can't be recognized
[19Apr2026 02:22:34.850] [main/WARN] [indestructible/]: efn:biped/nf_tachi/nf_tachi_bloodlust_end can't be recognized
[19Apr2026 02:22:34.850] [main/WARN] [indestructible/]: efn:biped/yamato/biped_hitback_1 can't be recognized
[19Apr2026 02:22:34.850] [main/WARN] [indestructible/]: efn:biped/yamato/biped_hitback_1 can't be recognized
[19Apr2026 02:22:34.851] [main/WARN] [indestructible/]: efn:biped/yamato/biped_hitback_1 can't be recognized
[19Apr2026 02:22:34.851] [main/WARN] [indestructible/]: efn:biped/yamato/biped_hitback_1 can't be recognized
[19Apr2026 02:22:34.851] [main/WARN] [indestructible/]: efn:biped/yamato/biped_hitback_1 can't be recognized
[19Apr2026 02:22:34.851] [main/WARN] [indestructible/]: efn:biped/yamato/biped_hitback_1 can't be recognized
[19Apr2026 02:22:34.851] [main/WARN] [indestructible/]: efn:biped/yamato/biped_hitback_1 can't be recognized
[19Apr2026 02:22:34.851] [main/WARN] [indestructible/]: epicfightx:biped/combat/uchigatana_sheath_dash can't be recognized
[19Apr2026 02:22:34.852] [main/WARN] [indestructible/]: efn:biped/yamato/biped_hitback_1 can't be recognized
[19Apr2026 02:22:34.852] [main/WARN] [indestructible/]: efn:biped/yamato/biped_hitback_1 can't be recognized
[19Apr2026 02:22:34.852] [main/WARN] [indestructible/]: efn:biped/yamato/biped_hitback_1 can't be recognized
[19Apr2026 02:22:34.852] [main/WARN] [indestructible/]: efn:biped/yamato/biped_hitback_1 can't be recognized
[19Apr2026 02:22:34.852] [main/WARN] [indestructible/]: efn:biped/yamato/biped_hitback_1 can't be recognized
[19Apr2026 02:22:34.852] [main/WARN] [indestructible/]: efn:biped/yamato/biped_hitback_1 can't be recognized
[19Apr2026 02:22:34.853] [main/WARN] [indestructible/]: efn:biped/yamato/biped_hitback_1 can't be recognized
[19Apr2026 02:22:34.853] [main/WARN] [indestructible/]: efn:biped/yamato/biped_hitback_1 can't be recognized
[19Apr2026 02:22:34.853] [main/WARN] [indestructible/]: epicfightx:biped/combat/dagger_airslash can't be recognized
[19Apr2026 02:22:34.853] [main/WARN] [indestructible/]: efn:biped/yamato/biped_hitback_1 can't be recognized
[19Apr2026 02:22:34.853] [main/WARN] [indestructible/]: efn:biped/yamato/biped_hitback_1 can't be recognized
[19Apr2026 02:22:34.853] [main/WARN] [indestructible/]: efn:biped/yamato/biped_hitback_1 can't be recognized
[19Apr2026 02:22:34.854] [main/WARN] [indestructible/]: efn:biped/yamato/biped_hitback_1 can't be recognized
[19Apr2026 02:22:34.854] [main/WARN] [indestructible/]: efn:biped/yamato/biped_hitback_1 can't be recognized
[19Apr2026 02:22:34.854] [main/WARN] [indestructible/]: efn:biped/yamato/biped_hitback_1 can't be recognized
[19Apr2026 02:22:34.854] [main/WARN] [indestructible/]: efn:biped/yamato/biped_hitback_1 can't be recognized
[19Apr2026 02:22:34.854] [main/WARN] [indestructible/]: epicfightx:biped/combat/dagger_dual_dash can't be recognized
[19Apr2026 02:22:34.855] [main/WARN] [indestructible/]: efn:biped/yamato/biped_hitback_1 can't be recognized
[19Apr2026 02:22:34.855] [main/WARN] [indestructible/]: efn:biped/yamato/biped_hitback_1 can't be recognized
[19Apr2026 02:22:34.855] [main/WARN] [indestructible/]: efn:biped/yamato/biped_hitback_1 can't be recognized
[19Apr2026 02:22:34.855] [main/WARN] [indestructible/]: efn:biped/yamato/biped_hitback_1 can't be recognized
[19Apr2026 02:22:34.855] [main/WARN] [indestructible/]: efn:biped/yamato/biped_hitback_1 can't be recognized
[19Apr2026 02:22:34.855] [main/WARN] [indestructible/]: efn:biped/yamato/biped_hitback_1 can't be recognized
[19Apr2026 02:22:34.855] [main/WARN] [indestructible/]: efn:biped/yamato/biped_hitback_1 can't be recognized
[19Apr2026 02:22:34.856] [main/WARN] [indestructible/]: epicfightx:biped/skill/dancing_edge can't be recognized
[19Apr2026 02:22:34.856] [main/WARN] [indestructible/]: efn:biped/yamato/biped_hitback_1 can't be recognized
[19Apr2026 02:22:34.856] [main/WARN] [indestructible/]: efn:biped/yamato/biped_hitback_1 can't be recognized
[19Apr2026 02:22:34.856] [main/WARN] [indestructible/]: efn:biped/yamato/biped_hitback_1 can't be recognized
[19Apr2026 02:22:34.856] [main/WARN] [indestructible/]: efn:biped/yamato/biped_hitback_1 can't be recognized
[19Apr2026 02:22:34.856] [main/WARN] [indestructible/]: efn:biped/yamato/biped_hitback_1 can't be recognized
[19Apr2026 02:22:34.856] [main/WARN] [indestructible/]: efn:biped/yamato/biped_hitback_1 can't be recognized
[19Apr2026 02:22:34.856] [main/WARN] [indestructible/]: efn:biped/yamato/biped_hitback_1 can't be recognized
[19Apr2026 02:22:34.857] [main/WARN] [indestructible/]: efn:biped/yamato/biped_hitback_air can't be recognized
[19Apr2026 02:22:34.857] [main/WARN] [indestructible/]: efn:biped/nf_claw/nf_claw_auto3 can't be recognized
[19Apr2026 02:22:34.858] [main/WARN] [indestructible/]: efn:biped/yamato/biped_hitback_1 can't be recognized
[19Apr2026 02:22:34.858] [main/WARN] [indestructible/]: efn:biped/yamato/biped_hitback_1 can't be recognized
[19Apr2026 02:22:34.858] [main/WARN] [indestructible/]: efn:biped/yamato/biped_hitback_1 can't be recognized
[19Apr2026 02:22:34.858] [main/WARN] [indestructible/]: efn:biped/yamato/biped_hitback_1 can't be recognized
[19Apr2026 02:22:34.858] [main/WARN] [indestructible/]: efn:biped/yamato/biped_hitback_1 can't be recognized
[19Apr2026 02:22:34.858] [main/WARN] [indestructible/]: efn:biped/yamato/biped_hitback_1 can't be recognized
[19Apr2026 02:22:34.858] [main/WARN] [indestructible/]: efn:biped/yamato/biped_hitback_1 can't be recognized
[19Apr2026 02:22:34.858] [main/WARN] [indestructible/]: efn:biped/yamato/biped_hitback_1 can't be recognized
[19Apr2026 02:22:34.858] [main/WARN] [indestructible/]: efn:biped/nf_sword/nf_sword_skill can't be recognized
[19Apr2026 02:22:34.858] [main/WARN] [indestructible/]: efn:biped/yamato/biped_hitback_1 can't be recognized
[19Apr2026 02:22:34.858] [main/WARN] [indestructible/]: efn:biped/yamato/biped_hitback_1 can't be recognized
[19Apr2026 02:22:34.858] [main/WARN] [indestructible/]: efn:biped/yamato/biped_hitback_1 can't be recognized
[19Apr2026 02:22:34.859] [main/WARN] [indestructible/]: efn:biped/yamato/biped_hitback_1 can't be recognized
[19Apr2026 02:22:34.859] [main/WARN] [indestructible/]: efn:biped/yamato/biped_hitback_1 can't be recognized
[19Apr2026 02:22:34.859] [main/WARN] [indestructible/]: efn:biped/yamato/biped_hitback_1 can't be recognized
[19Apr2026 02:22:34.859] [main/WARN] [indestructible/]: efn:biped/yamato/biped_hitback_1 can't be recognized
[19Apr2026 02:22:34.859] [main/WARN] [indestructible/]: efn:biped/yamato/biped_hitback_1 can't be recognized
[19Apr2026 02:22:34.859] [main/WARN] [indestructible/]: efn:biped/yamato/biped_hitback_1 can't be recognized
[19Apr2026 02:22:34.859] [main/WARN] [indestructible/]: efn:biped/yamato/biped_hitback_1 can't be recognized
[19Apr2026 02:22:34.860] [main/WARN] [indestructible/]: efn:biped/yamato/biped_hitback_1 can't be recognized
[19Apr2026 02:22:34.860] [main/WARN] [indestructible/]: efn:biped/yamato/biped_hitback_1 can't be recognized
[19Apr2026 02:22:34.860] [main/WARN] [indestructible/]: efn:biped/yamato/biped_hitback_1 can't be recognized
[19Apr2026 02:22:34.860] [main/WARN] [indestructible/]: efn:biped/yamato/biped_hitback_1 can't be recognized
[19Apr2026 02:22:34.860] [main/WARN] [indestructible/]: efn:biped/yamato/biped_hitback_1 can't be recognized
[19Apr2026 02:22:34.878] [main/WARN] [indestructible/]: efn:biped/yamato/biped_hitback_1 can't be recognized
[19Apr2026 02:22:34.878] [main/WARN] [indestructible/]: epicfightx:biped/skill/revelation_normal can't be recognized
[19Apr2026 02:22:34.879] [main/WARN] [indestructible/]: efn:biped/yamato/biped_hitback_1 can't be recognized
[19Apr2026 02:22:34.879] [main/WARN] [indestructible/]: efn:biped/yamato/biped_hitback_1 can't be recognized
[19Apr2026 02:22:34.879] [main/WARN] [indestructible/]: efn:biped/yamato/biped_hitback_1 can't be recognized
[19Apr2026 02:22:34.879] [main/WARN] [indestructible/]: efn:biped/yamato/biped_hitback_1 can't be recognized
[19Apr2026 02:22:34.879] [main/WARN] [indestructible/]: efn:biped/yamato/biped_hitback_1 can't be recognized
[19Apr2026 02:22:34.879] [main/WARN] [indestructible/]: efn:biped/yamato/biped_hitback_1 can't be recognized
[19Apr2026 02:22:34.879] [main/WARN] [indestructible/]: efn:biped/yamato/biped_hitback_1 can't be recognized
[19Apr2026 02:22:34.879] [main/WARN] [indestructible/]: efn:biped/yamato/biped_hitback_1 can't be recognized
[19Apr2026 02:22:34.880] [main/WARN] [indestructible/]: efn:biped/ng_greatsword/ng_great_skill_clash can't be recognized
[19Apr2026 02:22:34.880] [main/WARN] [indestructible/]: efn:biped/yamato/biped_hitback_1 can't be recognized
[19Apr2026 02:22:34.880] [main/WARN] [indestructible/]: efn:biped/yamato/biped_hitback_1 can't be recognized
[19Apr2026 02:22:34.880] [main/WARN] [indestructible/]: efn:biped/yamato/biped_hitback_1 can't be recognized
[19Apr2026 02:22:34.880] [main/WARN] [indestructible/]: efn:biped/yamato/biped_hitback_1 can't be recognized
[19Apr2026 02:22:34.880] [main/WARN] [indestructible/]: efn:biped/yamato/biped_hitback_1 can't be recognized
[19Apr2026 02:22:34.880] [main/WARN] [indestructible/]: efn:biped/yamato/biped_hitback_1 can't be recognized
[19Apr2026 02:22:34.880] [main/WARN] [indestructible/]: efn:biped/yamato/biped_hitback_1 can't be recognized
[19Apr2026 02:22:34.881] [main/WARN] [indestructible/]: efn:biped/yamato/biped_hitback_1 can't be recognized
[19Apr2026 02:22:34.881] [main/WARN] [indestructible/]: efn:biped/nf_meen/nf_meen_auto4 can't be recognized
[19Apr2026 02:22:34.881] [main/WARN] [indestructible/]: efn:biped/yamato/biped_hitback_1 can't be recognized
[19Apr2026 02:22:34.881] [main/WARN] [indestructible/]: efn:biped/yamato/biped_hitback_1 can't be recognized
[19Apr2026 02:22:34.881] [main/WARN] [indestructible/]: efn:biped/yamato/biped_hitback_1 can't be recognized
[19Apr2026 02:22:34.881] [main/WARN] [indestructible/]: efn:biped/yamato/biped_hitback_1 can't be recognized
[19Apr2026 02:22:34.881] [main/WARN] [indestructible/]: efn:biped/yamato/biped_hitback_1 can't be recognized
[19Apr2026 02:22:34.881] [main/WARN] [indestructible/]: efn:biped/yamato/biped_hitback_1 can't be recognized
[19Apr2026 02:22:34.881] [main/WARN] [indestructible/]: efn:biped/yamato/biped_hitback_1 can't be recognized
[19Apr2026 02:22:34.882] [main/WARN] [indestructible/]: efn:biped/yamato/biped_hitback_1 can't be recognized
[19Apr2026 02:22:34.882] [main/WARN] [indestructible/]: efn:biped/nf_tachi/nf_tachi_bloodlust_end can't be recognized
[19Apr2026 02:22:34.882] [main/WARN] [indestructible/]: efn:biped/yamato/biped_hitback_1 can't be recognized
[19Apr2026 02:22:34.882] [main/WARN] [indestructible/]: efn:biped/yamato/biped_hitback_1 can't be recognized
[19Apr2026 02:22:34.882] [main/WARN] [indestructible/]: efn:biped/yamato/biped_hitback_1 can't be recognized
[19Apr2026 02:22:34.882] [main/WARN] [indestructible/]: efn:biped/yamato/biped_hitback_1 can't be recognized
[19Apr2026 02:22:34.882] [main/WARN] [indestructible/]: efn:biped/yamato/biped_hitback_1 can't be recognized
[19Apr2026 02:22:34.882] [main/WARN] [indestructible/]: efn:biped/yamato/biped_hitback_1 can't be recognized
[19Apr2026 02:22:34.883] [main/WARN] [indestructible/]: efn:biped/yamato/biped_hitback_1 can't be recognized
[19Apr2026 02:22:34.883] [main/WARN] [indestructible/]: epicfightx:biped/combat/uchigatana_sheath_dash can't be recognized
[19Apr2026 02:22:34.883] [main/WARN] [indestructible/]: efn:biped/yamato/biped_hitback_1 can't be recognized
[19Apr2026 02:22:34.883] [main/WARN] [indestructible/]: efn:biped/yamato/biped_hitback_1 can't be recognized
[19Apr2026 02:22:34.883] [main/WARN] [indestructible/]: efn:biped/yamato/biped_hitback_1 can't be recognized
[19Apr2026 02:22:34.883] [main/WARN] [indestructible/]: efn:biped/yamato/biped_hitback_1 can't be recognized
[19Apr2026 02:22:34.884] [main/WARN] [indestructible/]: efn:biped/yamato/biped_hitback_1 can't be recognized
[19Apr2026 02:22:34.884] [main/WARN] [indestructible/]: efn:biped/yamato/biped_hitback_1 can't be recognized
[19Apr2026 02:22:34.884] [main/WARN] [indestructible/]: efn:biped/yamato/biped_hitback_1 can't be recognized
[19Apr2026 02:22:34.884] [main/WARN] [indestructible/]: efn:biped/yamato/biped_hitback_1 can't be recognized
[19Apr2026 02:22:34.884] [main/WARN] [indestructible/]: epicfightx:biped/combat/dagger_airslash can't be recognized
[19Apr2026 02:22:34.884] [main/WARN] [indestructible/]: efn:biped/yamato/biped_hitback_1 can't be recognized
[19Apr2026 02:22:34.884] [main/WARN] [indestructible/]: efn:biped/yamato/biped_hitback_1 can't be recognized
[19Apr2026 02:22:34.884] [main/WARN] [indestructible/]: efn:biped/yamato/biped_hitback_1 can't be recognized
[19Apr2026 02:22:34.885] [main/WARN] [indestructible/]: efn:biped/yamato/biped_hitback_1 can't be recognized
[19Apr2026 02:22:34.885] [main/WARN] [indestructible/]: efn:biped/yamato/biped_hitback_1 can't be recognized
[19Apr2026 02:22:34.885] [main/WARN] [indestructible/]: efn:biped/yamato/biped_hitback_1 can't be recognized
[19Apr2026 02:22:34.885] [main/WARN] [indestructible/]: efn:biped/yamato/biped_hitback_1 can't be recognized
[19Apr2026 02:22:34.885] [main/WARN] [indestructible/]: epicfightx:biped/combat/dagger_dual_dash can't be recognized
[19Apr2026 02:22:34.885] [main/WARN] [indestructible/]: efn:biped/yamato/biped_hitback_1 can't be recognized
[19Apr2026 02:22:34.886] [main/WARN] [indestructible/]: efn:biped/yamato/biped_hitback_1 can't be recognized
[19Apr2026 02:22:34.886] [main/WARN] [indestructible/]: efn:biped/yamato/biped_hitback_1 can't be recognized
[19Apr2026 02:22:34.886] [main/WARN] [indestructible/]: efn:biped/yamato/biped_hitback_1 can't be recognized
[19Apr2026 02:22:34.886] [main/WARN] [indestructible/]: efn:biped/yamato/biped_hitback_1 can't be recognized
[19Apr2026 02:22:34.886] [main/WARN] [indestructible/]: efn:biped/yamato/biped_hitback_1 can't be recognized
[19Apr2026 02:22:34.886] [main/WARN] [indestructible/]: efn:biped/yamato/biped_hitback_1 can't be recognized
[19Apr2026 02:22:34.886] [main/WARN] [indestructible/]: epicfightx:biped/skill/dancing_edge can't be recognized
[19Apr2026 02:22:34.887] [main/WARN] [indestructible/]: efn:biped/yamato/biped_hitback_1 can't be recognized
[19Apr2026 02:22:34.887] [main/WARN] [indestructible/]: efn:biped/yamato/biped_hitback_1 can't be recognized
[19Apr2026 02:22:34.887] [main/WARN] [indestructible/]: efn:biped/yamato/biped_hitback_1 can't be recognized
[19Apr2026 02:22:34.887] [main/WARN] [indestructible/]: efn:biped/yamato/biped_hitback_1 can't be recognized
[19Apr2026 02:22:34.887] [main/WARN] [indestructible/]: efn:biped/yamato/biped_hitback_1 can't be recognized
[19Apr2026 02:22:34.887] [main/WARN] [indestructible/]: efn:biped/yamato/biped_hitback_1 can't be recognized
[19Apr2026 02:22:34.887] [main/WARN] [indestructible/]: efn:biped/yamato/biped_hitback_1 can't be recognized
[19Apr2026 02:22:34.888] [main/WARN] [indestructible/]: efn:biped/yamato/biped_hitback_air can't be recognized
[19Apr2026 02:22:34.888] [main/WARN] [indestructible/]: efn:biped/nf_claw/nf_claw_auto3 can't be recognized
[19Apr2026 02:22:34.888] [main/WARN] [indestructible/]: efn:biped/yamato/biped_hitback_1 can't be recognized
[19Apr2026 02:22:34.888] [main/WARN] [indestructible/]: efn:biped/yamato/biped_hitback_1 can't be recognized
[19Apr2026 02:22:34.888] [main/WARN] [indestructible/]: efn:biped/yamato/biped_hitback_1 can't be recognized
[19Apr2026 02:22:34.888] [main/WARN] [indestructible/]: efn:biped/yamato/biped_hitback_1 can't be recognized
[19Apr2026 02:22:34.888] [main/WARN] [indestructible/]: efn:biped/yamato/biped_hitback_1 can't be recognized
[19Apr2026 02:22:34.888] [main/WARN] [indestructible/]: efn:biped/yamato/biped_hitback_1 can't be recognized
[19Apr2026 02:22:34.888] [main/WARN] [indestructible/]: efn:biped/yamato/biped_hitback_1 can't be recognized
[19Apr2026 02:22:34.889] [main/WARN] [indestructible/]: efn:biped/yamato/biped_hitback_1 can't be recognized
[19Apr2026 02:22:34.889] [main/WARN] [indestructible/]: efn:biped/nf_sword/nf_sword_skill can't be recognized
[19Apr2026 02:22:34.889] [main/WARN] [indestructible/]: efn:biped/yamato/biped_hitback_1 can't be recognized
[19Apr2026 02:22:34.889] [main/WARN] [indestructible/]: efn:biped/yamato/biped_hitback_1 can't be recognized
[19Apr2026 02:22:34.889] [main/WARN] [indestructible/]: efn:biped/yamato/biped_hitback_1 can't be recognized
[19Apr2026 02:22:34.889] [main/WARN] [indestructible/]: efn:biped/yamato/biped_hitback_1 can't be recognized
[19Apr2026 02:22:34.889] [main/WARN] [indestructible/]: efn:biped/yamato/biped_hitback_1 can't be recognized
[19Apr2026 02:22:34.890] [main/WARN] [indestructible/]: efn:biped/yamato/biped_hitback_1 can't be recognized
[19Apr2026 02:22:34.890] [main/WARN] [indestructible/]: efn:biped/yamato/biped_hitback_1 can't be recognized
[19Apr2026 02:22:34.890] [main/WARN] [indestructible/]: efn:biped/yamato/biped_hitback_1 can't be recognized
[19Apr2026 02:22:34.890] [main/WARN] [indestructible/]: efn:biped/yamato/biped_hitback_1 can't be recognized
[19Apr2026 02:22:34.890] [main/WARN] [indestructible/]: efn:biped/yamato/biped_hitback_1 can't be recognized
[19Apr2026 02:22:34.890] [main/WARN] [indestructible/]: efn:biped/yamato/biped_hitback_1 can't be recognized
[19Apr2026 02:22:34.890] [main/WARN] [indestructible/]: efn:biped/yamato/biped_hitback_1 can't be recognized
[19Apr2026 02:22:34.891] [main/WARN] [indestructible/]: efn:biped/yamato/biped_hitback_1 can't be recognized
[19Apr2026 02:22:34.891] [main/WARN] [indestructible/]: efn:biped/yamato/biped_hitback_1 can't be recognized
[19Apr2026 02:22:34.891] [main/WARN] [indestructible/]: efn:biped/yamato/biped_hitback_1 can't be recognized
[19Apr2026 02:22:34.911] [main/WARN] [indestructible/]: efn:biped/yamato/biped_hitback_1 can't be recognized
[19Apr2026 02:22:34.911] [main/WARN] [indestructible/]: epicfightx:biped/skill/revelation_normal can't be recognized
[19Apr2026 02:22:34.911] [main/WARN] [indestructible/]: efn:biped/yamato/biped_hitback_1 can't be recognized
[19Apr2026 02:22:34.911] [main/WARN] [indestructible/]: efn:biped/yamato/biped_hitback_1 can't be recognized
[19Apr2026 02:22:34.911] [main/WARN] [indestructible/]: efn:biped/yamato/biped_hitback_1 can't be recognized
[19Apr2026 02:22:34.911] [main/WARN] [indestructible/]: efn:biped/yamato/biped_hitback_1 can't be recognized
[19Apr2026 02:22:34.911] [main/WARN] [indestructible/]: efn:biped/yamato/biped_hitback_1 can't be recognized
[19Apr2026 02:22:34.911] [main/WARN] [indestructible/]: efn:biped/yamato/biped_hitback_1 can't be recognized
[19Apr2026 02:22:34.911] [main/WARN] [indestructible/]: efn:biped/yamato/biped_hitback_1 can't be recognized
[19Apr2026 02:22:34.912] [main/WARN] [indestructible/]: efn:biped/yamato/biped_hitback_1 can't be recognized
[19Apr2026 02:22:34.912] [main/WARN] [indestructible/]: efn:biped/ng_greatsword/ng_great_skill_clash can't be recognized
[19Apr2026 02:22:34.912] [main/WARN] [indestructible/]: efn:biped/yamato/biped_hitback_1 can't be recognized
[19Apr2026 02:22:34.912] [main/WARN] [indestructible/]: efn:biped/yamato/biped_hitback_1 can't be recognized
[19Apr2026 02:22:34.912] [main/WARN] [indestructible/]: efn:biped/yamato/biped_hitback_1 can't be recognized
[19Apr2026 02:22:34.912] [main/WARN] [indestructible/]: efn:biped/yamato/biped_hitback_1 can't be recognized
[19Apr2026 02:22:34.912] [main/WARN] [indestructible/]: efn:biped/yamato/biped_hitback_1 can't be recognized
[19Apr2026 02:22:34.913] [main/WARN] [indestructible/]: efn:biped/yamato/biped_hitback_1 can't be recognized
[19Apr2026 02:22:34.913] [main/WARN] [indestructible/]: efn:biped/yamato/biped_hitback_1 can't be recognized
[19Apr2026 02:22:34.913] [main/WARN] [indestructible/]: efn:biped/yamato/biped_hitback_1 can't be recognized
[19Apr2026 02:22:34.913] [main/WARN] [indestructible/]: efn:biped/nf_meen/nf_meen_auto4 can't be recognized
[19Apr2026 02:22:34.913] [main/WARN] [indestructible/]: efn:biped/yamato/biped_hitback_1 can't be recognized
[19Apr2026 02:22:34.913] [main/WARN] [indestructible/]: efn:biped/yamato/biped_hitback_1 can't be recognized
[19Apr2026 02:22:34.913] [main/WARN] [indestructible/]: efn:biped/yamato/biped_hitback_1 can't be recognized
[19Apr2026 02:22:34.913] [main/WARN] [indestructible/]: efn:biped/yamato/biped_hitback_1 can't be recognized
[19Apr2026 02:22:34.914] [main/WARN] [indestructible/]: efn:biped/yamato/biped_hitback_1 can't be recognized
[19Apr2026 02:22:34.914] [main/WARN] [indestructible/]: efn:biped/yamato/biped_hitback_1 can't be recognized
[19Apr2026 02:22:34.914] [main/WARN] [indestructible/]: efn:biped/yamato/biped_hitback_1 can't be recognized
[19Apr2026 02:22:34.914] [main/WARN] [indestructible/]: efn:biped/yamato/biped_hitback_1 can't be recognized
[19Apr2026 02:22:34.914] [main/WARN] [indestructible/]: efn:biped/nf_tachi/nf_tachi_bloodlust_end can't be recognized
[19Apr2026 02:22:34.914] [main/WARN] [indestructible/]: efn:biped/yamato/biped_hitback_1 can't be recognized
[19Apr2026 02:22:34.914] [main/WARN] [indestructible/]: efn:biped/yamato/biped_hitback_1 can't be recognized
[19Apr2026 02:22:34.914] [main/WARN] [indestructible/]: efn:biped/yamato/biped_hitback_1 can't be recognized
[19Apr2026 02:22:34.915] [main/WARN] [indestructible/]: efn:biped/yamato/biped_hitback_1 can't be recognized
[19Apr2026 02:22:34.915] [main/WARN] [indestructible/]: efn:biped/yamato/biped_hitback_1 can't be recognized
[19Apr2026 02:22:34.915] [main/WARN] [indestructible/]: efn:biped/yamato/biped_hitback_1 can't be recognized
[19Apr2026 02:22:34.915] [main/WARN] [indestructible/]: efn:biped/yamato/biped_hitback_1 can't be recognized
[19Apr2026 02:22:34.915] [main/WARN] [indestructible/]: epicfightx:biped/combat/uchigatana_sheath_dash can't be recognized
[19Apr2026 02:22:34.915] [main/WARN] [indestructible/]: efn:biped/yamato/biped_hitback_1 can't be recognized
[19Apr2026 02:22:34.915] [main/WARN] [indestructible/]: efn:biped/yamato/biped_hitback_1 can't be recognized
[19Apr2026 02:22:34.916] [main/WARN] [indestructible/]: efn:biped/yamato/biped_hitback_1 can't be recognized
[19Apr2026 02:22:34.917] [main/WARN] [indestructible/]: efn:biped/yamato/biped_hitback_1 can't be recognized
[19Apr2026 02:22:34.917] [main/WARN] [indestructible/]: efn:biped/yamato/biped_hitback_1 can't be recognized
[19Apr2026 02:22:34.918] [main/WARN] [indestructible/]: efn:biped/yamato/biped_hitback_1 can't be recognized
[19Apr2026 02:22:34.918] [main/WARN] [indestructible/]: efn:biped/yamato/biped_hitback_1 can't be recognized
[19Apr2026 02:22:34.918] [main/WARN] [indestructible/]: efn:biped/yamato/biped_hitback_1 can't be recognized
[19Apr2026 02:22:34.919] [main/WARN] [indestructible/]: epicfightx:biped/combat/dagger_airslash can't be recognized
[19Apr2026 02:22:34.919] [main/WARN] [indestructible/]: efn:biped/yamato/biped_hitback_1 can't be recognized
[19Apr2026 02:22:34.919] [main/WARN] [indestructible/]: efn:biped/yamato/biped_hitback_1 can't be recognized
[19Apr2026 02:22:34.919] [main/WARN] [indestructible/]: efn:biped/yamato/biped_hitback_1 can't be recognized
[19Apr2026 02:22:34.919] [main/WARN] [indestructible/]: efn:biped/yamato/biped_hitback_1 can't be recognized
[19Apr2026 02:22:34.920] [main/WARN] [indestructible/]: efn:biped/yamato/biped_hitback_1 can't be recognized
[19Apr2026 02:22:34.920] [main/WARN] [indestructible/]: efn:biped/yamato/biped_hitback_1 can't be recognized
[19Apr2026 02:22:34.920] [main/WARN] [indestructible/]: efn:biped/yamato/biped_hitback_1 can't be recognized
[19Apr2026 02:22:34.920] [main/WARN] [indestructible/]: epicfightx:biped/combat/dagger_dual_dash can't be recognized
[19Apr2026 02:22:34.920] [main/WARN] [indestructible/]: efn:biped/yamato/biped_hitback_1 can't be recognized
[19Apr2026 02:22:34.920] [main/WARN] [indestructible/]: efn:biped/yamato/biped_hitback_1 can't be recognized
[19Apr2026 02:22:34.921] [main/WARN] [indestructible/]: efn:biped/yamato/biped_hitback_1 can't be recognized
[19Apr2026 02:22:34.921] [main/WARN] [indestructible/]: efn:biped/yamato/biped_hitback_1 can't be recognized
[19Apr2026 02:22:34.921] [main/WARN] [indestructible/]: efn:biped/yamato/biped_hitback_1 can't be recognized
[19Apr2026 02:22:34.922] [main/WARN] [indestructible/]: efn:biped/yamato/biped_hitback_1 can't be recognized
[19Apr2026 02:22:34.922] [main/WARN] [indestructible/]: efn:biped/yamato/biped_hitback_1 can't be recognized
[19Apr2026 02:22:34.922] [main/WARN] [indestructible/]: epicfightx:biped/skill/dancing_edge can't be recognized
[19Apr2026 02:22:34.923] [main/WARN] [indestructible/]: efn:biped/yamato/biped_hitback_1 can't be recognized
[19Apr2026 02:22:34.923] [main/WARN] [indestructible/]: efn:biped/yamato/biped_hitback_1 can't be recognized
[19Apr2026 02:22:34.923] [main/WARN] [indestructible/]: efn:biped/yamato/biped_hitback_1 can't be recognized
[19Apr2026 02:22:34.923] [main/WARN] [indestructible/]: efn:biped/yamato/biped_hitback_1 can't be recognized
[19Apr2026 02:22:34.923] [main/WARN] [indestructible/]: efn:biped/yamato/biped_hitback_1 can't be recognized
[19Apr2026 02:22:34.923] [main/WARN] [indestructible/]: efn:biped/yamato/biped_hitback_1 can't be recognized
[19Apr2026 02:22:34.923] [main/WARN] [indestructible/]: efn:biped/yamato/biped_hitback_1 can't be recognized
[19Apr2026 02:22:34.924] [main/WARN] [indestructible/]: efn:biped/yamato/biped_hitback_air can't be recognized
[19Apr2026 02:22:34.924] [main/WARN] [indestructible/]: efn:biped/nf_claw/nf_claw_auto3 can't be recognized
[19Apr2026 02:22:34.924] [main/WARN] [indestructible/]: efn:biped/yamato/biped_hitback_1 can't be recognized
[19Apr2026 02:22:34.924] [main/WARN] [indestructible/]: efn:biped/yamato/biped_hitback_1 can't be recognized
[19Apr2026 02:22:34.924] [main/WARN] [indestructible/]: efn:biped/yamato/biped_hitback_1 can't be recognized
[19Apr2026 02:22:34.924] [main/WARN] [indestructible/]: efn:biped/yamato/biped_hitback_1 can't be recognized
[19Apr2026 02:22:34.924] [main/WARN] [indestructible/]: efn:biped/yamato/biped_hitback_1 can't be recognized
[19Apr2026 02:22:34.925] [main/WARN] [indestructible/]: efn:biped/yamato/biped_hitback_1 can't be recognized
[19Apr2026 02:22:34.925] [main/WARN] [indestructible/]: efn:biped/yamato/biped_hitback_1 can't be recognized
[19Apr2026 02:22:34.925] [main/WARN] [indestructible/]: efn:biped/yamato/biped_hitback_1 can't be recognized
[19Apr2026 02:22:34.925] [main/WARN] [indestructible/]: efn:biped/nf_sword/nf_sword_skill can't be recognized
[19Apr2026 02:22:34.925] [main/WARN] [indestructible/]: efn:biped/yamato/biped_hitback_1 can't be recognized
[19Apr2026 02:22:34.925] [main/WARN] [indestructible/]: efn:biped/yamato/biped_hitback_1 can't be recognized
[19Apr2026 02:22:34.926] [main/WARN] [indestructible/]: efn:biped/yamato/biped_hitback_1 can't be recognized
[19Apr2026 02:22:34.926] [main/WARN] [indestructible/]: efn:biped/yamato/biped_hitback_1 can't be recognized
[19Apr2026 02:22:34.926] [main/WARN] [indestructible/]: efn:biped/yamato/biped_hitback_1 can't be recognized
[19Apr2026 02:22:34.926] [main/WARN] [indestructible/]: efn:biped/yamato/biped_hitback_1 can't be recognized
[19Apr2026 02:22:34.926] [main/WARN] [indestructible/]: efn:biped/yamato/biped_hitback_1 can't be recognized
[19Apr2026 02:22:34.926] [main/WARN] [indestructible/]: efn:biped/yamato/biped_hitback_1 can't be recognized
[19Apr2026 02:22:34.926] [main/WARN] [indestructible/]: efn:biped/yamato/biped_hitback_1 can't be recognized
[19Apr2026 02:22:34.926] [main/WARN] [indestructible/]: efn:biped/yamato/biped_hitback_1 can't be recognized
[19Apr2026 02:22:34.926] [main/WARN] [indestructible/]: efn:biped/yamato/biped_hitback_1 can't be recognized
[19Apr2026 02:22:34.927] [main/WARN] [indestructible/]: efn:biped/yamato/biped_hitback_1 can't be recognized
[19Apr2026 02:22:34.927] [main/WARN] [indestructible/]: efn:biped/yamato/biped_hitback_1 can't be recognized
[19Apr2026 02:22:34.927] [main/WARN] [indestructible/]: efn:biped/yamato/biped_hitback_1 can't be recognized
[19Apr2026 02:22:34.927] [main/WARN] [indestructible/]: efn:biped/yamato/biped_hitback_1 can't be recognized
[19Apr2026 02:22:34.929] [main/WARN] [indestructible/]: efn:biped/yamato/biped_hitback_1 can't be recognized
[19Apr2026 02:22:34.929] [main/WARN] [indestructible/]: efn:biped/nf_sword/nf_sword_skill can't be recognized
[19Apr2026 02:22:34.930] [main/WARN] [indestructible/]: efn:biped/yamato/biped_hitback_1 can't be recognized
[19Apr2026 02:22:34.951] [main/WARN] [indestructible/]: efn:biped/yamato/biped_hitback_1 can't be recognized
[19Apr2026 02:22:34.951] [main/WARN] [indestructible/]: epicfightx:biped/skill/revelation_normal can't be recognized
[19Apr2026 02:22:34.952] [main/WARN] [indestructible/]: efn:biped/yamato/biped_hitback_1 can't be recognized
[19Apr2026 02:22:34.952] [main/WARN] [indestructible/]: efn:biped/yamato/biped_hitback_1 can't be recognized
[19Apr2026 02:22:34.952] [main/WARN] [indestructible/]: efn:biped/yamato/biped_hitback_1 can't be recognized
[19Apr2026 02:22:34.952] [main/WARN] [indestructible/]: efn:biped/yamato/biped_hitback_1 can't be recognized
[19Apr2026 02:22:34.952] [main/WARN] [indestructible/]: efn:biped/yamato/biped_hitback_1 can't be recognized
[19Apr2026 02:22:34.952] [main/WARN] [indestructible/]: efn:biped/yamato/biped_hitback_1 can't be recognized
[19Apr2026 02:22:34.952] [main/WARN] [indestructible/]: efn:biped/yamato/biped_hitback_1 can't be recognized
[19Apr2026 02:22:34.952] [main/WARN] [indestructible/]: efn:biped/yamato/biped_hitback_1 can't be recognized
[19Apr2026 02:22:34.952] [main/WARN] [indestructible/]: efn:biped/ng_greatsword/ng_great_skill_clash can't be recognized
[19Apr2026 02:22:34.953] [main/WARN] [indestructible/]: efn:biped/yamato/biped_hitback_1 can't be recognized
[19Apr2026 02:22:34.953] [main/WARN] [indestructible/]: efn:biped/yamato/biped_hitback_1 can't be recognized
[19Apr2026 02:22:34.953] [main/WARN] [indestructible/]: efn:biped/yamato/biped_hitback_1 can't be recognized
[19Apr2026 02:22:34.953] [main/WARN] [indestructible/]: efn:biped/yamato/biped_hitback_1 can't be recognized
[19Apr2026 02:22:34.953] [main/WARN] [indestructible/]: efn:biped/yamato/biped_hitback_1 can't be recognized
[19Apr2026 02:22:34.953] [main/WARN] [indestructible/]: efn:biped/yamato/biped_hitback_1 can't be recognized
[19Apr2026 02:22:34.953] [main/WARN] [indestructible/]: efn:biped/yamato/biped_hitback_1 can't be recognized
[19Apr2026 02:22:34.953] [main/WARN] [indestructible/]: efn:biped/yamato/biped_hitback_1 can't be recognized
[19Apr2026 02:22:34.953] [main/WARN] [indestructible/]: efn:biped/nf_meen/nf_meen_auto4 can't be recognized
[19Apr2026 02:22:34.954] [main/WARN] [indestructible/]: efn:biped/yamato/biped_hitback_1 can't be recognized
[19Apr2026 02:22:34.954] [main/WARN] [indestructible/]: efn:biped/yamato/biped_hitback_1 can't be recognized
[19Apr2026 02:22:34.954] [main/WARN] [indestructible/]: efn:biped/yamato/biped_hitback_1 can't be recognized
[19Apr2026 02:22:34.954] [main/WARN] [indestructible/]: efn:biped/yamato/biped_hitback_1 can't be recognized
[19Apr2026 02:22:34.954] [main/WARN] [indestructible/]: efn:biped/yamato/biped_hitback_1 can't be recognized
[19Apr2026 02:22:34.954] [main/WARN] [indestructible/]: efn:biped/yamato/biped_hitback_1 can't be recognized
[19Apr2026 02:22:34.954] [main/WARN] [indestructible/]: efn:biped/yamato/biped_hitback_1 can't be recognized
[19Apr2026 02:22:34.954] [main/WARN] [indestructible/]: efn:biped/yamato/biped_hitback_1 can't be recognized
[19Apr2026 02:22:34.954] [main/WARN] [indestructible/]: efn:biped/nf_tachi/nf_tachi_bloodlust_end can't be recognized
[19Apr2026 02:22:34.955] [main/WARN] [indestructible/]: efn:biped/yamato/biped_hitback_1 can't be recognized
[19Apr2026 02:22:34.955] [main/WARN] [indestructible/]: efn:biped/yamato/biped_hitback_1 can't be recognized
[19Apr2026 02:22:34.955] [main/WARN] [indestructible/]: efn:biped/yamato/biped_hitback_1 can't be recognized
[19Apr2026 02:22:34.955] [main/WARN] [indestructible/]: efn:biped/yamato/biped_hitback_1 can't be recognized
[19Apr2026 02:22:34.955] [main/WARN] [indestructible/]: efn:biped/yamato/biped_hitback_1 can't be recognized
[19Apr2026 02:22:34.955] [main/WARN] [indestructible/]: efn:biped/yamato/biped_hitback_1 can't be recognized
[19Apr2026 02:22:34.955] [main/WARN] [indestructible/]: efn:biped/yamato/biped_hitback_1 can't be recognized
[19Apr2026 02:22:34.955] [main/WARN] [indestructible/]: epicfightx:biped/combat/uchigatana_sheath_dash can't be recognized
[19Apr2026 02:22:34.956] [main/WARN] [indestructible/]: efn:biped/yamato/biped_hitback_1 can't be recognized
[19Apr2026 02:22:34.956] [main/WARN] [indestructible/]: efn:biped/yamato/biped_hitback_1 can't be recognized
[19Apr2026 02:22:34.956] [main/WARN] [indestructible/]: efn:biped/yamato/biped_hitback_1 can't be recognized
[19Apr2026 02:22:34.956] [main/WARN] [indestructible/]: efn:biped/yamato/biped_hitback_1 can't be recognized
[19Apr2026 02:22:34.956] [main/WARN] [indestructible/]: efn:biped/yamato/biped_hitback_1 can't be recognized
[19Apr2026 02:22:34.956] [main/WARN] [indestructible/]: efn:biped/yamato/biped_hitback_1 can't be recognized
[19Apr2026 02:22:34.956] [main/WARN] [indestructible/]: efn:biped/yamato/biped_hitback_1 can't be recognized
[19Apr2026 02:22:34.956] [main/WARN] [indestructible/]: efn:biped/yamato/biped_hitback_1 can't be recognized
[19Apr2026 02:22:34.956] [main/WARN] [indestructible/]: epicfightx:biped/combat/dagger_airslash can't be recognized
[19Apr2026 02:22:34.957] [main/WARN] [indestructible/]: efn:biped/yamato/biped_hitback_1 can't be recognized
[19Apr2026 02:22:34.957] [main/WARN] [indestructible/]: efn:biped/yamato/biped_hitback_1 can't be recognized
[19Apr2026 02:22:34.957] [main/WARN] [indestructible/]: efn:biped/yamato/biped_hitback_1 can't be recognized
[19Apr2026 02:22:34.957] [main/WARN] [indestructible/]: efn:biped/yamato/biped_hitback_1 can't be recognized
[19Apr2026 02:22:34.957] [main/WARN] [indestructible/]: efn:biped/yamato/biped_hitback_1 can't be recognized
[19Apr2026 02:22:34.957] [main/WARN] [indestructible/]: efn:biped/yamato/biped_hitback_1 can't be recognized
[19Apr2026 02:22:34.957] [main/WARN] [indestructible/]: efn:biped/yamato/biped_hitback_1 can't be recognized
[19Apr2026 02:22:34.957] [main/WARN] [indestructible/]: epicfightx:biped/combat/dagger_dual_dash can't be recognized
[19Apr2026 02:22:34.958] [main/WARN] [indestructible/]: efn:biped/yamato/biped_hitback_1 can't be recognized
[19Apr2026 02:22:34.958] [main/WARN] [indestructible/]: efn:biped/yamato/biped_hitback_1 can't be recognized
[19Apr2026 02:22:34.958] [main/WARN] [indestructible/]: efn:biped/yamato/biped_hitback_1 can't be recognized
[19Apr2026 02:22:34.958] [main/WARN] [indestructible/]: efn:biped/yamato/biped_hitback_1 can't be recognized
[19Apr2026 02:22:34.958] [main/WARN] [indestructible/]: efn:biped/yamato/biped_hitback_1 can't be recognized
[19Apr2026 02:22:34.958] [main/WARN] [indestructible/]: efn:biped/yamato/biped_hitback_1 can't be recognized
[19Apr2026 02:22:34.958] [main/WARN] [indestructible/]: efn:biped/yamato/biped_hitback_1 can't be recognized
[19Apr2026 02:22:34.958] [main/WARN] [indestructible/]: epicfightx:biped/skill/dancing_edge can't be recognized
[19Apr2026 02:22:34.959] [main/WARN] [indestructible/]: efn:biped/yamato/biped_hitback_1 can't be recognized
[19Apr2026 02:22:34.959] [main/WARN] [indestructible/]: efn:biped/yamato/biped_hitback_1 can't be recognized
[19Apr2026 02:22:34.959] [main/WARN] [indestructible/]: efn:biped/yamato/biped_hitback_1 can't be recognized
[19Apr2026 02:22:34.959] [main/WARN] [indestructible/]: efn:biped/yamato/biped_hitback_1 can't be recognized
[19Apr2026 02:22:34.959] [main/WARN] [indestructible/]: efn:biped/yamato/biped_hitback_1 can't be recognized
[19Apr2026 02:22:34.959] [main/WARN] [indestructible/]: efn:biped/yamato/biped_hitback_1 can't be recognized
[19Apr2026 02:22:34.959] [main/WARN] [indestructible/]: efn:biped/yamato/biped_hitback_1 can't be recognized
[19Apr2026 02:22:34.960] [main/WARN] [indestructible/]: efn:biped/yamato/biped_hitback_air can't be recognized
[19Apr2026 02:22:34.960] [main/WARN] [indestructible/]: efn:biped/nf_claw/nf_claw_auto3 can't be recognized
[19Apr2026 02:22:34.960] [main/WARN] [indestructible/]: efn:biped/yamato/biped_hitback_1 can't be recognized
[19Apr2026 02:22:34.960] [main/WARN] [indestructible/]: efn:biped/yamato/biped_hitback_1 can't be recognized
[19Apr2026 02:22:34.960] [main/WARN] [indestructible/]: efn:biped/yamato/biped_hitback_1 can't be recognized
[19Apr2026 02:22:34.960] [main/WARN] [indestructible/]: efn:biped/yamato/biped_hitback_1 can't be recognized
[19Apr2026 02:22:34.960] [main/WARN] [indestructible/]: efn:biped/yamato/biped_hitback_1 can't be recognized
[19Apr2026 02:22:34.960] [main/WARN] [indestructible/]: efn:biped/yamato/biped_hitback_1 can't be recognized
[19Apr2026 02:22:34.960] [main/WARN] [indestructible/]: efn:biped/yamato/biped_hitback_1 can't be recognized
[19Apr2026 02:22:34.961] [main/WARN] [indestructible/]: efn:biped/yamato/biped_hitback_1 can't be recognized
[19Apr2026 02:22:34.961] [main/WARN] [indestructible/]: efn:biped/nf_sword/nf_sword_skill can't be recognized
[19Apr2026 02:22:34.961] [main/WARN] [indestructible/]: efn:biped/yamato/biped_hitback_1 can't be recognized
[19Apr2026 02:22:34.961] [main/WARN] [indestructible/]: efn:biped/yamato/biped_hitback_1 can't be recognized
[19Apr2026 02:22:34.961] [main/WARN] [indestructible/]: efn:biped/yamato/biped_hitback_1 can't be recognized
[19Apr2026 02:22:34.961] [main/WARN] [indestructible/]: efn:biped/yamato/biped_hitback_1 can't be recognized
[19Apr2026 02:22:34.961] [main/WARN] [indestructible/]: efn:biped/yamato/biped_hitback_1 can't be recognized
[19Apr2026 02:22:34.961] [main/WARN] [indestructible/]: efn:biped/yamato/biped_hitback_1 can't be recognized
[19Apr2026 02:22:34.962] [main/WARN] [indestructible/]: efn:biped/yamato/biped_hitback_1 can't be recognized
[19Apr2026 02:22:34.962] [main/WARN] [indestructible/]: efn:biped/yamato/biped_hitback_1 can't be recognized
[19Apr2026 02:22:34.962] [main/WARN] [indestructible/]: efn:biped/yamato/biped_hitback_1 can't be recognized
[19Apr2026 02:22:34.963] [main/WARN] [indestructible/]: efn:biped/yamato/biped_hitback_1 can't be recognized
[19Apr2026 02:22:34.963] [main/WARN] [indestructible/]: efn:biped/yamato/biped_hitback_1 can't be recognized
[19Apr2026 02:22:34.963] [main/WARN] [indestructible/]: efn:biped/yamato/biped_hitback_1 can't be recognized
[19Apr2026 02:22:34.963] [main/WARN] [indestructible/]: efn:biped/yamato/biped_hitback_1 can't be recognized
[19Apr2026 02:22:34.964] [main/WARN] [indestructible/]: efn:biped/yamato/biped_hitback_1 can't be recognized
[19Apr2026 02:22:34.964] [main/WARN] [indestructible/]: efn:biped/yamato/biped_hitback_1 can't be recognized
[19Apr2026 02:22:34.967] [main/WARN] [indestructible/]: efn:biped/yamato/biped_hitback_air can't be recognized
[19Apr2026 02:22:34.967] [main/WARN] [indestructible/]: efn:biped/nf_claw/nf_claw_auto3 can't be recognized
[19Apr2026 02:22:34.967] [main/WARN] [indestructible/]: efn:biped/yamato/biped_hitback_1 can't be recognized
[19Apr2026 02:22:34.967] [main/WARN] [indestructible/]: efn:biped/yamato/biped_hitback_1 can't be recognized
[19Apr2026 02:22:34.967] [main/WARN] [indestructible/]: efn:biped/yamato/biped_hitback_1 can't be recognized
[19Apr2026 02:22:34.967] [main/WARN] [indestructible/]: efn:biped/yamato/biped_hitback_1 can't be recognized
[19Apr2026 02:22:34.968] [main/WARN] [indestructible/]: efn:biped/yamato/biped_hitback_1 can't be recognized
[19Apr2026 02:22:34.968] [main/WARN] [indestructible/]: efn:biped/yamato/biped_hitback_1 can't be recognized
[19Apr2026 02:22:34.968] [main/WARN] [indestructible/]: efn:biped/yamato/biped_hitback_1 can't be recognized
[19Apr2026 02:22:34.983] [main/WARN] [indestructible/]: efn:biped/yamato/biped_hitback_1 can't be recognized
[19Apr2026 02:22:34.983] [main/WARN] [indestructible/]: epicfightx:biped/skill/revelation_normal can't be recognized
[19Apr2026 02:22:34.983] [main/WARN] [indestructible/]: efn:biped/yamato/biped_hitback_1 can't be recognized
[19Apr2026 02:22:34.983] [main/WARN] [indestructible/]: efn:biped/yamato/biped_hitback_1 can't be recognized
[19Apr2026 02:22:34.983] [main/WARN] [indestructible/]: efn:biped/yamato/biped_hitback_1 can't be recognized
[19Apr2026 02:22:34.984] [main/WARN] [indestructible/]: efn:biped/yamato/biped_hitback_1 can't be recognized
[19Apr2026 02:22:34.984] [main/WARN] [indestructible/]: efn:biped/yamato/biped_hitback_1 can't be recognized
[19Apr2026 02:22:34.984] [main/WARN] [indestructible/]: efn:biped/yamato/biped_hitback_1 can't be recognized
[19Apr2026 02:22:34.984] [main/WARN] [indestructible/]: efn:biped/yamato/biped_hitback_1 can't be recognized
[19Apr2026 02:22:34.984] [main/WARN] [indestructible/]: efn:biped/yamato/biped_hitback_1 can't be recognized
[19Apr2026 02:22:34.984] [main/WARN] [indestructible/]: efn:biped/ng_greatsword/ng_great_skill_clash can't be recognized
[19Apr2026 02:22:34.984] [main/WARN] [indestructible/]: efn:biped/yamato/biped_hitback_1 can't be recognized
[19Apr2026 02:22:34.985] [main/WARN] [indestructible/]: efn:biped/yamato/biped_hitback_1 can't be recognized
[19Apr2026 02:22:34.985] [main/WARN] [indestructible/]: efn:biped/yamato/biped_hitback_1 can't be recognized
[19Apr2026 02:22:34.985] [main/WARN] [indestructible/]: efn:biped/yamato/biped_hitback_1 can't be recognized
[19Apr2026 02:22:34.985] [main/WARN] [indestructible/]: efn:biped/yamato/biped_hitback_1 can't be recognized
[19Apr2026 02:22:34.985] [main/WARN] [indestructible/]: efn:biped/yamato/biped_hitback_1 can't be recognized
[19Apr2026 02:22:34.985] [main/WARN] [indestructible/]: efn:biped/yamato/biped_hitback_1 can't be recognized
[19Apr2026 02:22:34.985] [main/WARN] [indestructible/]: efn:biped/yamato/biped_hitback_1 can't be recognized
[19Apr2026 02:22:34.986] [main/WARN] [indestructible/]: efn:biped/nf_meen/nf_meen_auto4 can't be recognized
[19Apr2026 02:22:34.986] [main/WARN] [indestructible/]: efn:biped/yamato/biped_hitback_1 can't be recognized
[19Apr2026 02:22:34.986] [main/WARN] [indestructible/]: efn:biped/yamato/biped_hitback_1 can't be recognized
[19Apr2026 02:22:34.986] [main/WARN] [indestructible/]: efn:biped/yamato/biped_hitback_1 can't be recognized
[19Apr2026 02:22:34.986] [main/WARN] [indestructible/]: efn:biped/yamato/biped_hitback_1 can't be recognized
[19Apr2026 02:22:34.986] [main/WARN] [indestructible/]: efn:biped/yamato/biped_hitback_1 can't be recognized
[19Apr2026 02:22:34.986] [main/WARN] [indestructible/]: efn:biped/yamato/biped_hitback_1 can't be recognized
[19Apr2026 02:22:34.986] [main/WARN] [indestructible/]: efn:biped/yamato/biped_hitback_1 can't be recognized
[19Apr2026 02:22:34.987] [main/WARN] [indestructible/]: efn:biped/yamato/biped_hitback_1 can't be recognized
[19Apr2026 02:22:34.987] [main/WARN] [indestructible/]: efn:biped/nf_tachi/nf_tachi_bloodlust_end can't be recognized
[19Apr2026 02:22:34.987] [main/WARN] [indestructible/]: efn:biped/yamato/biped_hitback_1 can't be recognized
[19Apr2026 02:22:34.987] [main/WARN] [indestructible/]: efn:biped/yamato/biped_hitback_1 can't be recognized
[19Apr2026 02:22:34.987] [main/WARN] [indestructible/]: efn:biped/yamato/biped_hitback_1 can't be recognized
[19Apr2026 02:22:34.987] [main/WARN] [indestructible/]: efn:biped/yamato/biped_hitback_1 can't be recognized
[19Apr2026 02:22:34.987] [main/WARN] [indestructible/]: efn:biped/yamato/biped_hitback_1 can't be recognized
[19Apr2026 02:22:34.987] [main/WARN] [indestructible/]: efn:biped/yamato/biped_hitback_1 can't be recognized
[19Apr2026 02:22:34.988] [main/WARN] [indestructible/]: efn:biped/yamato/biped_hitback_1 can't be recognized
[19Apr2026 02:22:34.988] [main/WARN] [indestructible/]: epicfightx:biped/combat/uchigatana_sheath_dash can't be recognized
[19Apr2026 02:22:34.988] [main/WARN] [indestructible/]: efn:biped/yamato/biped_hitback_1 can't be recognized
[19Apr2026 02:22:34.988] [main/WARN] [indestructible/]: efn:biped/yamato/biped_hitback_1 can't be recognized
[19Apr2026 02:22:34.988] [main/WARN] [indestructible/]: efn:biped/yamato/biped_hitback_1 can't be recognized
[19Apr2026 02:22:34.988] [main/WARN] [indestructible/]: efn:biped/yamato/biped_hitback_1 can't be recognized
[19Apr2026 02:22:34.989] [main/WARN] [indestructible/]: efn:biped/yamato/biped_hitback_1 can't be recognized
[19Apr2026 02:22:34.989] [main/WARN] [indestructible/]: efn:biped/yamato/biped_hitback_1 can't be recognized
[19Apr2026 02:22:34.989] [main/WARN] [indestructible/]: efn:biped/yamato/biped_hitback_1 can't be recognized
[19Apr2026 02:22:34.989] [main/WARN] [indestructible/]: efn:biped/yamato/biped_hitback_1 can't be recognized
[19Apr2026 02:22:34.989] [main/WARN] [indestructible/]: epicfightx:biped/combat/dagger_airslash can't be recognized
[19Apr2026 02:22:34.989] [main/WARN] [indestructible/]: efn:biped/yamato/biped_hitback_1 can't be recognized
[19Apr2026 02:22:34.990] [main/WARN] [indestructible/]: efn:biped/yamato/biped_hitback_1 can't be recognized
[19Apr2026 02:22:34.990] [main/WARN] [indestructible/]: efn:biped/yamato/biped_hitback_1 can't be recognized
[19Apr2026 02:22:34.990] [main/WARN] [indestructible/]: efn:biped/yamato/biped_hitback_1 can't be recognized
[19Apr2026 02:22:34.990] [main/WARN] [indestructible/]: efn:biped/yamato/biped_hitback_1 can't be recognized
[19Apr2026 02:22:34.990] [main/WARN] [indestructible/]: efn:biped/yamato/biped_hitback_1 can't be recognized
[19Apr2026 02:22:34.990] [main/WARN] [indestructible/]: efn:biped/yamato/biped_hitback_1 can't be recognized
[19Apr2026 02:22:34.990] [main/WARN] [indestructible/]: epicfightx:biped/combat/dagger_dual_dash can't be recognized
[19Apr2026 02:22:34.991] [main/WARN] [indestructible/]: efn:biped/yamato/biped_hitback_1 can't be recognized
[19Apr2026 02:22:34.991] [main/WARN] [indestructible/]: efn:biped/yamato/biped_hitback_1 can't be recognized
[19Apr2026 02:22:34.991] [main/WARN] [indestructible/]: efn:biped/yamato/biped_hitback_1 can't be recognized
[19Apr2026 02:22:34.991] [main/WARN] [indestructible/]: efn:biped/yamato/biped_hitback_1 can't be recognized
[19Apr2026 02:22:34.991] [main/WARN] [indestructible/]: efn:biped/yamato/biped_hitback_1 can't be recognized
[19Apr2026 02:22:34.991] [main/WARN] [indestructible/]: efn:biped/yamato/biped_hitback_1 can't be recognized
[19Apr2026 02:22:34.991] [main/WARN] [indestructible/]: efn:biped/yamato/biped_hitback_1 can't be recognized
[19Apr2026 02:22:34.991] [main/WARN] [indestructible/]: epicfightx:biped/skill/dancing_edge can't be recognized
[19Apr2026 02:22:34.992] [main/WARN] [indestructible/]: efn:biped/yamato/biped_hitback_1 can't be recognized
[19Apr2026 02:22:34.992] [main/WARN] [indestructible/]: efn:biped/yamato/biped_hitback_1 can't be recognized
[19Apr2026 02:22:34.992] [main/WARN] [indestructible/]: efn:biped/yamato/biped_hitback_1 can't be recognized
[19Apr2026 02:22:34.992] [main/WARN] [indestructible/]: efn:biped/yamato/biped_hitback_1 can't be recognized
[19Apr2026 02:22:34.992] [main/WARN] [indestructible/]: efn:biped/yamato/biped_hitback_1 can't be recognized
[19Apr2026 02:22:34.992] [main/WARN] [indestructible/]: efn:biped/yamato/biped_hitback_1 can't be recognized
[19Apr2026 02:22:34.993] [main/WARN] [indestructible/]: efn:biped/yamato/biped_hitback_1 can't be recognized
[19Apr2026 02:22:34.993] [main/WARN] [indestructible/]: efn:biped/yamato/biped_hitback_air can't be recognized
[19Apr2026 02:22:34.993] [main/WARN] [indestructible/]: efn:biped/nf_claw/nf_claw_auto3 can't be recognized
[19Apr2026 02:22:34.993] [main/WARN] [indestructible/]: efn:biped/yamato/biped_hitback_1 can't be recognized
[19Apr2026 02:22:34.994] [main/WARN] [indestructible/]: efn:biped/yamato/biped_hitback_1 can't be recognized
[19Apr2026 02:22:34.994] [main/WARN] [indestructible/]: efn:biped/yamato/biped_hitback_1 can't be recognized
[19Apr2026 02:22:34.994] [main/WARN] [indestructible/]: efn:biped/yamato/biped_hitback_1 can't be recognized
[19Apr2026 02:22:34.994] [main/WARN] [indestructible/]: efn:biped/yamato/biped_hitback_1 can't be recognized
[19Apr2026 02:22:34.994] [main/WARN] [indestructible/]: efn:biped/yamato/biped_hitback_1 can't be recognized
[19Apr2026 02:22:34.994] [main/WARN] [indestructible/]: efn:biped/yamato/biped_hitback_1 can't be recognized
[19Apr2026 02:22:34.994] [main/WARN] [indestructible/]: efn:biped/yamato/biped_hitback_1 can't be recognized
[19Apr2026 02:22:34.994] [main/WARN] [indestructible/]: efn:biped/nf_sword/nf_sword_skill can't be recognized
[19Apr2026 02:22:34.995] [main/WARN] [indestructible/]: efn:biped/yamato/biped_hitback_1 can't be recognized
[19Apr2026 02:22:34.995] [main/WARN] [indestructible/]: efn:biped/yamato/biped_hitback_1 can't be recognized
[19Apr2026 02:22:34.995] [main/WARN] [indestructible/]: efn:biped/yamato/biped_hitback_1 can't be recognized
[19Apr2026 02:22:34.995] [main/WARN] [indestructible/]: efn:biped/yamato/biped_hitback_1 can't be recognized
[19Apr2026 02:22:34.995] [main/WARN] [indestructible/]: efn:biped/yamato/biped_hitback_1 can't be recognized
[19Apr2026 02:22:34.995] [main/WARN] [indestructible/]: efn:biped/yamato/biped_hitback_1 can't be recognized
[19Apr2026 02:22:34.995] [main/WARN] [indestructible/]: efn:biped/yamato/biped_hitback_1 can't be recognized
[19Apr2026 02:22:34.995] [main/WARN] [indestructible/]: efn:biped/yamato/biped_hitback_1 can't be recognized
[19Apr2026 02:22:34.996] [main/WARN] [indestructible/]: efn:biped/yamato/biped_hitback_1 can't be recognized
[19Apr2026 02:22:34.996] [main/WARN] [indestructible/]: efn:biped/yamato/biped_hitback_1 can't be recognized
[19Apr2026 02:22:34.996] [main/WARN] [indestructible/]: efn:biped/yamato/biped_hitback_1 can't be recognized
[19Apr2026 02:22:34.996] [main/WARN] [indestructible/]: efn:biped/yamato/biped_hitback_1 can't be recognized
[19Apr2026 02:22:34.996] [main/WARN] [indestructible/]: efn:biped/yamato/biped_hitback_1 can't be recognized
[19Apr2026 02:22:34.996] [main/WARN] [indestructible/]: efn:biped/yamato/biped_hitback_1 can't be recognized
[19Apr2026 02:22:34.996] [main/WARN] [indestructible/]: efn:biped/yamato/biped_hitback_1 can't be recognized
[19Apr2026 02:22:34.998] [main/WARN] [indestructible/]: efn:biped/yamato/biped_hitback_air can't be recognized
[19Apr2026 02:22:34.998] [main/WARN] [indestructible/]: epicfightx:biped/combat/trident_auto3 can't be recognized
[19Apr2026 02:22:34.998] [main/WARN] [indestructible/]: efn:biped/yamato/biped_hitback_air can't be recognized
[19Apr2026 02:22:34.999] [main/WARN] [indestructible/]: efn:biped/nf_claw/nf_claw_auto3 can't be recognized
[19Apr2026 02:22:34.999] [main/WARN] [indestructible/]: efn:biped/yamato/biped_hitback_1 can't be recognized
[19Apr2026 02:22:34.999] [main/WARN] [indestructible/]: efn:biped/nf_sword/nf_sword_skill can't be recognized
[19Apr2026 02:22:34.999] [main/WARN] [indestructible/]: efn:biped/yamato/biped_hitback_1 can't be recognized
[19Apr2026 02:22:35.010] [main/WARN] [indestructible/]: efn:biped/yamato/biped_hitback_1 can't be recognized
[19Apr2026 02:22:35.010] [main/WARN] [indestructible/]: epicfightx:biped/skill/revelation_normal can't be recognized
[19Apr2026 02:22:35.010] [main/WARN] [indestructible/]: efn:biped/yamato/biped_hitback_1 can't be recognized
[19Apr2026 02:22:35.010] [main/WARN] [indestructible/]: efn:biped/yamato/biped_hitback_1 can't be recognized
[19Apr2026 02:22:35.010] [main/WARN] [indestructible/]: efn:biped/yamato/biped_hitback_1 can't be recognized
[19Apr2026 02:22:35.011] [main/WARN] [indestructible/]: efn:biped/yamato/biped_hitback_1 can't be recognized
[19Apr2026 02:22:35.011] [main/WARN] [indestructible/]: efn:biped/yamato/biped_hitback_1 can't be recognized
[19Apr2026 02:22:35.011] [main/WARN] [indestructible/]: efn:biped/yamato/biped_hitback_1 can't be recognized
[19Apr2026 02:22:35.011] [main/WARN] [indestructible/]: efn:biped/yamato/biped_hitback_1 can't be recognized
[19Apr2026 02:22:35.011] [main/WARN] [indestructible/]: efn:biped/yamato/biped_hitback_1 can't be recognized
[19Apr2026 02:22:35.011] [main/WARN] [indestructible/]: efn:biped/ng_greatsword/ng_great_skill_clash can't be recognized
[19Apr2026 02:22:35.011] [main/WARN] [indestructible/]: efn:biped/yamato/biped_hitback_1 can't be recognized
[19Apr2026 02:22:35.011] [main/WARN] [indestructible/]: efn:biped/yamato/biped_hitback_1 can't be recognized
[19Apr2026 02:22:35.011] [main/WARN] [indestructible/]: efn:biped/yamato/biped_hitback_1 can't be recognized
[19Apr2026 02:22:35.012] [main/WARN] [indestructible/]: efn:biped/yamato/biped_hitback_1 can't be recognized
[19Apr2026 02:22:35.012] [main/WARN] [indestructible/]: efn:biped/yamato/biped_hitback_1 can't be recognized
[19Apr2026 02:22:35.012] [main/WARN] [indestructible/]: efn:biped/yamato/biped_hitback_1 can't be recognized
[19Apr2026 02:22:35.012] [main/WARN] [indestructible/]: efn:biped/yamato/biped_hitback_1 can't be recognized
[19Apr2026 02:22:35.012] [main/WARN] [indestructible/]: efn:biped/yamato/biped_hitback_1 can't be recognized
[19Apr2026 02:22:35.012] [main/WARN] [indestructible/]: efn:biped/nf_meen/nf_meen_auto4 can't be recognized
[19Apr2026 02:22:35.012] [main/WARN] [indestructible/]: efn:biped/yamato/biped_hitback_1 can't be recognized
[19Apr2026 02:22:35.012] [main/WARN] [indestructible/]: efn:biped/yamato/biped_hitback_1 can't be recognized
[19Apr2026 02:22:35.013] [main/WARN] [indestructible/]: efn:biped/yamato/biped_hitback_1 can't be recognized
[19Apr2026 02:22:35.013] [main/WARN] [indestructible/]: efn:biped/yamato/biped_hitback_1 can't be recognized
[19Apr2026 02:22:35.013] [main/WARN] [indestructible/]: efn:biped/yamato/biped_hitback_1 can't be recognized
[19Apr2026 02:22:35.013] [main/WARN] [indestructible/]: efn:biped/yamato/biped_hitback_1 can't be recognized
[19Apr2026 02:22:35.013] [main/WARN] [indestructible/]: efn:biped/yamato/biped_hitback_1 can't be recognized
[19Apr2026 02:22:35.013] [main/WARN] [indestructible/]: efn:biped/yamato/biped_hitback_1 can't be recognized
[19Apr2026 02:22:35.013] [main/WARN] [indestructible/]: efn:biped/nf_tachi/nf_tachi_bloodlust_end can't be recognized
[19Apr2026 02:22:35.014] [main/WARN] [indestructible/]: efn:biped/yamato/biped_hitback_1 can't be recognized
[19Apr2026 02:22:35.014] [main/WARN] [indestructible/]: efn:biped/yamato/biped_hitback_1 can't be recognized
[19Apr2026 02:22:35.014] [main/WARN] [indestructible/]: efn:biped/yamato/biped_hitback_1 can't be recognized
[19Apr2026 02:22:35.014] [main/WARN] [indestructible/]: efn:biped/yamato/biped_hitback_1 can't be recognized
[19Apr2026 02:22:35.014] [main/WARN] [indestructible/]: efn:biped/yamato/biped_hitback_1 can't be recognized
[19Apr2026 02:22:35.014] [main/WARN] [indestructible/]: efn:biped/yamato/biped_hitback_1 can't be recognized
[19Apr2026 02:22:35.014] [main/WARN] [indestructible/]: efn:biped/yamato/biped_hitback_1 can't be recognized
[19Apr2026 02:22:35.014] [main/WARN] [indestructible/]: epicfightx:biped/combat/uchigatana_sheath_dash can't be recognized
[19Apr2026 02:22:35.015] [main/WARN] [indestructible/]: efn:biped/yamato/biped_hitback_1 can't be recognized
[19Apr2026 02:22:35.015] [main/WARN] [indestructible/]: efn:biped/yamato/biped_hitback_1 can't be recognized
[19Apr2026 02:22:35.015] [main/WARN] [indestructible/]: efn:biped/yamato/biped_hitback_1 can't be recognized
[19Apr2026 02:22:35.015] [main/WARN] [indestructible/]: efn:biped/yamato/biped_hitback_1 can't be recognized
[19Apr2026 02:22:35.015] [main/WARN] [indestructible/]: efn:biped/yamato/biped_hitback_1 can't be recognized
[19Apr2026 02:22:35.015] [main/WARN] [indestructible/]: efn:biped/yamato/biped_hitback_1 can't be recognized
[19Apr2026 02:22:35.015] [main/WARN] [indestructible/]: efn:biped/yamato/biped_hitback_1 can't be recognized
[19Apr2026 02:22:35.015] [main/WARN] [indestructible/]: efn:biped/yamato/biped_hitback_1 can't be recognized
[19Apr2026 02:22:35.015] [main/WARN] [indestructible/]: epicfightx:biped/combat/dagger_airslash can't be recognized
[19Apr2026 02:22:35.015] [main/WARN] [indestructible/]: efn:biped/yamato/biped_hitback_1 can't be recognized
[19Apr2026 02:22:35.016] [main/WARN] [indestructible/]: efn:biped/yamato/biped_hitback_1 can't be recognized
[19Apr2026 02:22:35.016] [main/WARN] [indestructible/]: efn:biped/yamato/biped_hitback_1 can't be recognized
[19Apr2026 02:22:35.016] [main/WARN] [indestructible/]: efn:biped/yamato/biped_hitback_1 can't be recognized
[19Apr2026 02:22:35.016] [main/WARN] [indestructible/]: efn:biped/yamato/biped_hitback_1 can't be recognized
[19Apr2026 02:22:35.016] [main/WARN] [indestructible/]: efn:biped/yamato/biped_hitback_1 can't be recognized
[19Apr2026 02:22:35.016] [main/WARN] [indestructible/]: efn:biped/yamato/biped_hitback_1 can't be recognized
[19Apr2026 02:22:35.016] [main/WARN] [indestructible/]: epicfightx:biped/combat/dagger_dual_dash can't be recognized
[19Apr2026 02:22:35.016] [main/WARN] [indestructible/]: efn:biped/yamato/biped_hitback_1 can't be recognized
[19Apr2026 02:22:35.017] [main/WARN] [indestructible/]: efn:biped/yamato/biped_hitback_1 can't be recognized
[19Apr2026 02:22:35.017] [main/WARN] [indestructible/]: efn:biped/yamato/biped_hitback_1 can't be recognized
[19Apr2026 02:22:35.017] [main/WARN] [indestructible/]: efn:biped/yamato/biped_hitback_1 can't be recognized
[19Apr2026 02:22:35.017] [main/WARN] [indestructible/]: efn:biped/yamato/biped_hitback_1 can't be recognized
[19Apr2026 02:22:35.017] [main/WARN] [indestructible/]: efn:biped/yamato/biped_hitback_1 can't be recognized
[19Apr2026 02:22:35.017] [main/WARN] [indestructible/]: efn:biped/yamato/biped_hitback_1 can't be recognized
[19Apr2026 02:22:35.017] [main/WARN] [indestructible/]: epicfightx:biped/skill/dancing_edge can't be recognized
[19Apr2026 02:22:35.017] [main/WARN] [indestructible/]: efn:biped/yamato/biped_hitback_1 can't be recognized
[19Apr2026 02:22:35.018] [main/WARN] [indestructible/]: efn:biped/yamato/biped_hitback_1 can't be recognized
[19Apr2026 02:22:35.018] [main/WARN] [indestructible/]: efn:biped/yamato/biped_hitback_1 can't be recognized
[19Apr2026 02:22:35.018] [main/WARN] [indestructible/]: efn:biped/yamato/biped_hitback_1 can't be recognized
[19Apr2026 02:22:35.018] [main/WARN] [indestructible/]: efn:biped/yamato/biped_hitback_1 can't be recognized
[19Apr2026 02:22:35.018] [main/WARN] [indestructible/]: efn:biped/yamato/biped_hitback_1 can't be recognized
[19Apr2026 02:22:35.018] [main/WARN] [indestructible/]: efn:biped/yamato/biped_hitback_1 can't be recognized
[19Apr2026 02:22:35.019] [main/WARN] [indestructible/]: efn:biped/yamato/biped_hitback_air can't be recognized
[19Apr2026 02:22:35.019] [main/WARN] [indestructible/]: efn:biped/nf_claw/nf_claw_auto3 can't be recognized
[19Apr2026 02:22:35.019] [main/WARN] [indestructible/]: efn:biped/yamato/biped_hitback_1 can't be recognized
[19Apr2026 02:22:35.019] [main/WARN] [indestructible/]: efn:biped/yamato/biped_hitback_1 can't be recognized
[19Apr2026 02:22:35.019] [main/WARN] [indestructible/]: efn:biped/yamato/biped_hitback_1 can't be recognized
[19Apr2026 02:22:35.019] [main/WARN] [indestructible/]: efn:biped/yamato/biped_hitback_1 can't be recognized
[19Apr2026 02:22:35.019] [main/WARN] [indestructible/]: efn:biped/yamato/biped_hitback_1 can't be recognized
[19Apr2026 02:22:35.019] [main/WARN] [indestructible/]: efn:biped/yamato/biped_hitback_1 can't be recognized
[19Apr2026 02:22:35.019] [main/WARN] [indestructible/]: efn:biped/yamato/biped_hitback_1 can't be recognized
[19Apr2026 02:22:35.020] [main/WARN] [indestructible/]: efn:biped/yamato/biped_hitback_1 can't be recognized
[19Apr2026 02:22:35.020] [main/WARN] [indestructible/]: efn:biped/nf_sword/nf_sword_skill can't be recognized
[19Apr2026 02:22:35.020] [main/WARN] [indestructible/]: efn:biped/yamato/biped_hitback_1 can't be recognized
[19Apr2026 02:22:35.020] [main/WARN] [indestructible/]: efn:biped/yamato/biped_hitback_1 can't be recognized
[19Apr2026 02:22:35.020] [main/WARN] [indestructible/]: efn:biped/yamato/biped_hitback_1 can't be recognized
[19Apr2026 02:22:35.020] [main/WARN] [indestructible/]: efn:biped/yamato/biped_hitback_1 can't be recognized
[19Apr2026 02:22:35.020] [main/WARN] [indestructible/]: efn:biped/yamato/biped_hitback_1 can't be recognized
[19Apr2026 02:22:35.020] [main/WARN] [indestructible/]: efn:biped/yamato/biped_hitback_1 can't be recognized
[19Apr2026 02:22:35.020] [main/WARN] [indestructible/]: efn:biped/yamato/biped_hitback_1 can't be recognized
[19Apr2026 02:22:35.020] [main/WARN] [indestructible/]: efn:biped/yamato/biped_hitback_1 can't be recognized
[19Apr2026 02:22:35.021] [main/WARN] [indestructible/]: efn:biped/yamato/biped_hitback_1 can't be recognized
[19Apr2026 02:22:35.021] [main/WARN] [indestructible/]: efn:biped/yamato/biped_hitback_1 can't be recognized
[19Apr2026 02:22:35.021] [main/WARN] [indestructible/]: efn:biped/yamato/biped_hitback_1 can't be recognized
[19Apr2026 02:22:35.021] [main/WARN] [indestructible/]: efn:biped/yamato/biped_hitback_1 can't be recognized
[19Apr2026 02:22:35.021] [main/WARN] [indestructible/]: efn:biped/yamato/biped_hitback_1 can't be recognized
[19Apr2026 02:22:35.021] [main/WARN] [indestructible/]: efn:biped/yamato/biped_hitback_1 can't be recognized
[19Apr2026 02:22:35.021] [main/WARN] [indestructible/]: efn:biped/yamato/biped_hitback_1 can't be recognized
[19Apr2026 02:22:35.037] [main/WARN] [indestructible/]: efn:biped/yamato/biped_hitback_1 can't be recognized
[19Apr2026 02:22:35.037] [main/WARN] [indestructible/]: epicfightx:biped/skill/revelation_normal can't be recognized
[19Apr2026 02:22:35.037] [main/WARN] [indestructible/]: efn:biped/yamato/biped_hitback_1 can't be recognized
[19Apr2026 02:22:35.037] [main/WARN] [indestructible/]: efn:biped/yamato/biped_hitback_1 can't be recognized
[19Apr2026 02:22:35.037] [main/WARN] [indestructible/]: efn:biped/yamato/biped_hitback_1 can't be recognized
[19Apr2026 02:22:35.037] [main/WARN] [indestructible/]: efn:biped/yamato/biped_hitback_1 can't be recognized
[19Apr2026 02:22:35.037] [main/WARN] [indestructible/]: efn:biped/yamato/biped_hitback_1 can't be recognized
[19Apr2026 02:22:35.037] [main/WARN] [indestructible/]: efn:biped/yamato/biped_hitback_1 can't be recognized
[19Apr2026 02:22:35.037] [main/WARN] [indestructible/]: efn:biped/yamato/biped_hitback_1 can't be recognized
[19Apr2026 02:22:35.038] [main/WARN] [indestructible/]: efn:biped/yamato/biped_hitback_1 can't be recognized
[19Apr2026 02:22:35.038] [main/WARN] [indestructible/]: efn:biped/ng_greatsword/ng_great_skill_clash can't be recognized
[19Apr2026 02:22:35.038] [main/WARN] [indestructible/]: efn:biped/yamato/biped_hitback_1 can't be recognized
[19Apr2026 02:22:35.038] [main/WARN] [indestructible/]: efn:biped/yamato/biped_hitback_1 can't be recognized
[19Apr2026 02:22:35.038] [main/WARN] [indestructible/]: efn:biped/yamato/biped_hitback_1 can't be recognized
[19Apr2026 02:22:35.038] [main/WARN] [indestructible/]: efn:biped/yamato/biped_hitback_1 can't be recognized
[19Apr2026 02:22:35.038] [main/WARN] [indestructible/]: efn:biped/yamato/biped_hitback_1 can't be recognized
[19Apr2026 02:22:35.039] [main/WARN] [indestructible/]: efn:biped/yamato/biped_hitback_1 can't be recognized
[19Apr2026 02:22:35.039] [main/WARN] [indestructible/]: efn:biped/yamato/biped_hitback_1 can't be recognized
[19Apr2026 02:22:35.039] [main/WARN] [indestructible/]: efn:biped/yamato/biped_hitback_1 can't be recognized
[19Apr2026 02:22:35.039] [main/WARN] [indestructible/]: efn:biped/nf_meen/nf_meen_auto4 can't be recognized
[19Apr2026 02:22:35.039] [main/WARN] [indestructible/]: efn:biped/yamato/biped_hitback_1 can't be recognized
[19Apr2026 02:22:35.039] [main/WARN] [indestructible/]: efn:biped/yamato/biped_hitback_1 can't be recognized
[19Apr2026 02:22:35.039] [main/WARN] [indestructible/]: efn:biped/yamato/biped_hitback_1 can't be recognized
[19Apr2026 02:22:35.040] [main/WARN] [indestructible/]: efn:biped/yamato/biped_hitback_1 can't be recognized
[19Apr2026 02:22:35.040] [main/WARN] [indestructible/]: efn:biped/yamato/biped_hitback_1 can't be recognized
[19Apr2026 02:22:35.040] [main/WARN] [indestructible/]: efn:biped/yamato/biped_hitback_1 can't be recognized
[19Apr2026 02:22:35.040] [main/WARN] [indestructible/]: efn:biped/yamato/biped_hitback_1 can't be recognized
[19Apr2026 02:22:35.040] [main/WARN] [indestructible/]: efn:biped/yamato/biped_hitback_1 can't be recognized
[19Apr2026 02:22:35.040] [main/WARN] [indestructible/]: efn:biped/nf_tachi/nf_tachi_bloodlust_end can't be recognized
[19Apr2026 02:22:35.040] [main/WARN] [indestructible/]: efn:biped/yamato/biped_hitback_1 can't be recognized
[19Apr2026 02:22:35.040] [main/WARN] [indestructible/]: efn:biped/yamato/biped_hitback_1 can't be recognized
[19Apr2026 02:22:35.041] [main/WARN] [indestructible/]: efn:biped/yamato/biped_hitback_1 can't be recognized
[19Apr2026 02:22:35.041] [main/WARN] [indestructible/]: efn:biped/yamato/biped_hitback_1 can't be recognized
[19Apr2026 02:22:35.041] [main/WARN] [indestructible/]: efn:biped/yamato/biped_hitback_1 can't be recognized
[19Apr2026 02:22:35.041] [main/WARN] [indestructible/]: efn:biped/yamato/biped_hitback_1 can't be recognized
[19Apr2026 02:22:35.041] [main/WARN] [indestructible/]: efn:biped/yamato/biped_hitback_1 can't be recognized
[19Apr2026 02:22:35.041] [main/WARN] [indestructible/]: epicfightx:biped/combat/uchigatana_sheath_dash can't be recognized
[19Apr2026 02:22:35.041] [main/WARN] [indestructible/]: efn:biped/yamato/biped_hitback_1 can't be recognized
[19Apr2026 02:22:35.042] [main/WARN] [indestructible/]: efn:biped/yamato/biped_hitback_1 can't be recognized
[19Apr2026 02:22:35.042] [main/WARN] [indestructible/]: efn:biped/yamato/biped_hitback_1 can't be recognized
[19Apr2026 02:22:35.042] [main/WARN] [indestructible/]: efn:biped/yamato/biped_hitback_1 can't be recognized
[19Apr2026 02:22:35.042] [main/WARN] [indestructible/]: efn:biped/yamato/biped_hitback_1 can't be recognized
[19Apr2026 02:22:35.042] [main/WARN] [indestructible/]: efn:biped/yamato/biped_hitback_1 can't be recognized
[19Apr2026 02:22:35.042] [main/WARN] [indestructible/]: efn:biped/yamato/biped_hitback_1 can't be recognized
[19Apr2026 02:22:35.042] [main/WARN] [indestructible/]: efn:biped/yamato/biped_hitback_1 can't be recognized
[19Apr2026 02:22:35.043] [main/WARN] [indestructible/]: epicfightx:biped/combat/dagger_airslash can't be recognized
[19Apr2026 02:22:35.043] [main/WARN] [indestructible/]: efn:biped/yamato/biped_hitback_1 can't be recognized
[19Apr2026 02:22:35.043] [main/WARN] [indestructible/]: efn:biped/yamato/biped_hitback_1 can't be recognized
[19Apr2026 02:22:35.043] [main/WARN] [indestructible/]: efn:biped/yamato/biped_hitback_1 can't be recognized
[19Apr2026 02:22:35.043] [main/WARN] [indestructible/]: efn:biped/yamato/biped_hitback_1 can't be recognized
[19Apr2026 02:22:35.043] [main/WARN] [indestructible/]: efn:biped/yamato/biped_hitback_1 can't be recognized
[19Apr2026 02:22:35.043] [main/WARN] [indestructible/]: efn:biped/yamato/biped_hitback_1 can't be recognized
[19Apr2026 02:22:35.043] [main/WARN] [indestructible/]: efn:biped/yamato/biped_hitback_1 can't be recognized
[19Apr2026 02:22:35.044] [main/WARN] [indestructible/]: epicfightx:biped/combat/dagger_dual_dash can't be recognized
[19Apr2026 02:22:35.044] [main/WARN] [indestructible/]: efn:biped/yamato/biped_hitback_1 can't be recognized
[19Apr2026 02:22:35.044] [main/WARN] [indestructible/]: efn:biped/yamato/biped_hitback_1 can't be recognized
[19Apr2026 02:22:35.044] [main/WARN] [indestructible/]: efn:biped/yamato/biped_hitback_1 can't be recognized
[19Apr2026 02:22:35.044] [main/WARN] [indestructible/]: efn:biped/yamato/biped_hitback_1 can't be recognized
[19Apr2026 02:22:35.044] [main/WARN] [indestructible/]: efn:biped/yamato/biped_hitback_1 can't be recognized
[19Apr2026 02:22:35.044] [main/WARN] [indestructible/]: efn:biped/yamato/biped_hitback_1 can't be recognized
[19Apr2026 02:22:35.044] [main/WARN] [indestructible/]: efn:biped/yamato/biped_hitback_1 can't be recognized
[19Apr2026 02:22:35.045] [main/WARN] [indestructible/]: epicfightx:biped/skill/dancing_edge can't be recognized
[19Apr2026 02:22:35.045] [main/WARN] [indestructible/]: efn:biped/yamato/biped_hitback_1 can't be recognized
[19Apr2026 02:22:35.045] [main/WARN] [indestructible/]: efn:biped/yamato/biped_hitback_1 can't be recognized
[19Apr2026 02:22:35.045] [main/WARN] [indestructible/]: efn:biped/yamato/biped_hitback_1 can't be recognized
[19Apr2026 02:22:35.045] [main/WARN] [indestructible/]: efn:biped/yamato/biped_hitback_1 can't be recognized
[19Apr2026 02:22:35.045] [main/WARN] [indestructible/]: efn:biped/yamato/biped_hitback_1 can't be recognized
[19Apr2026 02:22:35.045] [main/WARN] [indestructible/]: efn:biped/yamato/biped_hitback_1 can't be recognized
[19Apr2026 02:22:35.045] [main/WARN] [indestructible/]: efn:biped/yamato/biped_hitback_1 can't be recognized
[19Apr2026 02:22:35.046] [main/WARN] [indestructible/]: efn:biped/yamato/biped_hitback_air can't be recognized
[19Apr2026 02:22:35.046] [main/WARN] [indestructible/]: efn:biped/nf_claw/nf_claw_auto3 can't be recognized
[19Apr2026 02:22:35.046] [main/WARN] [indestructible/]: efn:biped/yamato/biped_hitback_1 can't be recognized
[19Apr2026 02:22:35.046] [main/WARN] [indestructible/]: efn:biped/yamato/biped_hitback_1 can't be recognized
[19Apr2026 02:22:35.046] [main/WARN] [indestructible/]: efn:biped/yamato/biped_hitback_1 can't be recognized
[19Apr2026 02:22:35.046] [main/WARN] [indestructible/]: efn:biped/yamato/biped_hitback_1 can't be recognized
[19Apr2026 02:22:35.047] [main/WARN] [indestructible/]: efn:biped/yamato/biped_hitback_1 can't be recognized
[19Apr2026 02:22:35.047] [main/WARN] [indestructible/]: efn:biped/yamato/biped_hitback_1 can't be recognized
[19Apr2026 02:22:35.047] [main/WARN] [indestructible/]: efn:biped/yamato/biped_hitback_1 can't be recognized
[19Apr2026 02:22:35.047] [main/WARN] [indestructible/]: efn:biped/yamato/biped_hitback_1 can't be recognized
[19Apr2026 02:22:35.047] [main/WARN] [indestructible/]: efn:biped/nf_sword/nf_sword_skill can't be recognized
[19Apr2026 02:22:35.047] [main/WARN] [indestructible/]: efn:biped/yamato/biped_hitback_1 can't be recognized
[19Apr2026 02:22:35.047] [main/WARN] [indestructible/]: efn:biped/yamato/biped_hitback_1 can't be recognized
[19Apr2026 02:22:35.047] [main/WARN] [indestructible/]: efn:biped/yamato/biped_hitback_1 can't be recognized
[19Apr2026 02:22:35.048] [main/WARN] [indestructible/]: efn:biped/yamato/biped_hitback_1 can't be recognized
[19Apr2026 02:22:35.048] [main/WARN] [indestructible/]: efn:biped/yamato/biped_hitback_1 can't be recognized
[19Apr2026 02:22:35.048] [main/WARN] [indestructible/]: efn:biped/yamato/biped_hitback_1 can't be recognized
[19Apr2026 02:22:35.048] [main/WARN] [indestructible/]: efn:biped/yamato/biped_hitback_1 can't be recognized
[19Apr2026 02:22:35.048] [main/WARN] [indestructible/]: efn:biped/yamato/biped_hitback_1 can't be recognized
[19Apr2026 02:22:35.048] [main/WARN] [indestructible/]: efn:biped/yamato/biped_hitback_1 can't be recognized
[19Apr2026 02:22:35.048] [main/WARN] [indestructible/]: efn:biped/yamato/biped_hitback_1 can't be recognized
[19Apr2026 02:22:35.049] [main/WARN] [indestructible/]: efn:biped/yamato/biped_hitback_1 can't be recognized
[19Apr2026 02:22:35.049] [main/WARN] [indestructible/]: efn:biped/yamato/biped_hitback_1 can't be recognized
[19Apr2026 02:22:35.049] [main/WARN] [indestructible/]: efn:biped/yamato/biped_hitback_1 can't be recognized
[19Apr2026 02:22:35.049] [main/WARN] [indestructible/]: efn:biped/yamato/biped_hitback_1 can't be recognized
[19Apr2026 02:22:35.049] [main/WARN] [indestructible/]: efn:biped/yamato/biped_hitback_1 can't be recognized
[19Apr2026 02:22:35.062] [main/WARN] [indestructible/]: efn:biped/yamato/biped_hitback_1 can't be recognized
[19Apr2026 02:22:35.062] [main/WARN] [indestructible/]: epicfightx:biped/skill/revelation_normal can't be recognized
[19Apr2026 02:22:35.062] [main/WARN] [indestructible/]: efn:biped/yamato/biped_hitback_1 can't be recognized
[19Apr2026 02:22:35.062] [main/WARN] [indestructible/]: efn:biped/yamato/biped_hitback_1 can't be recognized
[19Apr2026 02:22:35.062] [main/WARN] [indestructible/]: efn:biped/yamato/biped_hitback_1 can't be recognized
[19Apr2026 02:22:35.062] [main/WARN] [indestructible/]: efn:biped/yamato/biped_hitback_1 can't be recognized
[19Apr2026 02:22:35.062] [main/WARN] [indestructible/]: efn:biped/yamato/biped_hitback_1 can't be recognized
[19Apr2026 02:22:35.062] [main/WARN] [indestructible/]: efn:biped/yamato/biped_hitback_1 can't be recognized
[19Apr2026 02:22:35.062] [main/WARN] [indestructible/]: efn:biped/yamato/biped_hitback_1 can't be recognized
[19Apr2026 02:22:35.063] [main/WARN] [indestructible/]: efn:biped/yamato/biped_hitback_1 can't be recognized
[19Apr2026 02:22:35.063] [main/WARN] [indestructible/]: efn:biped/ng_greatsword/ng_great_skill_clash can't be recognized
[19Apr2026 02:22:35.063] [main/WARN] [indestructible/]: efn:biped/yamato/biped_hitback_1 can't be recognized
[19Apr2026 02:22:35.063] [main/WARN] [indestructible/]: efn:biped/yamato/biped_hitback_1 can't be recognized
[19Apr2026 02:22:35.063] [main/WARN] [indestructible/]: efn:biped/yamato/biped_hitback_1 can't be recognized
[19Apr2026 02:22:35.063] [main/WARN] [indestructible/]: efn:biped/yamato/biped_hitback_1 can't be recognized
[19Apr2026 02:22:35.063] [main/WARN] [indestructible/]: efn:biped/yamato/biped_hitback_1 can't be recognized
[19Apr2026 02:22:35.063] [main/WARN] [indestructible/]: efn:biped/yamato/biped_hitback_1 can't be recognized
[19Apr2026 02:22:35.063] [main/WARN] [indestructible/]: efn:biped/yamato/biped_hitback_1 can't be recognized
[19Apr2026 02:22:35.063] [main/WARN] [indestructible/]: efn:biped/yamato/biped_hitback_1 can't be recognized
[19Apr2026 02:22:35.063] [main/WARN] [indestructible/]: efn:biped/nf_meen/nf_meen_auto4 can't be recognized
[19Apr2026 02:22:35.063] [main/WARN] [indestructible/]: efn:biped/yamato/biped_hitback_1 can't be recognized
[19Apr2026 02:22:35.063] [main/WARN] [indestructible/]: efn:biped/yamato/biped_hitback_1 can't be recognized
[19Apr2026 02:22:35.063] [main/WARN] [indestructible/]: efn:biped/yamato/biped_hitback_1 can't be recognized
[19Apr2026 02:22:35.063] [main/WARN] [indestructible/]: efn:biped/yamato/biped_hitback_1 can't be recognized
[19Apr2026 02:22:35.064] [main/WARN] [indestructible/]: efn:biped/yamato/biped_hitback_1 can't be recognized
[19Apr2026 02:22:35.064] [main/WARN] [indestructible/]: efn:biped/yamato/biped_hitback_1 can't be recognized
[19Apr2026 02:22:35.064] [main/WARN] [indestructible/]: efn:biped/yamato/biped_hitback_1 can't be recognized
[19Apr2026 02:22:35.064] [main/WARN] [indestructible/]: efn:biped/yamato/biped_hitback_1 can't be recognized
[19Apr2026 02:22:35.064] [main/WARN] [indestructible/]: efn:biped/nf_tachi/nf_tachi_bloodlust_end can't be recognized
[19Apr2026 02:22:35.064] [main/WARN] [indestructible/]: efn:biped/yamato/biped_hitback_1 can't be recognized
[19Apr2026 02:22:35.064] [main/WARN] [indestructible/]: efn:biped/yamato/biped_hitback_1 can't be recognized
[19Apr2026 02:22:35.064] [main/WARN] [indestructible/]: efn:biped/yamato/biped_hitback_1 can't be recognized
[19Apr2026 02:22:35.064] [main/WARN] [indestructible/]: efn:biped/yamato/biped_hitback_1 can't be recognized
[19Apr2026 02:22:35.064] [main/WARN] [indestructible/]: efn:biped/yamato/biped_hitback_1 can't be recognized
[19Apr2026 02:22:35.064] [main/WARN] [indestructible/]: efn:biped/yamato/biped_hitback_1 can't be recognized
[19Apr2026 02:22:35.064] [main/WARN] [indestructible/]: efn:biped/yamato/biped_hitback_1 can't be recognized
[19Apr2026 02:22:35.065] [main/WARN] [indestructible/]: epicfightx:biped/combat/uchigatana_sheath_dash can't be recognized
[19Apr2026 02:22:35.065] [main/WARN] [indestructible/]: efn:biped/yamato/biped_hitback_1 can't be recognized
[19Apr2026 02:22:35.065] [main/WARN] [indestructible/]: efn:biped/yamato/biped_hitback_1 can't be recognized
[19Apr2026 02:22:35.065] [main/WARN] [indestructible/]: efn:biped/yamato/biped_hitback_1 can't be recognized
[19Apr2026 02:22:35.065] [main/WARN] [indestructible/]: efn:biped/yamato/biped_hitback_1 can't be recognized
[19Apr2026 02:22:35.065] [main/WARN] [indestructible/]: efn:biped/yamato/biped_hitback_1 can't be recognized
[19Apr2026 02:22:35.065] [main/WARN] [indestructible/]: efn:biped/yamato/biped_hitback_1 can't be recognized
[19Apr2026 02:22:35.065] [main/WARN] [indestructible/]: efn:biped/yamato/biped_hitback_1 can't be recognized
[19Apr2026 02:22:35.065] [main/WARN] [indestructible/]: efn:biped/yamato/biped_hitback_1 can't be recognized
[19Apr2026 02:22:35.066] [main/WARN] [indestructible/]: epicfightx:biped/combat/dagger_airslash can't be recognized
[19Apr2026 02:22:35.066] [main/WARN] [indestructible/]: efn:biped/yamato/biped_hitback_1 can't be recognized
[19Apr2026 02:22:35.066] [main/WARN] [indestructible/]: efn:biped/yamato/biped_hitback_1 can't be recognized
[19Apr2026 02:22:35.066] [main/WARN] [indestructible/]: efn:biped/yamato/biped_hitback_1 can't be recognized
[19Apr2026 02:22:35.066] [main/WARN] [indestructible/]: efn:biped/yamato/biped_hitback_1 can't be recognized
[19Apr2026 02:22:35.066] [main/WARN] [indestructible/]: efn:biped/yamato/biped_hitback_1 can't be recognized
[19Apr2026 02:22:35.066] [main/WARN] [indestructible/]: efn:biped/yamato/biped_hitback_1 can't be recognized
[19Apr2026 02:22:35.066] [main/WARN] [indestructible/]: efn:biped/yamato/biped_hitback_1 can't be recognized
[19Apr2026 02:22:35.066] [main/WARN] [indestructible/]: epicfightx:biped/combat/dagger_dual_dash can't be recognized
[19Apr2026 02:22:35.067] [main/WARN] [indestructible/]: efn:biped/yamato/biped_hitback_1 can't be recognized
[19Apr2026 02:22:35.067] [main/WARN] [indestructible/]: efn:biped/yamato/biped_hitback_1 can't be recognized
[19Apr2026 02:22:35.067] [main/WARN] [indestructible/]: efn:biped/yamato/biped_hitback_1 can't be recognized
[19Apr2026 02:22:35.067] [main/WARN] [indestructible/]: efn:biped/yamato/biped_hitback_1 can't be recognized
[19Apr2026 02:22:35.067] [main/WARN] [indestructible/]: efn:biped/yamato/biped_hitback_1 can't be recognized
[19Apr2026 02:22:35.067] [main/WARN] [indestructible/]: efn:biped/yamato/biped_hitback_1 can't be recognized
[19Apr2026 02:22:35.067] [main/WARN] [indestructible/]: efn:biped/yamato/biped_hitback_1 can't be recognized
[19Apr2026 02:22:35.067] [main/WARN] [indestructible/]: epicfightx:biped/skill/dancing_edge can't be recognized
[19Apr2026 02:22:35.068] [main/WARN] [indestructible/]: efn:biped/yamato/biped_hitback_1 can't be recognized
[19Apr2026 02:22:35.068] [main/WARN] [indestructible/]: efn:biped/yamato/biped_hitback_1 can't be recognized
[19Apr2026 02:22:35.068] [main/WARN] [indestructible/]: efn:biped/yamato/biped_hitback_1 can't be recognized
[19Apr2026 02:22:35.068] [main/WARN] [indestructible/]: efn:biped/yamato/biped_hitback_1 can't be recognized
[19Apr2026 02:22:35.068] [main/WARN] [indestructible/]: efn:biped/yamato/biped_hitback_1 can't be recognized
[19Apr2026 02:22:35.068] [main/WARN] [indestructible/]: efn:biped/yamato/biped_hitback_1 can't be recognized
[19Apr2026 02:22:35.068] [main/WARN] [indestructible/]: efn:biped/yamato/biped_hitback_1 can't be recognized
[19Apr2026 02:22:35.068] [main/WARN] [indestructible/]: efn:biped/yamato/biped_hitback_air can't be recognized
[19Apr2026 02:22:35.069] [main/WARN] [indestructible/]: efn:biped/nf_claw/nf_claw_auto3 can't be recognized
[19Apr2026 02:22:35.069] [main/WARN] [indestructible/]: efn:biped/yamato/biped_hitback_1 can't be recognized
[19Apr2026 02:22:35.069] [main/WARN] [indestructible/]: efn:biped/yamato/biped_hitback_1 can't be recognized
[19Apr2026 02:22:35.069] [main/WARN] [indestructible/]: efn:biped/yamato/biped_hitback_1 can't be recognized
[19Apr2026 02:22:35.069] [main/WARN] [indestructible/]: efn:biped/yamato/biped_hitback_1 can't be recognized
[19Apr2026 02:22:35.069] [main/WARN] [indestructible/]: efn:biped/yamato/biped_hitback_1 can't be recognized
[19Apr2026 02:22:35.069] [main/WARN] [indestructible/]: efn:biped/yamato/biped_hitback_1 can't be recognized
[19Apr2026 02:22:35.069] [main/WARN] [indestructible/]: efn:biped/yamato/biped_hitback_1 can't be recognized
[19Apr2026 02:22:35.069] [main/WARN] [indestructible/]: efn:biped/yamato/biped_hitback_1 can't be recognized
[19Apr2026 02:22:35.070] [main/WARN] [indestructible/]: efn:biped/nf_sword/nf_sword_skill can't be recognized
[19Apr2026 02:22:35.070] [main/WARN] [indestructible/]: efn:biped/yamato/biped_hitback_1 can't be recognized
[19Apr2026 02:22:35.070] [main/WARN] [indestructible/]: efn:biped/yamato/biped_hitback_1 can't be recognized
[19Apr2026 02:22:35.070] [main/WARN] [indestructible/]: efn:biped/yamato/biped_hitback_1 can't be recognized
[19Apr2026 02:22:35.070] [main/WARN] [indestructible/]: efn:biped/yamato/biped_hitback_1 can't be recognized
[19Apr2026 02:22:35.070] [main/WARN] [indestructible/]: efn:biped/yamato/biped_hitback_1 can't be recognized
[19Apr2026 02:22:35.070] [main/WARN] [indestructible/]: efn:biped/yamato/biped_hitback_1 can't be recognized
[19Apr2026 02:22:35.070] [main/WARN] [indestructible/]: efn:biped/yamato/biped_hitback_1 can't be recognized
[19Apr2026 02:22:35.070] [main/WARN] [indestructible/]: efn:biped/yamato/biped_hitback_1 can't be recognized
[19Apr2026 02:22:35.070] [main/WARN] [indestructible/]: efn:biped/yamato/biped_hitback_1 can't be recognized
[19Apr2026 02:22:35.071] [main/WARN] [indestructible/]: efn:biped/yamato/biped_hitback_1 can't be recognized
[19Apr2026 02:22:35.071] [main/WARN] [indestructible/]: efn:biped/yamato/biped_hitback_1 can't be recognized
[19Apr2026 02:22:35.071] [main/WARN] [indestructible/]: efn:biped/yamato/biped_hitback_1 can't be recognized
[19Apr2026 02:22:35.071] [main/WARN] [indestructible/]: efn:biped/yamato/biped_hitback_1 can't be recognized
[19Apr2026 02:22:35.071] [main/WARN] [indestructible/]: efn:biped/yamato/biped_hitback_1 can't be recognized
[19Apr2026 02:22:35.071] [main/WARN] [indestructible/]: efn:biped/yamato/biped_hitback_1 can't be recognized
[19Apr2026 02:22:35.081] [main/WARN] [indestructible/]: epicfight:biped/skill/guard_sword_hit_active2 can't be recognized
[19Apr2026 02:22:35.081] [main/WARN] [indestructible/]: epicfight:biped/skill/guard_sword_hit_active1 can't be recognized
[19Apr2026 02:22:35.081] [main/WARN] [indestructible/]: epicfight:biped/skill/guard_sword_hit_active2 can't be recognized
[19Apr2026 02:22:35.082] [main/WARN] [indestructible/]: epicfightx:biped/skill/guard_longsword can't be recognized
[19Apr2026 02:22:35.082] [main/WARN] [indestructible/]: epicfightx:biped/skill/guard_longsword can't be recognized
[19Apr2026 02:22:35.082] [main/WARN] [indestructible/]: epicfightx:biped/skill/guard_longsword can't be recognized
[19Apr2026 02:22:35.082] [main/WARN] [indestructible/]: epicfightx:biped/skill/guard_longsword_hit_active2 can't be recognized
[19Apr2026 02:22:35.082] [main/WARN] [indestructible/]: epicfightx:biped/skill/guard_longsword_hit_active1 can't be recognized
[19Apr2026 02:22:35.083] [main/WARN] [indestructible/]: epicfightx:biped/skill/guard_longsword can't be recognized
[19Apr2026 02:22:35.083] [main/WARN] [indestructible/]: epicfightx:biped/skill/guard_longsword can't be recognized
[19Apr2026 02:22:35.083] [main/WARN] [indestructible/]: epicfightx:biped/skill/guard_longsword can't be recognized
[19Apr2026 02:22:35.091] [main/WARN] [indestructible/]: epicfight:biped/skill/guard_longsword can't be recognized
[19Apr2026 02:22:35.091] [main/WARN] [indestructible/]: epicfight:biped/skill/guard_longsword_hit_active1 can't be recognized
[19Apr2026 02:22:35.091] [main/WARN] [indestructible/]: epicfight:biped/skill/guard_longsword_hit_active2 can't be recognized
[19Apr2026 02:22:35.091] [main/WARN] [indestructible/]: epicfight:biped/skill/guard_longsword_hit_active1 can't be recognized
[19Apr2026 02:22:35.095] [main/WARN] [indestructible/]: efn:biped/yamato/biped_hitback_1 can't be recognized
[19Apr2026 02:22:35.095] [main/WARN] [indestructible/]: wom:biped/combat/enderblaster_onehand_dash can't be recognized
[19Apr2026 02:22:35.095] [main/WARN] [indestructible/]: efn:biped/nf_shortsword/nf_shortsword_auto5 can't be recognized
[19Apr2026 02:22:35.095] [main/WARN] [indestructible/]: efn:biped/hf_murasama/combat/hf_murasama_counter can't be recognized
[19Apr2026 02:22:35.097] [main/WARN] [indestructible/]: epicfightx:biped/skill/revelation_twohand can't be recognized
[19Apr2026 02:22:35.097] [main/WARN] [indestructible/]: p1nero_bow:biped/elbow_2 can't be recognized
[19Apr2026 02:22:35.097] [main/WARN] [indestructible/]: efn:biped/hf_murasama/combat/hf_murasama_counter can't be recognized
[19Apr2026 02:22:35.097] [main/WARN] [indestructible/]: efn:biped/hf_murasama/skill/hf_murasama_dash_y_sp can't be recognized
[19Apr2026 02:22:35.106] [main/WARN] [indestructible/]: epicfight:biped/skill/guard_sword_hit_active1 can't be recognized
[19Apr2026 02:22:35.107] [main/WARN] [indestructible/]: epicfight:biped/skill/guard_sword_hit_active2 can't be recognized
[19Apr2026 02:22:35.107] [main/WARN] [indestructible/]: epicfight:biped/skill/guard_sword_hit_active1 can't be recognized
[19Apr2026 02:22:35.118] [main/WARN] [indestructible/]: efn:biped/yamato/biped_hitback_1 can't be recognized
[19Apr2026 02:22:35.119] [main/WARN] [indestructible/]: epicfightx:biped/skill/revelation_normal can't be recognized
[19Apr2026 02:22:35.119] [main/WARN] [indestructible/]: efn:biped/yamato/biped_hitback_1 can't be recognized
[19Apr2026 02:22:35.119] [main/WARN] [indestructible/]: efn:biped/yamato/biped_hitback_1 can't be recognized
[19Apr2026 02:22:35.119] [main/WARN] [indestructible/]: efn:biped/yamato/biped_hitback_1 can't be recognized
[19Apr2026 02:22:35.119] [main/WARN] [indestructible/]: efn:biped/yamato/biped_hitback_1 can't be recognized
[19Apr2026 02:22:35.119] [main/WARN] [indestructible/]: efn:biped/yamato/biped_hitback_1 can't be recognized
[19Apr2026 02:22:35.119] [main/WARN] [indestructible/]: efn:biped/yamato/biped_hitback_1 can't be recognized
[19Apr2026 02:22:35.119] [main/WARN] [indestructible/]: efn:biped/yamato/biped_hitback_1 can't be recognized
[19Apr2026 02:22:35.119] [main/WARN] [indestructible/]: efn:biped/yamato/biped_hitback_1 can't be recognized
[19Apr2026 02:22:35.119] [main/WARN] [indestructible/]: efn:biped/ng_greatsword/ng_great_skill_clash can't be recognized
[19Apr2026 02:22:35.119] [main/WARN] [indestructible/]: efn:biped/yamato/biped_hitback_1 can't be recognized
[19Apr2026 02:22:35.119] [main/WARN] [indestructible/]: efn:biped/yamato/biped_hitback_1 can't be recognized
[19Apr2026 02:22:35.119] [main/WARN] [indestructible/]: efn:biped/yamato/biped_hitback_1 can't be recognized
[19Apr2026 02:22:35.119] [main/WARN] [indestructible/]: efn:biped/yamato/biped_hitback_1 can't be recognized
[19Apr2026 02:22:35.119] [main/WARN] [indestructible/]: efn:biped/yamato/biped_hitback_1 can't be recognized
[19Apr2026 02:22:35.119] [main/WARN] [indestructible/]: efn:biped/yamato/biped_hitback_1 can't be recognized
[19Apr2026 02:22:35.119] [main/WARN] [indestructible/]: efn:biped/yamato/biped_hitback_1 can't be recognized
[19Apr2026 02:22:35.120] [main/WARN] [indestructible/]: efn:biped/yamato/biped_hitback_1 can't be recognized
[19Apr2026 02:22:35.120] [main/WARN] [indestructible/]: efn:biped/nf_meen/nf_meen_auto4 can't be recognized
[19Apr2026 02:22:35.120] [main/WARN] [indestructible/]: efn:biped/yamato/biped_hitback_1 can't be recognized
[19Apr2026 02:22:35.120] [main/WARN] [indestructible/]: efn:biped/yamato/biped_hitback_1 can't be recognized
[19Apr2026 02:22:35.120] [main/WARN] [indestructible/]: efn:biped/yamato/biped_hitback_1 can't be recognized
[19Apr2026 02:22:35.120] [main/WARN] [indestructible/]: efn:biped/yamato/biped_hitback_1 can't be recognized
[19Apr2026 02:22:35.120] [main/WARN] [indestructible/]: efn:biped/yamato/biped_hitback_1 can't be recognized
[19Apr2026 02:22:35.120] [main/WARN] [indestructible/]: efn:biped/yamato/biped_hitback_1 can't be recognized
[19Apr2026 02:22:35.120] [main/WARN] [indestructible/]: efn:biped/yamato/biped_hitback_1 can't be recognized
[19Apr2026 02:22:35.120] [main/WARN] [indestructible/]: efn:biped/yamato/biped_hitback_1 can't be recognized
[19Apr2026 02:22:35.120] [main/WARN] [indestructible/]: efn:biped/nf_tachi/nf_tachi_bloodlust_end can't be recognized
[19Apr2026 02:22:35.120] [main/WARN] [indestructible/]: efn:biped/yamato/biped_hitback_1 can't be recognized
[19Apr2026 02:22:35.120] [main/WARN] [indestructible/]: efn:biped/yamato/biped_hitback_1 can't be recognized
[19Apr2026 02:22:35.120] [main/WARN] [indestructible/]: efn:biped/yamato/biped_hitback_1 can't be recognized
[19Apr2026 02:22:35.120] [main/WARN] [indestructible/]: efn:biped/yamato/biped_hitback_1 can't be recognized
[19Apr2026 02:22:35.120] [main/WARN] [indestructible/]: efn:biped/yamato/biped_hitback_1 can't be recognized
[19Apr2026 02:22:35.120] [main/WARN] [indestructible/]: efn:biped/yamato/biped_hitback_1 can't be recognized
[19Apr2026 02:22:35.121] [main/WARN] [indestructible/]: efn:biped/yamato/biped_hitback_1 can't be recognized
[19Apr2026 02:22:35.121] [main/WARN] [indestructible/]: epicfightx:biped/combat/uchigatana_sheath_dash can't be recognized
[19Apr2026 02:22:35.121] [main/WARN] [indestructible/]: efn:biped/yamato/biped_hitback_1 can't be recognized
[19Apr2026 02:22:35.121] [main/WARN] [indestructible/]: efn:biped/yamato/biped_hitback_1 can't be recognized
[19Apr2026 02:22:35.121] [main/WARN] [indestructible/]: efn:biped/yamato/biped_hitback_1 can't be recognized
[19Apr2026 02:22:35.121] [main/WARN] [indestructible/]: efn:biped/yamato/biped_hitback_1 can't be recognized
[19Apr2026 02:22:35.121] [main/WARN] [indestructible/]: efn:biped/yamato/biped_hitback_1 can't be recognized
[19Apr2026 02:22:35.121] [main/WARN] [indestructible/]: efn:biped/yamato/biped_hitback_1 can't be recognized
[19Apr2026 02:22:35.121] [main/WARN] [indestructible/]: efn:biped/yamato/biped_hitback_1 can't be recognized
[19Apr2026 02:22:35.121] [main/WARN] [indestructible/]: efn:biped/yamato/biped_hitback_1 can't be recognized
[19Apr2026 02:22:35.121] [main/WARN] [indestructible/]: epicfightx:biped/combat/dagger_airslash can't be recognized
[19Apr2026 02:22:35.121] [main/WARN] [indestructible/]: efn:biped/yamato/biped_hitback_1 can't be recognized
[19Apr2026 02:22:35.121] [main/WARN] [indestructible/]: efn:biped/yamato/biped_hitback_1 can't be recognized
[19Apr2026 02:22:35.121] [main/WARN] [indestructible/]: efn:biped/yamato/biped_hitback_1 can't be recognized
[19Apr2026 02:22:35.121] [main/WARN] [indestructible/]: efn:biped/yamato/biped_hitback_1 can't be recognized
[19Apr2026 02:22:35.121] [main/WARN] [indestructible/]: efn:biped/yamato/biped_hitback_1 can't be recognized
[19Apr2026 02:22:35.122] [main/WARN] [indestructible/]: efn:biped/yamato/biped_hitback_1 can't be recognized
[19Apr2026 02:22:35.122] [main/WARN] [indestructible/]: efn:biped/yamato/biped_hitback_1 can't be recognized
[19Apr2026 02:22:35.122] [main/WARN] [indestructible/]: epicfightx:biped/combat/dagger_dual_dash can't be recognized
[19Apr2026 02:22:35.122] [main/WARN] [indestructible/]: efn:biped/yamato/biped_hitback_1 can't be recognized
[19Apr2026 02:22:35.122] [main/WARN] [indestructible/]: efn:biped/yamato/biped_hitback_1 can't be recognized
[19Apr2026 02:22:35.122] [main/WARN] [indestructible/]: efn:biped/yamato/biped_hitback_1 can't be recognized
[19Apr2026 02:22:35.122] [main/WARN] [indestructible/]: efn:biped/yamato/biped_hitback_1 can't be recognized
[19Apr2026 02:22:35.122] [main/WARN] [indestructible/]: efn:biped/yamato/biped_hitback_1 can't be recognized
[19Apr2026 02:22:35.122] [main/WARN] [indestructible/]: efn:biped/yamato/biped_hitback_1 can't be recognized
[19Apr2026 02:22:35.122] [main/WARN] [indestructible/]: efn:biped/yamato/biped_hitback_1 can't be recognized
[19Apr2026 02:22:35.122] [main/WARN] [indestructible/]: epicfightx:biped/skill/dancing_edge can't be recognized
[19Apr2026 02:22:35.123] [main/WARN] [indestructible/]: efn:biped/yamato/biped_hitback_1 can't be recognized
[19Apr2026 02:22:35.123] [main/WARN] [indestructible/]: efn:biped/yamato/biped_hitback_1 can't be recognized
[19Apr2026 02:22:35.123] [main/WARN] [indestructible/]: efn:biped/yamato/biped_hitback_1 can't be recognized
[19Apr2026 02:22:35.123] [main/WARN] [indestructible/]: efn:biped/yamato/biped_hitback_1 can't be recognized
[19Apr2026 02:22:35.123] [main/WARN] [indestructible/]: efn:biped/yamato/biped_hitback_1 can't be recognized
[19Apr2026 02:22:35.123] [main/WARN] [indestructible/]: efn:biped/yamato/biped_hitback_1 can't be recognized
[19Apr2026 02:22:35.123] [main/WARN] [indestructible/]: efn:biped/yamato/biped_hitback_1 can't be recognized
[19Apr2026 02:22:35.123] [main/WARN] [indestructible/]: efn:biped/yamato/biped_hitback_air can't be recognized
[19Apr2026 02:22:35.123] [main/WARN] [indestructible/]: efn:biped/nf_claw/nf_claw_auto3 can't be recognized
[19Apr2026 02:22:35.123] [main/WARN] [indestructible/]: efn:biped/yamato/biped_hitback_1 can't be recognized
[19Apr2026 02:22:35.123] [main/WARN] [indestructible/]: efn:biped/yamato/biped_hitback_1 can't be recognized
[19Apr2026 02:22:35.123] [main/WARN] [indestructible/]: efn:biped/yamato/biped_hitback_1 can't be recognized
[19Apr2026 02:22:35.123] [main/WARN] [indestructible/]: efn:biped/yamato/biped_hitback_1 can't be recognized
[19Apr2026 02:22:35.123] [main/WARN] [indestructible/]: efn:biped/yamato/biped_hitback_1 can't be recognized
[19Apr2026 02:22:35.124] [main/WARN] [indestructible/]: efn:biped/yamato/biped_hitback_1 can't be recognized
[19Apr2026 02:22:35.124] [main/WARN] [indestructible/]: efn:biped/yamato/biped_hitback_1 can't be recognized
[19Apr2026 02:22:35.124] [main/WARN] [indestructible/]: efn:biped/yamato/biped_hitback_1 can't be recognized
[19Apr2026 02:22:35.124] [main/WARN] [indestructible/]: efn:biped/nf_sword/nf_sword_skill can't be recognized
[19Apr2026 02:22:35.124] [main/WARN] [indestructible/]: efn:biped/yamato/biped_hitback_1 can't be recognized
[19Apr2026 02:22:35.124] [main/WARN] [indestructible/]: efn:biped/yamato/biped_hitback_1 can't be recognized
[19Apr2026 02:22:35.124] [main/WARN] [indestructible/]: efn:biped/yamato/biped_hitback_1 can't be recognized
[19Apr2026 02:22:35.124] [main/WARN] [indestructible/]: efn:biped/yamato/biped_hitback_1 can't be recognized
[19Apr2026 02:22:35.124] [main/WARN] [indestructible/]: efn:biped/yamato/biped_hitback_1 can't be recognized
[19Apr2026 02:22:35.124] [main/WARN] [indestructible/]: efn:biped/yamato/biped_hitback_1 can't be recognized
[19Apr2026 02:22:35.124] [main/WARN] [indestructible/]: efn:biped/yamato/biped_hitback_1 can't be recognized
[19Apr2026 02:22:35.124] [main/WARN] [indestructible/]: efn:biped/yamato/biped_hitback_1 can't be recognized
[19Apr2026 02:22:35.124] [main/WARN] [indestructible/]: efn:biped/yamato/biped_hitback_1 can't be recognized
[19Apr2026 02:22:35.124] [main/WARN] [indestructible/]: efn:biped/yamato/biped_hitback_1 can't be recognized
[19Apr2026 02:22:35.124] [main/WARN] [indestructible/]: efn:biped/yamato/biped_hitback_1 can't be recognized
[19Apr2026 02:22:35.125] [main/WARN] [indestructible/]: efn:biped/yamato/biped_hitback_1 can't be recognized
[19Apr2026 02:22:35.125] [main/WARN] [indestructible/]: efn:biped/yamato/biped_hitback_1 can't be recognized
[19Apr2026 02:22:35.125] [main/WARN] [indestructible/]: efn:biped/yamato/biped_hitback_1 can't be recognized
[19Apr2026 02:22:35.125] [main/WARN] [indestructible/]: efn:biped/yamato/biped_hitback_1 can't be recognized
[19Apr2026 02:22:35.136] [main/WARN] [indestructible/]: epicfight:biped/skill/guard_sword_hit_active2 can't be recognized
[19Apr2026 02:22:35.136] [main/WARN] [indestructible/]: epicfight:biped/skill/guard_sword_hit_active1 can't be recognized
[19Apr2026 02:22:35.136] [main/WARN] [indestructible/]: epicfight:biped/skill/guard_sword_hit_active2 can't be recognized
[19Apr2026 02:22:35.142] [main/WARN] [indestructible/]: epicfight:biped/skill/guard_sword_hit_active2 can't be recognized
[19Apr2026 02:22:35.142] [main/WARN] [indestructible/]: epicfight:biped/skill/guard_sword_hit_active1 can't be recognized
[19Apr2026 02:22:35.145] [main/WARN] [indestructible/]: efn:biped/yamato/biped_hitback_air can't be recognized
[19Apr2026 02:22:35.145] [main/WARN] [indestructible/]: efn:biped/nf_claw/nf_claw_auto3 can't be recognized
[19Apr2026 02:22:35.145] [main/WARN] [indestructible/]: efn:biped/yamato/biped_hitback_1 can't be recognized
[19Apr2026 02:22:35.145] [main/WARN] [indestructible/]: efn:biped/yamato/biped_hitback_1 can't be recognized
[19Apr2026 02:22:35.145] [main/WARN] [indestructible/]: efn:biped/yamato/biped_hitback_1 can't be recognized
[19Apr2026 02:22:35.146] [main/WARN] [indestructible/]: efn:biped/yamato/biped_hitback_1 can't be recognized
[19Apr2026 02:22:35.146] [main/WARN] [indestructible/]: efn:biped/yamato/biped_hitback_1 can't be recognized
[19Apr2026 02:22:35.146] [main/WARN] [indestructible/]: efn:biped/yamato/biped_hitback_1 can't be recognized
[19Apr2026 02:22:35.146] [main/WARN] [indestructible/]: efn:biped/yamato/biped_hitback_1 can't be recognized
[19Apr2026 02:22:35.161] [main/WARN] [indestructible/]: efn:biped/yamato/biped_hitback_1 can't be recognized
[19Apr2026 02:22:35.161] [main/WARN] [indestructible/]: epicfightx:biped/skill/revelation_normal can't be recognized
[19Apr2026 02:22:35.162] [main/WARN] [indestructible/]: efn:biped/yamato/biped_hitback_1 can't be recognized
[19Apr2026 02:22:35.162] [main/WARN] [indestructible/]: efn:biped/yamato/biped_hitback_1 can't be recognized
[19Apr2026 02:22:35.162] [main/WARN] [indestructible/]: efn:biped/yamato/biped_hitback_1 can't be recognized
[19Apr2026 02:22:35.162] [main/WARN] [indestructible/]: efn:biped/yamato/biped_hitback_1 can't be recognized
[19Apr2026 02:22:35.162] [main/WARN] [indestructible/]: efn:biped/yamato/biped_hitback_1 can't be recognized
[19Apr2026 02:22:35.162] [main/WARN] [indestructible/]: efn:biped/yamato/biped_hitback_1 can't be recognized
[19Apr2026 02:22:35.162] [main/WARN] [indestructible/]: efn:biped/yamato/biped_hitback_1 can't be recognized
[19Apr2026 02:22:35.162] [main/WARN] [indestructible/]: efn:biped/yamato/biped_hitback_1 can't be recognized
[19Apr2026 02:22:35.162] [main/WARN] [indestructible/]: efn:biped/ng_greatsword/ng_great_skill_clash can't be recognized
[19Apr2026 02:22:35.162] [main/WARN] [indestructible/]: efn:biped/yamato/biped_hitback_1 can't be recognized
[19Apr2026 02:22:35.163] [main/WARN] [indestructible/]: efn:biped/yamato/biped_hitback_1 can't be recognized
[19Apr2026 02:22:35.163] [main/WARN] [indestructible/]: efn:biped/yamato/biped_hitback_1 can't be recognized
[19Apr2026 02:22:35.163] [main/WARN] [indestructible/]: efn:biped/yamato/biped_hitback_1 can't be recognized
[19Apr2026 02:22:35.163] [main/WARN] [indestructible/]: efn:biped/yamato/biped_hitback_1 can't be recognized
[19Apr2026 02:22:35.163] [main/WARN] [indestructible/]: efn:biped/yamato/biped_hitback_1 can't be recognized
[19Apr2026 02:22:35.163] [main/WARN] [indestructible/]: efn:biped/yamato/biped_hitback_1 can't be recognized
[19Apr2026 02:22:35.163] [main/WARN] [indestructible/]: efn:biped/yamato/biped_hitback_1 can't be recognized
[19Apr2026 02:22:35.163] [main/WARN] [indestructible/]: efn:biped/nf_meen/nf_meen_auto4 can't be recognized
[19Apr2026 02:22:35.163] [main/WARN] [indestructible/]: efn:biped/yamato/biped_hitback_1 can't be recognized
[19Apr2026 02:22:35.164] [main/WARN] [indestructible/]: efn:biped/yamato/biped_hitback_1 can't be recognized
[19Apr2026 02:22:35.164] [main/WARN] [indestructible/]: efn:biped/yamato/biped_hitback_1 can't be recognized
[19Apr2026 02:22:35.164] [main/WARN] [indestructible/]: efn:biped/yamato/biped_hitback_1 can't be recognized
[19Apr2026 02:22:35.164] [main/WARN] [indestructible/]: efn:biped/yamato/biped_hitback_1 can't be recognized
[19Apr2026 02:22:35.164] [main/WARN] [indestructible/]: efn:biped/yamato/biped_hitback_1 can't be recognized
[19Apr2026 02:22:35.164] [main/WARN] [indestructible/]: efn:biped/yamato/biped_hitback_1 can't be recognized
[19Apr2026 02:22:35.164] [main/WARN] [indestructible/]: efn:biped/yamato/biped_hitback_1 can't be recognized
[19Apr2026 02:22:35.164] [main/WARN] [indestructible/]: efn:biped/nf_tachi/nf_tachi_bloodlust_end can't be recognized
[19Apr2026 02:22:35.165] [main/WARN] [indestructible/]: efn:biped/yamato/biped_hitback_1 can't be recognized
[19Apr2026 02:22:35.165] [main/WARN] [indestructible/]: efn:biped/yamato/biped_hitback_1 can't be recognized
[19Apr2026 02:22:35.165] [main/WARN] [indestructible/]: efn:biped/yamato/biped_hitback_1 can't be recognized
[19Apr2026 02:22:35.165] [main/WARN] [indestructible/]: efn:biped/yamato/biped_hitback_1 can't be recognized
[19Apr2026 02:22:35.165] [main/WARN] [indestructible/]: efn:biped/yamato/biped_hitback_1 can't be recognized
[19Apr2026 02:22:35.165] [main/WARN] [indestructible/]: efn:biped/yamato/biped_hitback_1 can't be recognized
[19Apr2026 02:22:35.165] [main/WARN] [indestructible/]: efn:biped/yamato/biped_hitback_1 can't be recognized
[19Apr2026 02:22:35.165] [main/WARN] [indestructible/]: epicfightx:biped/combat/uchigatana_sheath_dash can't be recognized
[19Apr2026 02:22:35.165] [main/WARN] [indestructible/]: efn:biped/yamato/biped_hitback_1 can't be recognized
[19Apr2026 02:22:35.166] [main/WARN] [indestructible/]: efn:biped/yamato/biped_hitback_1 can't be recognized
[19Apr2026 02:22:35.166] [main/WARN] [indestructible/]: efn:biped/yamato/biped_hitback_1 can't be recognized
[19Apr2026 02:22:35.166] [main/WARN] [indestructible/]: efn:biped/yamato/biped_hitback_1 can't be recognized
[19Apr2026 02:22:35.166] [main/WARN] [indestructible/]: efn:biped/yamato/biped_hitback_1 can't be recognized
[19Apr2026 02:22:35.166] [main/WARN] [indestructible/]: efn:biped/yamato/biped_hitback_1 can't be recognized
[19Apr2026 02:22:35.166] [main/WARN] [indestructible/]: efn:biped/yamato/biped_hitback_1 can't be recognized
[19Apr2026 02:22:35.166] [main/WARN] [indestructible/]: efn:biped/yamato/biped_hitback_1 can't be recognized
[19Apr2026 02:22:35.166] [main/WARN] [indestructible/]: epicfightx:biped/combat/dagger_airslash can't be recognized
[19Apr2026 02:22:35.166] [main/WARN] [indestructible/]: efn:biped/yamato/biped_hitback_1 can't be recognized
[19Apr2026 02:22:35.167] [main/WARN] [indestructible/]: efn:biped/yamato/biped_hitback_1 can't be recognized
[19Apr2026 02:22:35.167] [main/WARN] [indestructible/]: efn:biped/yamato/biped_hitback_1 can't be recognized
[19Apr2026 02:22:35.167] [main/WARN] [indestructible/]: efn:biped/yamato/biped_hitback_1 can't be recognized
[19Apr2026 02:22:35.167] [main/WARN] [indestructible/]: efn:biped/yamato/biped_hitback_1 can't be recognized
[19Apr2026 02:22:35.167] [main/WARN] [indestructible/]: efn:biped/yamato/biped_hitback_1 can't be recognized
[19Apr2026 02:22:35.167] [main/WARN] [indestructible/]: efn:biped/yamato/biped_hitback_1 can't be recognized
[19Apr2026 02:22:35.167] [main/WARN] [indestructible/]: epicfightx:biped/combat/dagger_dual_dash can't be recognized
[19Apr2026 02:22:35.167] [main/WARN] [indestructible/]: efn:biped/yamato/biped_hitback_1 can't be recognized
[19Apr2026 02:22:35.167] [main/WARN] [indestructible/]: efn:biped/yamato/biped_hitback_1 can't be recognized
[19Apr2026 02:22:35.168] [main/WARN] [indestructible/]: efn:biped/yamato/biped_hitback_1 can't be recognized
[19Apr2026 02:22:35.168] [main/WARN] [indestructible/]: efn:biped/yamato/biped_hitback_1 can't be recognized
[19Apr2026 02:22:35.168] [main/WARN] [indestructible/]: efn:biped/yamato/biped_hitback_1 can't be recognized
[19Apr2026 02:22:35.168] [main/WARN] [indestructible/]: efn:biped/yamato/biped_hitback_1 can't be recognized
[19Apr2026 02:22:35.168] [main/WARN] [indestructible/]: efn:biped/yamato/biped_hitback_1 can't be recognized
[19Apr2026 02:22:35.168] [main/WARN] [indestructible/]: epicfightx:biped/skill/dancing_edge can't be recognized
[19Apr2026 02:22:35.168] [main/WARN] [indestructible/]: efn:biped/yamato/biped_hitback_1 can't be recognized
[19Apr2026 02:22:35.168] [main/WARN] [indestructible/]: efn:biped/yamato/biped_hitback_1 can't be recognized
[19Apr2026 02:22:35.168] [main/WARN] [indestructible/]: efn:biped/yamato/biped_hitback_1 can't be recognized
[19Apr2026 02:22:35.169] [main/WARN] [indestructible/]: efn:biped/yamato/biped_hitback_1 can't be recognized
[19Apr2026 02:22:35.169] [main/WARN] [indestructible/]: efn:biped/yamato/biped_hitback_1 can't be recognized
[19Apr2026 02:22:35.169] [main/WARN] [indestructible/]: efn:biped/yamato/biped_hitback_1 can't be recognized
[19Apr2026 02:22:35.169] [main/WARN] [indestructible/]: efn:biped/yamato/biped_hitback_1 can't be recognized
[19Apr2026 02:22:35.169] [main/WARN] [indestructible/]: efn:biped/yamato/biped_hitback_air can't be recognized
[19Apr2026 02:22:35.169] [main/WARN] [indestructible/]: efn:biped/nf_claw/nf_claw_auto3 can't be recognized
[19Apr2026 02:22:35.170] [main/WARN] [indestructible/]: efn:biped/yamato/biped_hitback_1 can't be recognized
[19Apr2026 02:22:35.170] [main/WARN] [indestructible/]: efn:biped/yamato/biped_hitback_1 can't be recognized
[19Apr2026 02:22:35.170] [main/WARN] [indestructible/]: efn:biped/yamato/biped_hitback_1 can't be recognized
[19Apr2026 02:22:35.170] [main/WARN] [indestructible/]: efn:biped/yamato/biped_hitback_1 can't be recognized
[19Apr2026 02:22:35.170] [main/WARN] [indestructible/]: efn:biped/yamato/biped_hitback_1 can't be recognized
[19Apr2026 02:22:35.170] [main/WARN] [indestructible/]: efn:biped/yamato/biped_hitback_1 can't be recognized
[19Apr2026 02:22:35.170] [main/WARN] [indestructible/]: efn:biped/yamato/biped_hitback_1 can't be recognized
[19Apr2026 02:22:35.170] [main/WARN] [indestructible/]: efn:biped/yamato/biped_hitback_1 can't be recognized
[19Apr2026 02:22:35.170] [main/WARN] [indestructible/]: efn:biped/nf_sword/nf_sword_skill can't be recognized
[19Apr2026 02:22:35.170] [main/WARN] [indestructible/]: efn:biped/yamato/biped_hitback_1 can't be recognized
[19Apr2026 02:22:35.171] [main/WARN] [indestructible/]: efn:biped/yamato/biped_hitback_1 can't be recognized
[19Apr2026 02:22:35.171] [main/WARN] [indestructible/]: efn:biped/yamato/biped_hitback_1 can't be recognized
[19Apr2026 02:22:35.171] [main/WARN] [indestructible/]: efn:biped/yamato/biped_hitback_1 can't be recognized
[19Apr2026 02:22:35.171] [main/WARN] [indestructible/]: efn:biped/yamato/biped_hitback_1 can't be recognized
[19Apr2026 02:22:35.171] [main/WARN] [indestructible/]: efn:biped/yamato/biped_hitback_1 can't be recognized
[19Apr2026 02:22:35.171] [main/WARN] [indestructible/]: efn:biped/yamato/biped_hitback_1 can't be recognized
[19Apr2026 02:22:35.171] [main/WARN] [indestructible/]: efn:biped/yamato/biped_hitback_1 can't be recognized
[19Apr2026 02:22:35.171] [main/WARN] [indestructible/]: efn:biped/yamato/biped_hitback_1 can't be recognized
[19Apr2026 02:22:35.171] [main/WARN] [indestructible/]: efn:biped/yamato/biped_hitback_1 can't be recognized
[19Apr2026 02:22:35.171] [main/WARN] [indestructible/]: efn:biped/yamato/biped_hitback_1 can't be recognized
[19Apr2026 02:22:35.171] [main/WARN] [indestructible/]: efn:biped/yamato/biped_hitback_1 can't be recognized
[19Apr2026 02:22:35.172] [main/WARN] [indestructible/]: efn:biped/yamato/biped_hitback_1 can't be recognized
[19Apr2026 02:22:35.172] [main/WARN] [indestructible/]: efn:biped/yamato/biped_hitback_1 can't be recognized
[19Apr2026 02:22:35.172] [main/WARN] [indestructible/]: efn:biped/yamato/biped_hitback_1 can't be recognized
[19Apr2026 02:22:35.253] [main/INFO] [Moonlight/]: Applied 18 data villager trades
[19Apr2026 02:22:35.308] [main/INFO] [Supplementaries/]: Finished additional setup in 0 ms
[19Apr2026 02:22:35.346] [main/WARN] [ModernFix/]: Initial datapack load took 33.12 s
[19Apr2026 02:22:35.526] [Server thread/INFO] [net.minecraft.server.dedicated.DedicatedServer/]: Starting minecraft server version 1.20.1
[19Apr2026 02:22:35.527] [Server thread/INFO] [net.minecraft.server.dedicated.DedicatedServer/]: Loading properties
[19Apr2026 02:22:35.527] [Server thread/INFO] [net.minecraft.server.dedicated.DedicatedServer/]: Default game type: SURVIVAL
[19Apr2026 02:22:35.528] [Server thread/INFO] [net.minecraft.server.MinecraftServer/]: Generating keypair
[19Apr2026 02:22:35.725] [Server thread/INFO] [net.minecraft.server.dedicated.DedicatedServer/]: Starting Minecraft server on *:25565
[19Apr2026 02:22:35.763] [Server thread/INFO] [net.minecraft.server.network.ServerConnectionListener/]: Using epoll channel type
[19Apr2026 02:22:35.869] [Server thread/WARN] [net.minecraft.server.dedicated.DedicatedServer/]: **** SERVER IS RUNNING IN OFFLINE/INSECURE MODE!
[19Apr2026 02:22:35.870] [Server thread/WARN] [net.minecraft.server.dedicated.DedicatedServer/]: The server will make no attempt to authenticate usernames. Beware.
[19Apr2026 02:22:35.870] [Server thread/WARN] [net.minecraft.server.dedicated.DedicatedServer/]: While this makes the game possible to play without internet access, it also opens up the ability for hackers to connect with any username they choose.
[19Apr2026 02:22:35.871] [Server thread/WARN] [net.minecraft.server.dedicated.DedicatedServer/]: To change this, set "online-mode" to "true" in the server.properties file.
[19Apr2026 02:22:35.897] [Server thread/INFO] [Puzzles Lib/]: Loading server config for enchantinginfuser
[19Apr2026 02:22:36.105] [Server thread/INFO] [FTB Teams/]: loaded team data: 0 known players, 0 teams total
[19Apr2026 02:22:36.207] [Server thread/INFO] [spark/]: Starting background profiler...
[19Apr2026 02:22:37.292] [Server thread/INFO] [zeta/]: Server starting, accepting filewatcher changes for zeta's config
[19Apr2026 02:22:37.297] [Server thread/INFO] [quark-zeta/]: Server starting, accepting filewatcher changes for quark's config
[19Apr2026 02:22:37.789] [Server thread/INFO] [terrablender/]: Initialized TerraBlender biomes for level stem minecraft:overworld
[19Apr2026 02:22:37.790] [Server thread/INFO] [terrablender/]: Initialized TerraBlender biomes for level stem minecraft:the_nether
[19Apr2026 02:22:37.790] [Server thread/INFO] [citadel/]: Added to village structure pool
[19Apr2026 02:22:37.791] [Server thread/INFO] [citadel/]: Added to village structure pool
[19Apr2026 02:22:37.791] [Server thread/INFO] [citadel/]: Added to village structure pool
[19Apr2026 02:22:37.791] [Server thread/INFO] [citadel/]: Added to village structure pool
[19Apr2026 02:22:37.791] [Server thread/INFO] [citadel/]: Added to village structure pool
[19Apr2026 02:22:37.792] [Server thread/INFO] [net.minecraft.server.dedicated.DedicatedServer/]: Preparing level "world"
[19Apr2026 02:22:38.233] [Server thread/INFO] [incontrol/]: Reading rules from areas.json
[19Apr2026 02:22:38.273] [Server thread/INFO] [incontrol/]: Reading rules from spawn.json
[19Apr2026 02:22:38.307] [Server thread/INFO] [incontrol/]: Reading rules from summonaid.json
[19Apr2026 02:22:38.309] [Server thread/INFO] [incontrol/]: Reading rules from loot.json
[19Apr2026 02:22:38.311] [Server thread/INFO] [incontrol/]: Reading rules from experience.json
[19Apr2026 02:22:38.312] [Server thread/INFO] [incontrol/]: Reading rules from phases.json
[19Apr2026 02:22:38.313] [Server thread/INFO] [incontrol/]: Reading rules from effects.json
[19Apr2026 02:22:38.315] [Server thread/INFO] [incontrol/]: Reading rules from breakevents.json
[19Apr2026 02:22:38.317] [Server thread/INFO] [incontrol/]: Reading rules from placeevents.json
[19Apr2026 02:22:38.318] [Server thread/INFO] [incontrol/]: Reading rules from rightclicks.json
[19Apr2026 02:22:38.319] [Server thread/INFO] [incontrol/]: Reading rules from leftclicks.json
[19Apr2026 02:22:38.321] [Server thread/INFO] [incontrol/]: Reading rules from spawner.json
[19Apr2026 02:22:38.324] [Server thread/INFO] [incontrol/]: Reading rules from events.json
[19Apr2026 02:22:38.510] [Server thread/INFO] [net.minecraft.server.MinecraftServer/]: Preparing start region for dimension minecraft:overworld
[19Apr2026 02:22:39.424] [Server thread/INFO] [net.minecraft.server.level.progress.LoggerChunkProgressListener/]: Preparing spawn area: 0%
[19Apr2026 02:22:39.425] [Server thread/INFO] [net.minecraft.server.level.progress.LoggerChunkProgressListener/]: Preparing spawn area: 0%
[19Apr2026 02:22:39.596] [Server thread/INFO] [net.minecraft.server.level.progress.LoggerChunkProgressListener/]: Preparing spawn area: 0%
[19Apr2026 02:22:40.225] [Server thread/INFO] [net.minecraft.server.level.progress.LoggerChunkProgressListener/]: Preparing spawn area: 0%
[19Apr2026 02:22:40.544] [Server thread/INFO] [net.minecraft.server.level.progress.LoggerChunkProgressListener/]: Preparing spawn area: 0%
[19Apr2026 02:22:41.210] [Server thread/INFO] [net.minecraft.server.level.progress.LoggerChunkProgressListener/]: Preparing spawn area: 0%
[19Apr2026 02:22:41.511] [Server thread/INFO] [net.minecraft.server.level.progress.LoggerChunkProgressListener/]: Preparing spawn area: 0%
[19Apr2026 02:22:41.718] [Server thread/INFO] [com.cupboard.Cupboard/]: Loaded config for: limitedchunks.json
[19Apr2026 02:22:42.144] [Server thread/INFO] [net.minecraft.server.level.progress.LoggerChunkProgressListener/]: Time elapsed: 3625 ms
[19Apr2026 02:22:42.144] [Server thread/INFO] [net.minecraft.server.dedicated.DedicatedServer/]: Done (6.260s)! For help, type "help"
[19Apr2026 02:22:42.221] [Server thread/INFO] [net.minecraftforge.server.permission.PermissionAPI/]: Successfully initialized permission handler forge:default_handler
[19Apr2026 02:22:42.225] [Server thread/INFO] [xaero.hud.minimap.MinimapLogs/]: Registered synced player tracker system: ftb_teams
[19Apr2026 02:22:42.227] [Server thread/INFO] [xaero.map.WorldMap/]: Registered synced player tracker system: ftb_teams
[19Apr2026 02:22:42.230] [Server thread/INFO] [net.magister.bookofdragons.BookOfDragons/]: HELLO from server starting
[19Apr2026 02:22:42.230] [Server thread/INFO] [com.wintercogs.beyonddimensions.BeyondDimensions/]: 维度网络初始化完成(服务端)
[19Apr2026 02:22:42.230] [Server thread/INFO] [com.kamikaguya.ash_of_sin_no_more_invalid_statistic.event.AshOfSinNoMoreInvalidStatisticEvent/]: Stats directory not found, skipping.
[19Apr2026 02:22:42.230] [Server thread/INFO] [com.brass_amber.ba_bt.BABattleTowers/]: server starting
[19Apr2026 02:22:42.233] [Server thread/INFO] [FTB Quests/]: Loading quests from /workspaces/SERVER-TEMPLATE/servidor_minecraft/config/ftbquests/quests
[19Apr2026 02:22:42.287] [Server thread/INFO] [FTB Quests/]: Loaded 1 chapter groups, 8 chapters, 241 quests, 1 reward tables
[19Apr2026 02:22:42.308] [Server thread/INFO] [com.finderfeed.fdlib.FDLib/]: Loading FD configs...
[19Apr2026 02:22:42.309] [Server thread/INFO] [com.finderfeed.fdlib.FDLib/]: Loading config fdlib:test
[19Apr2026 02:22:42.310] [Server thread/INFO] [com.finderfeed.fdlib.FDLib/]: Loading config fdlib:fdlib_client
[19Apr2026 02:22:42.311] [Server thread/INFO] [com.finderfeed.fdlib.FDLib/]: Loaded FD configs.
[19Apr2026 02:22:42.397] [Server thread/INFO] [com.yesman.epicskills.EpicSkills/]: wom:acrobat is disabled.
[19Apr2026 02:22:42.398] [Server thread/INFO] [com.yesman.epicskills.EpicSkills/]: epicskills:infernal_might is disabled.
[19Apr2026 02:22:42.399] [Server thread/WARN] [com.yesman.epicskills.EpicSkills/]: Unknown skill tree id: dodge_parry_reward:passive_old
[19Apr2026 02:22:42.399] [Server thread/INFO] [com.yesman.epicskills.EpicSkills/]: sword_soaring:sword_soaring_skills is disabled.
[19Apr2026 02:22:42.510] [Server thread/INFO] [patchouli/]: Sending reload packet to clients
[19Apr2026 02:22:42.512] [Server thread/WARN] [ModernFix/]: Dedicated server took 79.809 seconds to load
[19Apr2026 02:22:42.671] [Server thread/INFO] [com.p1nero.cataclysm_dimension.CataclysmDimensionMod/]: [Cataclysm Dimension]: No player inside. trying to reset dimension cataclysm_dimension:cataclysm_bastion_lost.
[19Apr2026 02:22:42.671] [Server thread/INFO] [com.p1nero.cataclysm_dimension.CataclysmDimensionMod/]: [Cataclysm Dimension]: Dimension cataclysm_dimension:cataclysm_bastion_lost will be reset after 10 second.
[19Apr2026 02:22:42.676] [Server thread/INFO] [com.p1nero.cataclysm_dimension.CataclysmDimensionMod/]: [Cataclysm Dimension]: No player inside. trying to reset dimension cataclysm_dimension:cataclysm_abyssal_depths.
[19Apr2026 02:22:42.676] [Server thread/INFO] [com.p1nero.cataclysm_dimension.CataclysmDimensionMod/]: [Cataclysm Dimension]: Dimension cataclysm_dimension:cataclysm_abyssal_depths will be reset after 10 second.
[19Apr2026 02:22:42.676] [Server thread/INFO] [com.p1nero.cataclysm_dimension.CataclysmDimensionMod/]: [Cataclysm Dimension]: No player inside. trying to reset dimension cataclysm_dimension:cataclysm_eternal_frosthold.
[19Apr2026 02:22:42.676] [Server thread/INFO] [com.p1nero.cataclysm_dimension.CataclysmDimensionMod/]: [Cataclysm Dimension]: Dimension cataclysm_dimension:cataclysm_eternal_frosthold will be reset after 10 second.
[19Apr2026 02:22:42.677] [Server thread/INFO] [com.p1nero.cataclysm_dimension.CataclysmDimensionMod/]: [Cataclysm Dimension]: No player inside. trying to reset dimension cataclysm_dimension:cataclysm_infernos_maw.
[19Apr2026 02:22:42.677] [Server thread/INFO] [com.p1nero.cataclysm_dimension.CataclysmDimensionMod/]: [Cataclysm Dimension]: Dimension cataclysm_dimension:cataclysm_infernos_maw will be reset after 10 second.
[19Apr2026 02:22:42.677] [Server thread/INFO] [com.p1nero.cataclysm_dimension.CataclysmDimensionMod/]: [Cataclysm Dimension]: No player inside. trying to reset dimension cataclysm_dimension:cataclysm_sanctum_fallen.
[19Apr2026 02:22:42.677] [Server thread/INFO] [com.p1nero.cataclysm_dimension.CataclysmDimensionMod/]: [Cataclysm Dimension]: Dimension cataclysm_dimension:cataclysm_sanctum_fallen will be reset after 10 second.
[19Apr2026 02:22:42.677] [Server thread/INFO] [com.p1nero.cataclysm_dimension.CataclysmDimensionMod/]: [Cataclysm Dimension]: No player inside. trying to reset dimension cataclysm_dimension:cataclysm_pharaohs_bane.
[19Apr2026 02:22:42.677] [Server thread/INFO] [com.p1nero.cataclysm_dimension.CataclysmDimensionMod/]: [Cataclysm Dimension]: Dimension cataclysm_dimension:cataclysm_pharaohs_bane will be reset after 10 second.
[19Apr2026 02:22:42.681] [Server thread/INFO] [com.p1nero.cataclysm_dimension.CataclysmDimensionMod/]: [Cataclysm Dimension]: No player inside. trying to reset dimension cataclysm_dimension:cataclysm_souls_anvil.
[19Apr2026 02:22:42.681] [Server thread/INFO] [com.p1nero.cataclysm_dimension.CataclysmDimensionMod/]: [Cataclysm Dimension]: Dimension cataclysm_dimension:cataclysm_souls_anvil will be reset after 10 second.
[19Apr2026 02:22:42.681] [Server thread/INFO] [com.p1nero.cataclysm_dimension.CataclysmDimensionMod/]: [Cataclysm Dimension]: No player inside. trying to reset dimension cataclysm_dimension:cataclysm_forge_of_aeons.
[19Apr2026 02:22:42.681] [Server thread/INFO] [com.p1nero.cataclysm_dimension.CataclysmDimensionMod/]: [Cataclysm Dimension]: Dimension cataclysm_dimension:cataclysm_forge_of_aeons will be reset after 10 second.
[19Apr2026 02:22:52.463] [Server thread/INFO] [com.p1nero.cataclysm_dimension.CataclysmDimensionMod/]: [Cataclysm Dimension]: No region files in cataclysm_dimension:cataclysm_bastion_lost. Skipped.
[19Apr2026 02:22:52.464] [Server thread/INFO] [com.p1nero.cataclysm_dimension.CataclysmDimensionMod/]: [Cataclysm Dimension]: No region files in cataclysm_dimension:cataclysm_abyssal_depths. Skipped.
[19Apr2026 02:22:52.464] [Server thread/INFO] [com.p1nero.cataclysm_dimension.CataclysmDimensionMod/]: [Cataclysm Dimension]: No region files in cataclysm_dimension:cataclysm_eternal_frosthold. Skipped.
[19Apr2026 02:22:52.464] [Server thread/INFO] [com.p1nero.cataclysm_dimension.CataclysmDimensionMod/]: [Cataclysm Dimension]: No region files in cataclysm_dimension:cataclysm_infernos_maw. Skipped.
[19Apr2026 02:22:52.465] [Server thread/INFO] [com.p1nero.cataclysm_dimension.CataclysmDimensionMod/]: [Cataclysm Dimension]: No region files in cataclysm_dimension:cataclysm_sanctum_fallen. Skipped.
[19Apr2026 02:22:52.465] [Server thread/INFO] [com.p1nero.cataclysm_dimension.CataclysmDimensionMod/]: [Cataclysm Dimension]: No region files in cataclysm_dimension:cataclysm_pharaohs_bane. Skipped.
[19Apr2026 02:22:52.466] [Server thread/INFO] [com.p1nero.cataclysm_dimension.CataclysmDimensionMod/]: [Cataclysm Dimension]: No region files in cataclysm_dimension:cataclysm_souls_anvil. Skipped.
[19Apr2026 02:22:52.466] [Server thread/INFO] [com.p1nero.cataclysm_dimension.CataclysmDimensionMod/]: [Cataclysm Dimension]: No region files in cataclysm_dimension:cataclysm_forge_of_aeons. Skipped.
[19Apr2026 02:30:12.323] [Server thread/INFO] [net.minecraft.server.MinecraftServer/]: /advancement (grant|revoke)
[19Apr2026 02:30:12.324] [Server thread/INFO] [net.minecraft.server.MinecraftServer/]: /attribute <target> <attribute> (get|base|modifier)
[19Apr2026 02:30:12.324] [Server thread/INFO] [net.minecraft.server.MinecraftServer/]: /execute (run|if|unless|as|at|store|positioned|rotated|facing|align|anchored|in|summon|on)
[19Apr2026 02:30:12.324] [Server thread/INFO] [net.minecraft.server.MinecraftServer/]: /bossbar (add|remove|list|set|get)
[19Apr2026 02:30:12.324] [Server thread/INFO] [net.minecraft.server.MinecraftServer/]: /clear [<targets>]
[19Apr2026 02:30:12.325] [Server thread/INFO] [net.minecraft.server.MinecraftServer/]: /clone (<begin>|from)
[19Apr2026 02:30:12.325] [Server thread/INFO] [net.minecraft.server.MinecraftServer/]: /damage <target> <amount> [<damageType>]
[19Apr2026 02:30:12.325] [Server thread/INFO] [net.minecraft.server.MinecraftServer/]: /data (merge|get|remove|modify)
[19Apr2026 02:30:12.325] [Server thread/INFO] [net.minecraft.server.MinecraftServer/]: /datapack (enable|disable|list)
[19Apr2026 02:30:12.329] [Server thread/INFO] [net.minecraft.server.MinecraftServer/]: /debug (start|stop|function)
[19Apr2026 02:30:12.329] [Server thread/INFO] [net.minecraft.server.MinecraftServer/]: /defaultgamemode <gamemode>
[19Apr2026 02:30:12.330] [Server thread/INFO] [net.minecraft.server.MinecraftServer/]: /difficulty [peaceful|easy|normal|hard]
[19Apr2026 02:30:12.331] [Server thread/INFO] [net.minecraft.server.MinecraftServer/]: /effect (clear|give)
[19Apr2026 02:30:12.331] [Server thread/INFO] [net.minecraft.server.MinecraftServer/]: /me <action>
[19Apr2026 02:30:12.331] [Server thread/INFO] [net.minecraft.server.MinecraftServer/]: /enchant <targets> <enchantment> [<level>]
[19Apr2026 02:30:12.332] [Server thread/INFO] [net.minecraft.server.MinecraftServer/]: /experience (add|set|query)
[19Apr2026 02:30:12.332] [Server thread/INFO] [net.minecraft.server.MinecraftServer/]: /xp -> experience
[19Apr2026 02:30:12.332] [Server thread/INFO] [net.minecraft.server.MinecraftServer/]: /fill <from> <to> <block> [replace|keep|outline|hollow|destroy]
[19Apr2026 02:30:12.333] [Server thread/INFO] [net.minecraft.server.MinecraftServer/]: /fillbiome <from> <to> <biome> [replace]
[19Apr2026 02:30:12.333] [Server thread/INFO] [net.minecraft.server.MinecraftServer/]: /forceload (add|remove|query)
[19Apr2026 02:30:12.333] [Server thread/INFO] [net.minecraft.server.MinecraftServer/]: /function <name>
[19Apr2026 02:30:12.333] [Server thread/INFO] [net.minecraft.server.MinecraftServer/]: /gamemode <gamemode> [<target>]
[19Apr2026 02:30:12.334] [Server thread/INFO] [net.minecraft.server.MinecraftServer/]: /gamerule (allowVanillaMelee|announceAdvancements|artifacts.anglersHat.luckOfTheSeaLevelBonus|artifacts.anglersHat.lureLevelBonus|artifacts.antidoteVessel.enabled|artifacts.antidoteVessel.maxEffectDuration|artifacts.aquaDashers.enabled|artifacts.bunnyHoppers.doCancelFallDamage|artifacts.bunnyHoppers.jumpBoostLevel|artifacts.charmOfSinking.enabled|artifacts.chorusTotem.cooldown|artifacts.chorusTotem.doConsumeOnUse|artifacts.chorusTotem.healthRestored|artifacts.chorusTotem.teleportationChance|artifacts.cloudInABottle.enabled|artifacts.cloudInABottle.sprintJumpHorizontalVelocity|artifacts.cloudInABottle.sprintJumpVerticalVelocity|artifacts.cowboyHat.speedLevel|artifacts.crossNecklace.bonusInvincibilityTicks|artifacts.crossNecklace.cooldown|artifacts.crystalHeart.healthBonus|artifacts.diggingClaws.digSpeedBonus|artifacts.diggingClaws.toolTier|artifacts.eternalSteak.cooldown|artifacts.eternalSteak.enabled|artifacts.everlastingBeef.cooldown|artifacts.everlastingBeef.enabled|artifacts.feralClaws.attackSpeedBonus|artifacts.fireGauntlet.fireDuration|artifacts.flamePendant.cooldown|artifacts.flamePendant.doGrantFireResistance|artifacts.flamePendant.fireDuration|artifacts.flamePendant.strikeChance|artifacts.flippers.swimSpeedBonus|artifacts.goldenHook.experienceBonus|artifacts.heliumFlamingo.flightDuration|artifacts.heliumFlamingo.rechargeDuration|artifacts.kittySlippers.enabled|artifacts.luckyScarf.fortuneBonus|artifacts.nightVisionGoggles.enabled|artifacts.nightVisionGoggles.strength|artifacts.noveltyDrinkingHat.drinkingDurationMultiplier|artifacts.noveltyDrinkingHat.eatingDurationMultiplier|artifacts.obsidianSkull.fireResistanceCooldown|artifacts.obsidianSkull.fireResistanceDuration|artifacts.onionRing.hasteDurationPerFoodPoint|artifacts.onionRing.hasteLevel|artifacts.panicNecklace.cooldown|artifacts.panicNecklace.speedDuration|artifacts.panicNecklace.speedLevel|artifacts.pickaxeHeater.enabled|artifacts.plasticDrinkingHat.drinkingDurationMultiplier|artifacts.plasticDrinkingHat.eatingDurationMultiplier|artifacts.pocketPiston.knockbackStrength|artifacts.powerGlove.attackDamageBonus|artifacts.rootedBoots.doGrowPlantsAfterEating|artifacts.rootedBoots.enabled|artifacts.rootedBoots.hungerReplenishingDuration|artifacts.runningShoes.doIncreaseStepHeight|artifacts.runningShoes.speedBonus|artifacts.scarfOfInvisibility.enabled|artifacts.shockPendant.cooldown|artifacts.shockPendant.doCancelLightningDamage|artifacts.shockPendant.strikeChance|artifacts.snorkel.enabled|artifacts.snorkel.isInfinite|artifacts.snorkel.waterBreathingDuration|artifacts.snowshoes.allowWalkingOnPowderSnow|artifacts.snowshoes.slipperinessReduction|artifacts.steadfastSpikes.enabled|artifacts.steadfastSpikes.knockbackResistance|artifacts.superstitiousHat.lootingLevelBonus|artifacts.thornPendant.cooldown|artifacts.thornPendant.maxDamage|artifacts.thornPendant.minDamage|artifacts.thornPendant.strikeChance|artifacts.umbrella.isGlider|artifacts.umbrella.isShield|artifacts.universalAttractor.enabled|artifacts.vampiricGlove.absorptionChance|artifacts.vampiricGlove.absorptionRatio|artifacts.vampiricGlove.maxHealingPerHit|artifacts.villagerHat.reputationBonus|artifacts.whoopeeCushion.fartChance|blockExplosionDropDecay|canSwitchPlayerMode|commandBlockOutput|commandModificationBlockLimit|disableElytraMovementCheck|disableEntityUI|disableRaids|doDaylightCycle|doEntityDrops|doFireTick|doImmediateRespawn|doInsomnia|doLimitedCrafting|doMobLoot|doMobSpawning|doPatrolSpawning|doTileDrops|doTraderSpawning|doVinesSpread|doWardenSpawning|doWeatherCycle|drowningDamage|epicDrop|fallDamage|fireDamage|forgiveDeadPlayers|freezeDamage|globalSoundEvents|globalStun|hasFallAnimation|initialMode|keepInventory|keepSkills|lavaSourceConversion|logAdminCommands|maxCommandChainLength|maxEntityCramming|mobExplosionDropDecay|mobGriefing|naturalRegeneration|noMobsInBossfight|playersSleepingPercentage|randomTickSpeed|reducedDebugInfo|sendCommandFeedback|showDeathMessages|skeletonMoreMelee|skillReplaceCooldown|snowAccumulationHeight|spawnRadius|spawnStrongerMobs|spectatorsGenerateChunks|stiffComboAttacks|strongerMobsDropEmeralds|strongerMobsMoreEXP|tntExplosionDropDecay|universalAnger|waterSourceConversion|weightPenalty)
[19Apr2026 02:30:12.334] [Server thread/INFO] [net.minecraft.server.MinecraftServer/]: /give <targets> <item> [<count>]
[19Apr2026 02:30:12.335] [Server thread/INFO] [net.minecraft.server.MinecraftServer/]: /help [<command>]
[19Apr2026 02:30:12.335] [Server thread/INFO] [net.minecraft.server.MinecraftServer/]: /item (replace|modify)
[19Apr2026 02:30:12.336] [Server thread/INFO] [net.minecraft.server.MinecraftServer/]: /kick <targets> [<reason>]
[19Apr2026 02:30:12.336] [Server thread/INFO] [net.minecraft.server.MinecraftServer/]: /kill [<targets>]
[19Apr2026 02:30:12.336] [Server thread/INFO] [net.minecraft.server.MinecraftServer/]: /list [uuids]
[19Apr2026 02:30:12.336] [Server thread/INFO] [net.minecraft.server.MinecraftServer/]: /locate (structure|biome|poi)
[19Apr2026 02:30:12.336] [Server thread/INFO] [net.minecraft.server.MinecraftServer/]: /loot (replace|insert|give|spawn)
[19Apr2026 02:30:12.336] [Server thread/INFO] [net.minecraft.server.MinecraftServer/]: /msg <targets> <message>
[19Apr2026 02:30:12.336] [Server thread/INFO] [net.minecraft.server.MinecraftServer/]: /tell -> msg
[19Apr2026 02:30:12.337] [Server thread/INFO] [net.minecraft.server.MinecraftServer/]: /w -> msg
[19Apr2026 02:30:12.337] [Server thread/INFO] [net.minecraft.server.MinecraftServer/]: /particle <name> [<pos>]
[19Apr2026 02:30:12.337] [Server thread/INFO] [net.minecraft.server.MinecraftServer/]: /place (feature|jigsaw|structure|template)
[19Apr2026 02:30:12.337] [Server thread/INFO] [net.minecraft.server.MinecraftServer/]: /playsound <sound> (master|music|record|weather|block|hostile|neutral|player|ambient|voice)
[19Apr2026 02:30:12.337] [Server thread/INFO] [net.minecraft.server.MinecraftServer/]: /reload
[19Apr2026 02:30:12.337] [Server thread/INFO] [net.minecraft.server.MinecraftServer/]: /recipe (give|take)
[19Apr2026 02:30:12.338] [Server thread/INFO] [net.minecraft.server.MinecraftServer/]: /return <value>
[19Apr2026 02:30:12.338] [Server thread/INFO] [net.minecraft.server.MinecraftServer/]: /ride <target> (mount|dismount)
[19Apr2026 02:30:12.339] [Server thread/INFO] [net.minecraft.server.MinecraftServer/]: /say <message>
[19Apr2026 02:30:12.339] [Server thread/INFO] [net.minecraft.server.MinecraftServer/]: /schedule (function|clear)
[19Apr2026 02:30:12.339] [Server thread/INFO] [net.minecraft.server.MinecraftServer/]: /scoreboard (objectives|players)
[19Apr2026 02:30:12.339] [Server thread/INFO] [net.minecraft.server.MinecraftServer/]: /seed
[19Apr2026 02:30:12.340] [Server thread/INFO] [net.minecraft.server.MinecraftServer/]: /setblock <pos> <block> [destroy|keep|replace]
[19Apr2026 02:30:12.340] [Server thread/INFO] [net.minecraft.server.MinecraftServer/]: /spawnpoint [<targets>]
[19Apr2026 02:30:12.340] [Server thread/INFO] [net.minecraft.server.MinecraftServer/]: /setworldspawn [<pos>]
[19Apr2026 02:30:12.340] [Server thread/INFO] [net.minecraft.server.MinecraftServer/]: /spectate [<target>]
[19Apr2026 02:30:12.341] [Server thread/INFO] [net.minecraft.server.MinecraftServer/]: /spreadplayers <center> <spreadDistance> <maxRange> (<respectTeams>|under)
[19Apr2026 02:30:12.341] [Server thread/INFO] [net.minecraft.server.MinecraftServer/]: /stopsound <targets> [*|master|music|record|weather|block|hostile|neutral|player|ambient|voice]
[19Apr2026 02:30:12.341] [Server thread/INFO] [net.minecraft.server.MinecraftServer/]: /summon <entity> [<pos>]
[19Apr2026 02:30:12.342] [Server thread/INFO] [net.minecraft.server.MinecraftServer/]: /tag <targets> (add|remove|list)
[19Apr2026 02:30:12.342] [Server thread/INFO] [net.minecraft.server.MinecraftServer/]: /team (list|add|remove|empty|join|leave|modify)
[19Apr2026 02:30:12.342] [Server thread/INFO] [net.minecraft.server.MinecraftServer/]: /teammsg <message>
[19Apr2026 02:30:12.342] [Server thread/INFO] [net.minecraft.server.MinecraftServer/]: /tm -> teammsg
[19Apr2026 02:30:12.343] [Server thread/INFO] [net.minecraft.server.MinecraftServer/]: /teleport (<location>|<destination>|<targets>)
[19Apr2026 02:30:12.343] [Server thread/INFO] [net.minecraft.server.MinecraftServer/]: /tp -> teleport
[19Apr2026 02:30:12.343] [Server thread/INFO] [net.minecraft.server.MinecraftServer/]: /tellraw <targets> <message>
[19Apr2026 02:30:12.343] [Server thread/INFO] [net.minecraft.server.MinecraftServer/]: /time (set|add|query)
[19Apr2026 02:30:12.343] [Server thread/INFO] [net.minecraft.server.MinecraftServer/]: /title <targets> (clear|reset|title|subtitle|actionbar|times)
[19Apr2026 02:30:12.344] [Server thread/INFO] [net.minecraft.server.MinecraftServer/]: /trigger <objective> [add|set]
[19Apr2026 02:30:12.344] [Server thread/INFO] [net.minecraft.server.MinecraftServer/]: /weather (clear|rain|thunder)
[19Apr2026 02:30:12.344] [Server thread/INFO] [net.minecraft.server.MinecraftServer/]: /worldborder (add|set|center|damage|get|warning)
[19Apr2026 02:30:12.344] [Server thread/INFO] [net.minecraft.server.MinecraftServer/]: /jfr (start|stop)
[19Apr2026 02:30:12.344] [Server thread/INFO] [net.minecraft.server.MinecraftServer/]: /ban-ip <target> [<reason>]
[19Apr2026 02:30:12.344] [Server thread/INFO] [net.minecraft.server.MinecraftServer/]: /banlist [ips|players]
[19Apr2026 02:30:12.345] [Server thread/INFO] [net.minecraft.server.MinecraftServer/]: /ban <targets> [<reason>]
[19Apr2026 02:30:12.345] [Server thread/INFO] [net.minecraft.server.MinecraftServer/]: /deop <targets>
[19Apr2026 02:30:12.345] [Server thread/INFO] [net.minecraft.server.MinecraftServer/]: /op <targets>
[19Apr2026 02:30:12.345] [Server thread/INFO] [net.minecraft.server.MinecraftServer/]: /pardon <targets>
[19Apr2026 02:30:12.345] [Server thread/INFO] [net.minecraft.server.MinecraftServer/]: /pardon-ip <target>
[19Apr2026 02:30:12.346] [Server thread/INFO] [net.minecraft.server.MinecraftServer/]: /perf (start|stop)
[19Apr2026 02:30:12.347] [Server thread/INFO] [net.minecraft.server.MinecraftServer/]: /save-all [flush]
[19Apr2026 02:30:12.347] [Server thread/INFO] [net.minecraft.server.MinecraftServer/]: /save-off
[19Apr2026 02:30:12.347] [Server thread/INFO] [net.minecraft.server.MinecraftServer/]: /save-on
[19Apr2026 02:30:12.348] [Server thread/INFO] [net.minecraft.server.MinecraftServer/]: /setidletimeout <minutes>
[19Apr2026 02:30:12.348] [Server thread/INFO] [net.minecraft.server.MinecraftServer/]: /stop
[19Apr2026 02:30:12.348] [Server thread/INFO] [net.minecraft.server.MinecraftServer/]: /whitelist (on|off|list|add|remove|reload)
[19Apr2026 02:30:12.348] [Server thread/INFO] [net.minecraft.server.MinecraftServer/]: /back
[19Apr2026 02:30:12.348] [Server thread/INFO] [net.minecraft.server.MinecraftServer/]: /playerspawn
[19Apr2026 02:30:12.349] [Server thread/INFO] [net.minecraft.server.MinecraftServer/]: /teleport_last <player>
[19Apr2026 02:30:12.349] [Server thread/INFO] [net.minecraft.server.MinecraftServer/]: /tpx <dimension>
[19Apr2026 02:30:12.351] [Server thread/INFO] [net.minecraft.server.MinecraftServer/]: /jump
[19Apr2026 02:30:12.351] [Server thread/INFO] [net.minecraft.server.MinecraftServer/]: /heal [<player>]
[19Apr2026 02:30:12.351] [Server thread/INFO] [net.minecraft.server.MinecraftServer/]: /feed [<player>]
[19Apr2026 02:30:12.351] [Server thread/INFO] [net.minecraft.server.MinecraftServer/]: /extinguish [<player>]
[19Apr2026 02:30:12.351] [Server thread/INFO] [net.minecraft.server.MinecraftServer/]: /fly [<player>]
[19Apr2026 02:30:12.352] [Server thread/INFO] [net.minecraft.server.MinecraftServer/]: /speed [<boost_percent>]
[19Apr2026 02:30:12.352] [Server thread/INFO] [net.minecraft.server.MinecraftServer/]: /god [<player>]
[19Apr2026 02:30:12.352] [Server thread/INFO] [net.minecraft.server.MinecraftServer/]: /invsee <player>
[19Apr2026 02:30:12.352] [Server thread/INFO] [net.minecraft.server.MinecraftServer/]: /mute <player> [<until>]
[19Apr2026 02:30:12.353] [Server thread/INFO] [net.minecraft.server.MinecraftServer/]: /unmute <player>
[19Apr2026 02:30:12.353] [Server thread/INFO] [net.minecraft.server.MinecraftServer/]: /tp_offline (name|id)
[19Apr2026 02:30:12.353] [Server thread/INFO] [net.minecraft.server.MinecraftServer/]: /kickme
[19Apr2026 02:30:12.353] [Server thread/INFO] [net.minecraft.server.MinecraftServer/]: /trashcan
[19Apr2026 02:30:12.353] [Server thread/INFO] [net.minecraft.server.MinecraftServer/]: /anvil
[19Apr2026 02:30:12.353] [Server thread/INFO] [net.minecraft.server.MinecraftServer/]: /smithing
[19Apr2026 02:30:12.354] [Server thread/INFO] [net.minecraft.server.MinecraftServer/]: /crafting
[19Apr2026 02:30:12.354] [Server thread/INFO] [net.minecraft.server.MinecraftServer/]: /stonecutter
[19Apr2026 02:30:12.354] [Server thread/INFO] [net.minecraft.server.MinecraftServer/]: /leaderboard (deaths|time_played|deaths_per_hour|player_kills|mob_kills|damage_dealt|jumps|distance_walked|time_since_death)
[19Apr2026 02:30:12.355] [Server thread/INFO] [net.minecraft.server.MinecraftServer/]: /recording
[19Apr2026 02:30:12.355] [Server thread/INFO] [net.minecraft.server.MinecraftServer/]: /streaming
[19Apr2026 02:30:12.355] [Server thread/INFO] [net.minecraft.server.MinecraftServer/]: /near [<radius>|<player>]
[19Apr2026 02:30:12.355] [Server thread/INFO] [net.minecraft.server.MinecraftServer/]: /kit (create_from_player_inv|create_from_player_hotbar|create_from_block_inv|delete|list|show|give|put_in_block_inv|cooldown|reset_cooldown|set_autogrant)
[19Apr2026 02:30:12.355] [Server thread/INFO] [net.minecraft.server.MinecraftServer/]: /ftblibrary (gamemode|rain|day|night|nbtedit|generate_loot_tables)
[19Apr2026 02:30:12.356] [Server thread/INFO] [net.minecraft.server.MinecraftServer/]: /ftbteams (party|server|msg|info|list|force-disband)
[19Apr2026 02:30:12.356] [Server thread/INFO] [net.minecraft.server.MinecraftServer/]: /ftbquests (editing_mode|locked|delete_empty_reward_tables|change_progress|export_reward_table_to_chest|import_reward_table_from_chest|generate_chapter_with_all_items_in_game|reload|block_rewards|open_book|clear_item_display_cache)
[19Apr2026 02:30:12.356] [Server thread/INFO] [net.minecraft.server.MinecraftServer/]: /combat_evolution (particle|execution|entity)
[19Apr2026 02:30:12.356] [Server thread/INFO] [net.minecraft.server.MinecraftServer/]: /modernfix (upgradeStructures|mcfunctions)
[19Apr2026 02:30:12.357] [Server thread/INFO] [net.minecraft.server.MinecraftServer/]: /mfsrc
[19Apr2026 02:30:12.357] [Server thread/INFO] [net.minecraft.server.MinecraftServer/]: /abilitypoints (get|set|add|reset_exp_require)
[19Apr2026 02:30:12.357] [Server thread/INFO] [net.minecraft.server.MinecraftServer/]: /skilltree (reset|unlock|lock)
[19Apr2026 02:30:12.357] [Server thread/INFO] [net.minecraft.server.MinecraftServer/]: /end_island reset [<forceNewPortalPos>]
[19Apr2026 02:30:12.358] [Server thread/INFO] [net.minecraft.server.MinecraftServer/]: /tt_reload
[19Apr2026 02:30:12.358] [Server thread/INFO] [net.minecraft.server.MinecraftServer/]: /dimensiontitle <dimension>
[19Apr2026 02:30:12.358] [Server thread/INFO] [net.minecraft.server.MinecraftServer/]: /biometitle <biome>
[19Apr2026 02:30:12.358] [Server thread/INFO] [net.minecraft.server.MinecraftServer/]: /balm (dev|export)
[19Apr2026 02:30:12.359] [Server thread/INFO] [net.minecraft.server.MinecraftServer/]: /waystones (activate|forget|place|count|list|cooldown)
[19Apr2026 02:30:12.359] [Server thread/INFO] [net.minecraft.server.MinecraftServer/]: /killCamTick set <percent>
[19Apr2026 02:30:12.359] [Server thread/INFO] [net.minecraft.server.MinecraftServer/]: /kambrik (dump|test)
[19Apr2026 02:30:12.359] [Server thread/INFO] [net.minecraft.server.MinecraftServer/]: /structure_gel (savestructures|getspawns|getstructures|getbiomes|viewbounds|building_tool|distance|getfeatures)
[19Apr2026 02:30:12.360] [Server thread/INFO] [net.minecraft.server.MinecraftServer/]: /curios (list|replace|set|add|remove|clear|drop|reset)
[19Apr2026 02:30:12.360] [Server thread/INFO] [net.minecraft.server.MinecraftServer/]: /indestructible <living_entity> (set_phase|rotate_to_target|play)
[19Apr2026 02:30:12.360] [Server thread/INFO] [net.minecraft.server.MinecraftServer/]: /servercore (reload|settings|status)
[19Apr2026 02:30:12.360] [Server thread/INFO] [net.minecraft.server.MinecraftServer/]: /sc -> servercore
[19Apr2026 02:30:12.360] [Server thread/INFO] [net.minecraft.server.MinecraftServer/]: /statistics [entities|block-entities]
[19Apr2026 02:30:12.360] [Server thread/INFO] [net.minecraft.server.MinecraftServer/]: /mobcaps
[19Apr2026 02:30:12.361] [Server thread/INFO] [net.minecraft.server.MinecraftServer/]: /epicfight (mode|skill|stamina|animator)
[19Apr2026 02:30:12.361] [Server thread/INFO] [net.minecraft.server.MinecraftServer/]: /io (report|config)
[19Apr2026 02:30:12.361] [Server thread/INFO] [net.minecraft.server.MinecraftServer/]: /better_structure_block (load_immediately|disable_client_message|destroy_after_load|search_size)
[19Apr2026 02:30:12.361] [Server thread/INFO] [net.minecraft.server.MinecraftServer/]: /forge (tps|track|entity|generate|dimensions|mods|tags)
[19Apr2026 02:30:12.362] [Server thread/INFO] [net.minecraft.server.MinecraftServer/]: /config showfile <mod> <type>
[19Apr2026 02:30:12.362] [Server thread/INFO] [net.minecraft.server.MinecraftServer/]: /fast_tpa_server (cooldown|broadcast|play_sound|format)
[19Apr2026 02:30:12.362] [Server thread/INFO] [net.minecraft.server.MinecraftServer/]: /ponder [reload|index|tags|<scene>]
[19Apr2026 02:30:12.362] [Server thread/INFO] [net.minecraft.server.MinecraftServer/]: /catnip (config|util|u)
[19Apr2026 02:30:12.363] [Server thread/INFO] [net.minecraft.server.MinecraftServer/]: /c (config|util|u)
[19Apr2026 02:30:12.363] [Server thread/INFO] [net.minecraft.server.MinecraftServer/]: /hungerstrike (list|add|remove|mode|setmode)
[19Apr2026 02:30:12.364] [Server thread/INFO] [net.minecraft.server.MinecraftServer/]: /fdlib (animation_test|reload|fix)
[19Apr2026 02:30:12.364] [Server thread/INFO] [net.minecraft.server.MinecraftServer/]: /corgilib
[19Apr2026 02:30:12.364] [Server thread/INFO] [net.minecraft.server.MinecraftServer/]: /lootr [barrel|trapped_chest|chest|shulker|clear|cclear|cart|custom|open_as|open_as_uuid|id|refresh|decay|openers|convert]
[19Apr2026 02:30:12.364] [Server thread/INFO] [net.minecraft.server.MinecraftServer/]: /invincible (setPlayerPhase|resetPhase|setStack|consumeStack|setConsumption|consumeConsumption|consumeStamina|setStamina|<players>|whiteAfterImage|transparentAfterImage|groundSlam)
[19Apr2026 02:30:12.364] [Server thread/INFO] [net.minecraft.server.MinecraftServer/]: /placebo (serialize_loot_table|hand|string_to_obj)
[19Apr2026 02:30:12.364] [Server thread/INFO] [net.minecraft.server.MinecraftServer/]: /bookshelf (font|hand)
[19Apr2026 02:30:12.364] [Server thread/INFO] [net.minecraft.server.MinecraftServer/]: /bo (hand|gen|util)
[19Apr2026 02:30:12.364] [Server thread/INFO] [net.minecraft.server.MinecraftServer/]: /aether (time|eternal_day|player|sun_altar_whitelist)
[19Apr2026 02:30:12.365] [Server thread/INFO] [net.minecraft.server.MinecraftServer/]: /limitedchunks (listActiveTickets|listnonplayerchunktickets)
[19Apr2026 02:30:12.365] [Server thread/INFO] [net.minecraft.server.MinecraftServer/]: /bdtools network (setOwner|addManager|removeManager|addPlayer|removePlayer|create|deleteNet|deleteNetByPlayer)
[19Apr2026 02:30:12.365] [Server thread/INFO] [net.minecraft.server.MinecraftServer/]: /obscure (reload|assign)
[19Apr2026 02:30:12.365] [Server thread/INFO] [net.minecraft.server.MinecraftServer/]: /biomeswevegone reload [spawn]
[19Apr2026 02:30:12.366] [Server thread/INFO] [net.minecraft.server.MinecraftServer/]: /bwg reload [spawn]
[19Apr2026 02:30:12.366] [Server thread/INFO] [net.minecraft.server.MinecraftServer/]: /efne (on|off)
[19Apr2026 02:30:12.366] [Server thread/INFO] [net.minecraft.server.MinecraftServer/]: /tudigong (export_structures|tag|reload_tags)
[19Apr2026 02:30:12.366] [Server thread/INFO] [net.minecraft.server.MinecraftServer/]: /jade (show|hide)
[19Apr2026 02:30:12.367] [Server thread/INFO] [net.minecraft.server.MinecraftServer/]: /supplementaries (globe|registry|reload|configs|roll|cage|record|dimension|map)
[19Apr2026 02:30:12.367] [Server thread/INFO] [net.minecraft.server.MinecraftServer/]: /supp -> supplementaries
[19Apr2026 02:30:12.368] [Server thread/INFO] [net.minecraft.server.MinecraftServer/]: /armourers (config|debug|library|setSkin|giveSkin|clearSkin|exportSkin|setColor|rsyncWardrobe|openWardrobe|itemSkinnable|animation|setUnlockedSlots)
[19Apr2026 02:30:12.368] [Server thread/INFO] [net.minecraft.server.MinecraftServer/]: /createScroll <spell> <level>
[19Apr2026 02:30:12.368] [Server thread/INFO] [net.minecraft.server.MinecraftServer/]: /createSpellBook <slots> [randomize]
[19Apr2026 02:30:12.368] [Server thread/INFO] [net.minecraft.server.MinecraftServer/]: /createImbuedSword <item> <spell> <level>
[19Apr2026 02:30:12.368] [Server thread/INFO] [net.minecraft.server.MinecraftServer/]: /createDebugWizard <spell> <spellLevel> <targetsPlayer> <cancelAfterTicks>
[19Apr2026 02:30:12.368] [Server thread/INFO] [net.minecraft.server.MinecraftServer/]: /cast <casters> <spell> [<level>]
[19Apr2026 02:30:12.370] [Server thread/INFO] [net.minecraft.server.MinecraftServer/]: /mana (set|add|get)
[19Apr2026 02:30:12.370] [Server thread/INFO] [net.minecraft.server.MinecraftServer/]: /modlist
[19Apr2026 02:30:12.371] [Server thread/INFO] [net.minecraft.server.MinecraftServer/]: /learnSpell (forget_all|learn_all|learn)
[19Apr2026 02:30:12.371] [Server thread/INFO] [net.minecraft.server.MinecraftServer/]: /clearCooldowns [all|player]
[19Apr2026 02:30:12.372] [Server thread/INFO] [net.minecraft.server.MinecraftServer/]: /clearRecasts (all|player)
[19Apr2026 02:30:12.372] [Server thread/INFO] [net.minecraft.server.MinecraftServer/]: /ironsSpellbooks (summons|upgrade|it|camera_shake|convert_legacy_config|config)
[19Apr2026 02:30:12.373] [Server thread/INFO] [net.minecraft.server.MinecraftServer/]: /coro config common (reload|save|get|set)
[19Apr2026 02:30:12.373] [Server thread/INFO] [net.minecraft.server.MinecraftServer/]: /tcrcore (debug|difficulty)
[19Apr2026 02:30:12.374] [Server thread/INFO] [net.minecraft.server.MinecraftServer/]: /efn (secludedAttack|fireworks)
[19Apr2026 02:30:12.374] [Server thread/INFO] [net.minecraft.server.MinecraftServer/]: /tick set <percent>
[19Apr2026 02:30:12.375] [Server thread/INFO] [net.minecraft.server.MinecraftServer/]: /clearcosarmor [<targets>]
[19Apr2026 02:30:12.375] [Server thread/INFO] [net.minecraft.server.MinecraftServer/]: /coshat
[19Apr2026 02:30:12.375] [Server thread/INFO] [net.minecraft.server.MinecraftServer/]: /incontrol (debug|kill|reload|showmobs|showstats|clearstats|list|info|days|phases|numbers|area|setphase|setnumber|clearphase)
[19Apr2026 02:30:12.375] [Server thread/INFO] [net.minecraft.server.MinecraftServer/]: /ctrl -> incontrol
[19Apr2026 02:30:12.375] [Server thread/INFO] [net.minecraft.server.MinecraftServer/]: /open-patchouli-book <targets> <book> [<entry>]
[19Apr2026 02:30:12.375] [Server thread/INFO] [net.minecraft.server.MinecraftServer/]: /spark [<args>]
[19Apr2026 02:36:27.864] [Server thread/INFO] [net.minecraft.server.MinecraftServer/]: Unknown or incomplete command, see below for error
[19Apr2026 02:36:27.865] [Server thread/INFO] [net.minecraft.server.MinecraftServer/]: hep<--[HERE]
[19Apr2026 02:48:10.715] [Server thread/INFO] [com.yesman.epicskills.EpicSkills/]: wom:acrobat is disabled.
[19Apr2026 02:48:10.715] [Server thread/INFO] [com.yesman.epicskills.EpicSkills/]: epicskills:infernal_might is disabled.
[19Apr2026 02:48:10.715] [Server thread/WARN] [com.yesman.epicskills.EpicSkills/]: Unknown skill tree id: dodge_parry_reward:passive_old
[19Apr2026 02:48:10.716] [Server thread/INFO] [com.yesman.epicskills.EpicSkills/]: sword_soaring:sword_soaring_skills is disabled.
[19Apr2026 02:48:10.728] [Server thread/INFO] [net.minecraft.server.players.PlayerList/]: Kokuuuuuun[/100.80.78.143:54800] logged in with entity id 247 at (602.5, 69.0, 555.5)
[19Apr2026 02:48:10.794] [Server thread/INFO] [io.redspace.ironsspellbooks.IronsSpellbooks/]: Read 3 spell config files (0 ms)
[19Apr2026 02:48:10.817] [Server thread/INFO] [ModernFix/]: Using enhanced recipe sync for player Kokuuuuuun
[19Apr2026 02:48:10.833] [Server thread/INFO] [net.minecraft.server.MinecraftServer/]: Kokuuuuuun joined the game
[19Apr2026 02:48:11.541] [Server thread/INFO] [Jade/]: Syncing config to Kokuuuuuun (63e56658-f2fe-323b-a286-4d88d1de7dcd)
[19Apr2026 02:48:58.480] [Server thread/INFO] [net.minecraft.server.network.ServerGamePacketListenerImpl/]: Kokuuuuuun lost connection: Timed out
[19Apr2026 02:48:58.480] [Server thread/INFO] [net.minecraft.server.MinecraftServer/]: Kokuuuuuun left the game
[19Apr2026 02:49:46.664] [Server thread/INFO] [com.yesman.epicskills.EpicSkills/]: wom:acrobat is disabled.
[19Apr2026 02:49:46.665] [Server thread/INFO] [com.yesman.epicskills.EpicSkills/]: epicskills:infernal_might is disabled.
[19Apr2026 02:49:46.665] [Server thread/WARN] [com.yesman.epicskills.EpicSkills/]: Unknown skill tree id: dodge_parry_reward:passive_old
[19Apr2026 02:49:46.665] [Server thread/INFO] [com.yesman.epicskills.EpicSkills/]: sword_soaring:sword_soaring_skills is disabled.
[19Apr2026 02:49:46.695] [Server thread/INFO] [net.minecraft.server.players.PlayerList/]: Kokuuuuuun[/100.80.78.143:49340] logged in with entity id 551273 at (-2.5, 75.5, -189.5)
[19Apr2026 02:49:46.715] [Server thread/INFO] [ModernFix/]: Using enhanced recipe sync for player Kokuuuuuun
[19Apr2026 02:49:46.719] [Server thread/INFO] [net.minecraft.server.MinecraftServer/]: Kokuuuuuun joined the game
[19Apr2026 02:49:46.768] [Server thread/INFO] [Jade/]: Syncing config to Kokuuuuuun (63e56658-f2fe-323b-a286-4d88d1de7dcd)
[19Apr2026 02:50:17.132] [Server thread/INFO] [com.yesman.epicskills.EpicSkills/]: wom:acrobat is disabled.
[19Apr2026 02:50:17.132] [Server thread/INFO] [com.yesman.epicskills.EpicSkills/]: epicskills:infernal_might is disabled.
[19Apr2026 02:50:17.133] [Server thread/WARN] [com.yesman.epicskills.EpicSkills/]: Unknown skill tree id: dodge_parry_reward:passive_old
[19Apr2026 02:50:17.133] [Server thread/INFO] [com.yesman.epicskills.EpicSkills/]: sword_soaring:sword_soaring_skills is disabled.
[19Apr2026 02:50:17.136] [Server thread/INFO] [net.minecraft.server.players.PlayerList/]: Plataer_[/100.80.53.160:56312] logged in with entity id 924527 at (596.5, 69.0, 551.5)
[19Apr2026 02:50:17.150] [Server thread/INFO] [ModernFix/]: Using enhanced recipe sync for player Plataer_
[19Apr2026 02:50:17.155] [Server thread/INFO] [net.minecraft.server.MinecraftServer/]: Plataer_ joined the game
[19Apr2026 02:50:17.325] [Server thread/INFO] [Jade/]: Syncing config to Plataer_ (105409d4-6dda-383c-b023-0b18f3ecb934)
[19Apr2026 02:50:59.430] [Server thread/INFO] [net.minecraft.server.network.ServerGamePacketListenerImpl/]: Plataer_ lost connection: Timed out
[19Apr2026 02:50:59.430] [Server thread/INFO] [net.minecraft.server.MinecraftServer/]: Plataer_ left the game
[19Apr2026 02:51:21.630] [Server thread/INFO] [com.yesman.epicskills.EpicSkills/]: wom:acrobat is disabled.
[19Apr2026 02:51:21.630] [Server thread/INFO] [com.yesman.epicskills.EpicSkills/]: epicskills:infernal_might is disabled.
[19Apr2026 02:51:21.630] [Server thread/WARN] [com.yesman.epicskills.EpicSkills/]: Unknown skill tree id: dodge_parry_reward:passive_old
[19Apr2026 02:51:21.630] [Server thread/INFO] [com.yesman.epicskills.EpicSkills/]: sword_soaring:sword_soaring_skills is disabled.
[19Apr2026 02:51:21.645] [Server thread/INFO] [net.minecraft.server.players.PlayerList/]: Plataer_[/100.80.53.160:61643] logged in with entity id 1752878 at (-2.5, 75.5, -189.5)
[19Apr2026 02:51:21.656] [Server thread/INFO] [ModernFix/]: Using enhanced recipe sync for player Plataer_
[19Apr2026 02:51:21.661] [Server thread/INFO] [net.minecraft.server.MinecraftServer/]: Plataer_ joined the game
[19Apr2026 02:51:21.735] [Server thread/INFO] [Jade/]: Syncing config to Plataer_ (105409d4-6dda-383c-b023-0b18f3ecb934)
[19Apr2026 02:51:47.244] [Server thread/INFO] [net.minecraft.server.MinecraftServer/]: Made Kokuuuuuun a server operator
[19Apr2026 02:52:11.487] [Server thread/INFO] [net.minecraft.server.MinecraftServer/]: [Not Secure] <Kokuuuuuun> hay un mod
[19Apr2026 02:52:15.997] [Server thread/INFO] [net.minecraft.server.MinecraftServer/]: [Not Secure] <Kokuuuuuun> llamado skinoffline
[19Apr2026 02:55:47.208] [Server thread/INFO] [net.minecraft.server.MinecraftServer/]: [Not Secure] <Plataer_> a
[19Apr2026 02:56:05.342] [Server thread/INFO] [net.minecraft.server.MinecraftServer/]: [Not Secure] <Kokuuuuuun> tp
[19Apr2026 02:56:53.676] [Server thread/INFO] [net.minecraft.server.MinecraftServer/]: Plataer_ has made the advancement [Best Friends Forever]
[19Apr2026 02:56:53.678] [Server thread/INFO] [net.minecraft.server.MinecraftServer/]: Plataer_ has made the advancement [Dragon Tamer]
[19Apr2026 02:57:21.286] [Worker-Main-41/WARN] [lithostitched/]: Non-existent template pool reference: minecraft:
[19Apr2026 02:57:24.642] [Worker-Main-41/WARN] [lithostitched/]: Non-existent template pool reference: minecraft:
[19Apr2026 02:57:30.047] [Worker-Main-41/WARN] [lithostitched/]: Non-existent template pool reference: minecraft:
[19Apr2026 02:57:30.296] [Worker-Main-41/WARN] [lithostitched/]: Non-existent template pool reference: minecraft:
[19Apr2026 02:57:35.695] [Worker-Main-32/WARN] [lithostitched/]: Non-existent template pool reference: minecraft:
[19Apr2026 02:57:36.310] [Worker-Main-32/WARN] [lithostitched/]: Non-existent template pool reference: minecraft:
[19Apr2026 02:57:36.501] [Worker-Main-32/WARN] [lithostitched/]: Non-existent template pool reference: minecraft:
[19Apr2026 02:57:36.770] [Worker-Main-32/WARN] [lithostitched/]: Non-existent template pool reference: minecraft:
[19Apr2026 02:57:39.702] [Server thread/INFO] [net.minecraft.server.commands.LocateCommand/]: Locating element #tcrcore:villages_to_spawn (minecraft:village_taiga) took 25719 ms
[19Apr2026 02:57:42.331] [spark-async-sampler-worker-thread/WARN] [spark/]: Timed out waiting for world statistics
[19Apr2026 02:57:55.825] [Server thread/WARN] [net.minecraft.server.MinecraftServer/]: Can't keep up! Is the server overloaded? Running 41861ms or 837 ticks behind
[19Apr2026 02:57:58.497] [Server thread/WARN] [net.minecraft.server.network.ServerGamePacketListenerImpl/]: Kokuuuuuun moved too quickly! 0.2793146697156317,3.0,-9.725049871077857
[19Apr2026 02:57:58.675] [Server thread/INFO] [net.minecraft.server.MinecraftServer/]: [Not Secure] <Kokuuuuuun> as
[19Apr2026 02:57:58.675] [Server thread/INFO] [net.minecraft.server.MinecraftServer/]: [Not Secure] <Kokuuuuuun> as
[19Apr2026 02:58:09.528] [Server thread/INFO] [net.minecraft.server.MinecraftServer/]: Kokuuuuuun has made the advancement [Best Friends Forever]
[19Apr2026 02:58:09.531] [Server thread/INFO] [net.minecraft.server.MinecraftServer/]: Kokuuuuuun has made the advancement [Dragon Tamer]
[19Apr2026 02:58:13.958] [Server thread/WARN] [net.minecraft.server.MinecraftServer/]: Can't keep up! Is the server overloaded? Running 3144ms or 62 ticks behind
[19Apr2026 02:58:22.323] [Server thread/INFO] [net.minecraft.server.MinecraftServer/]: Plataer_ has made the advancement [Sweet Dreams]
[19Apr2026 02:58:30.111] [Server thread/INFO] [net.minecraft.server.MinecraftServer/]: Plataer_ has made the advancement ['X' Marks the Spot]
[19Apr2026 03:00:00.736] [Worker-Main-30/ERROR] [net.minecraft.world.entity.decoration.HangingEntity/]: Hanging entity at invalid position: BlockPos{x=-67, y=8, z=191}
[19Apr2026 03:00:00.737] [Worker-Main-30/ERROR] [net.minecraft.world.entity.decoration.HangingEntity/]: Hanging entity at invalid position: BlockPos{x=-68, y=8, z=191}
[19Apr2026 03:00:00.737] [Worker-Main-30/ERROR] [net.minecraft.world.entity.decoration.HangingEntity/]: Hanging entity at invalid position: BlockPos{x=-72, y=8, z=188}
[19Apr2026 03:00:00.737] [Worker-Main-30/ERROR] [net.minecraft.world.entity.decoration.HangingEntity/]: Hanging entity at invalid position: BlockPos{x=-69, y=8, z=192}
[19Apr2026 03:00:00.737] [Worker-Main-30/ERROR] [net.minecraft.world.entity.decoration.HangingEntity/]: Hanging entity at invalid position: BlockPos{x=-67, y=8, z=192}
[19Apr2026 03:00:00.737] [Worker-Main-30/ERROR] [net.minecraft.world.entity.decoration.HangingEntity/]: Hanging entity at invalid position: BlockPos{x=-66, y=8, z=192}
[19Apr2026 03:00:00.738] [Worker-Main-30/ERROR] [net.minecraft.world.entity.decoration.HangingEntity/]: Hanging entity at invalid position: BlockPos{x=-69, y=8, z=195}
[19Apr2026 03:00:00.738] [Worker-Main-30/ERROR] [net.minecraft.world.entity.decoration.HangingEntity/]: Hanging entity at invalid position: BlockPos{x=-69, y=8, z=196}
[19Apr2026 03:00:00.738] [Worker-Main-30/ERROR] [net.minecraft.world.entity.decoration.HangingEntity/]: Hanging entity at invalid position: BlockPos{x=-68, y=8, z=195}
[19Apr2026 03:00:00.738] [Worker-Main-30/ERROR] [net.minecraft.world.entity.decoration.HangingEntity/]: Hanging entity at invalid position: BlockPos{x=-67, y=8, z=196}
[19Apr2026 03:00:00.738] [Worker-Main-30/ERROR] [net.minecraft.world.entity.decoration.HangingEntity/]: Hanging entity at invalid position: BlockPos{x=-66, y=8, z=195}
[19Apr2026 03:00:00.739] [Worker-Main-30/ERROR] [net.minecraft.world.entity.decoration.HangingEntity/]: Hanging entity at invalid position: BlockPos{x=-63, y=8, z=191}
[19Apr2026 03:00:00.739] [Worker-Main-30/ERROR] [net.minecraft.world.entity.decoration.HangingEntity/]: Hanging entity at invalid position: BlockPos{x=-63, y=8, z=193}
[19Apr2026 03:00:00.739] [Worker-Main-30/ERROR] [net.minecraft.world.entity.decoration.HangingEntity/]: Hanging entity at invalid position: BlockPos{x=-62, y=8, z=193}
[19Apr2026 03:00:00.739] [Worker-Main-30/ERROR] [net.minecraft.world.entity.decoration.HangingEntity/]: Hanging entity at invalid position: BlockPos{x=-62, y=8, z=194}
[19Apr2026 03:00:00.740] [Worker-Main-30/ERROR] [net.minecraft.world.entity.decoration.HangingEntity/]: Hanging entity at invalid position: BlockPos{x=-62, y=8, z=196}
[19Apr2026 03:00:00.740] [Worker-Main-30/ERROR] [net.minecraft.world.entity.decoration.HangingEntity/]: Hanging entity at invalid position: BlockPos{x=-63, y=8, z=196}
[19Apr2026 03:00:00.742] [Worker-Main-30/ERROR] [net.minecraft.world.entity.decoration.HangingEntity/]: Hanging entity at invalid position: BlockPos{x=-67, y=8, z=191}
[19Apr2026 03:00:00.743] [Worker-Main-30/ERROR] [net.minecraft.world.entity.decoration.HangingEntity/]: Hanging entity at invalid position: BlockPos{x=-68, y=8, z=191}
[19Apr2026 03:00:00.743] [Worker-Main-30/ERROR] [net.minecraft.world.entity.decoration.HangingEntity/]: Hanging entity at invalid position: BlockPos{x=-72, y=8, z=188}
[19Apr2026 03:00:00.743] [Worker-Main-30/ERROR] [net.minecraft.world.entity.decoration.HangingEntity/]: Hanging entity at invalid position: BlockPos{x=-69, y=8, z=192}
[19Apr2026 03:00:00.743] [Worker-Main-30/ERROR] [net.minecraft.world.entity.decoration.HangingEntity/]: Hanging entity at invalid position: BlockPos{x=-67, y=8, z=192}
[19Apr2026 03:00:00.743] [Worker-Main-30/ERROR] [net.minecraft.world.entity.decoration.HangingEntity/]: Hanging entity at invalid position: BlockPos{x=-66, y=8, z=192}
[19Apr2026 03:00:00.744] [Worker-Main-30/ERROR] [net.minecraft.world.entity.decoration.HangingEntity/]: Hanging entity at invalid position: BlockPos{x=-69, y=8, z=195}
[19Apr2026 03:00:00.744] [Worker-Main-30/ERROR] [net.minecraft.world.entity.decoration.HangingEntity/]: Hanging entity at invalid position: BlockPos{x=-69, y=8, z=196}
[19Apr2026 03:00:00.744] [Worker-Main-30/ERROR] [net.minecraft.world.entity.decoration.HangingEntity/]: Hanging entity at invalid position: BlockPos{x=-68, y=8, z=195}
[19Apr2026 03:00:00.744] [Worker-Main-30/ERROR] [net.minecraft.world.entity.decoration.HangingEntity/]: Hanging entity at invalid position: BlockPos{x=-67, y=8, z=196}
[19Apr2026 03:00:00.745] [Worker-Main-30/ERROR] [net.minecraft.world.entity.decoration.HangingEntity/]: Hanging entity at invalid position: BlockPos{x=-66, y=8, z=195}
[19Apr2026 03:00:00.745] [Worker-Main-30/ERROR] [net.minecraft.world.entity.decoration.HangingEntity/]: Hanging entity at invalid position: BlockPos{x=-63, y=8, z=191}
[19Apr2026 03:00:00.745] [Worker-Main-30/ERROR] [net.minecraft.world.entity.decoration.HangingEntity/]: Hanging entity at invalid position: BlockPos{x=-63, y=8, z=193}
[19Apr2026 03:00:00.745] [Worker-Main-30/ERROR] [net.minecraft.world.entity.decoration.HangingEntity/]: Hanging entity at invalid position: BlockPos{x=-62, y=8, z=193}
[19Apr2026 03:00:00.746] [Worker-Main-30/ERROR] [net.minecraft.world.entity.decoration.HangingEntity/]: Hanging entity at invalid position: BlockPos{x=-62, y=8, z=194}
[19Apr2026 03:00:00.746] [Worker-Main-30/ERROR] [net.minecraft.world.entity.decoration.HangingEntity/]: Hanging entity at invalid position: BlockPos{x=-62, y=8, z=196}
[19Apr2026 03:00:00.746] [Worker-Main-30/ERROR] [net.minecraft.world.entity.decoration.HangingEntity/]: Hanging entity at invalid position: BlockPos{x=-63, y=8, z=196}
[19Apr2026 03:00:04.073] [Server thread/WARN] [net.minecraft.server.MinecraftServer/]: Can't keep up! Is the server overloaded? Running 4859ms or 97 ticks behind
[19Apr2026 03:00:04.150] [Server thread/WARN] [net.minecraft.server.network.ServerGamePacketListenerImpl/]: Kokuuuuuun moved too quickly! 1.6745673044423341,-0.5772094770009772,10.00208341109257
[19Apr2026 03:01:01.726] [Server thread/INFO] [net.minecraft.server.MinecraftServer/]: Plataer_ has made the advancement [TuDi Temple]
[19Apr2026 03:01:38.076] [Server thread/INFO] [net.minecraft.server.MinecraftServer/]: Kokuuuuuun has made the advancement [TuDi Temple]
[19Apr2026 03:01:53.321] [Server thread/INFO] [net.minecraft.server.MinecraftServer/]: Plataer_ was slain by Iron Golem
[19Apr2026 03:02:00.590] [Server thread/INFO] [com.yesman.epicskills.EpicSkills/]: wom:acrobat is disabled.
[19Apr2026 03:02:00.590] [Server thread/INFO] [com.yesman.epicskills.EpicSkills/]: epicskills:infernal_might is disabled.
[19Apr2026 03:02:00.590] [Server thread/WARN] [com.yesman.epicskills.EpicSkills/]: Unknown skill tree id: dodge_parry_reward:passive_old
[19Apr2026 03:02:00.591] [Server thread/INFO] [com.yesman.epicskills.EpicSkills/]: sword_soaring:sword_soaring_skills is disabled.
[19Apr2026 03:02:05.971] [Server thread/INFO] [net.minecraft.server.MinecraftServer/]: Kokuuuuuun was slain by Iron Golem
[19Apr2026 03:02:14.186] [Server thread/INFO] [com.yesman.epicskills.EpicSkills/]: wom:acrobat is disabled.
[19Apr2026 03:02:14.187] [Server thread/INFO] [com.yesman.epicskills.EpicSkills/]: epicskills:infernal_might is disabled.
[19Apr2026 03:02:14.187] [Server thread/WARN] [com.yesman.epicskills.EpicSkills/]: Unknown skill tree id: dodge_parry_reward:passive_old
[19Apr2026 03:02:14.187] [Server thread/INFO] [com.yesman.epicskills.EpicSkills/]: sword_soaring:sword_soaring_skills is disabled.
[19Apr2026 03:02:50.200] [Worker-Main-41/ERROR] [net.minecraft.world.entity.decoration.HangingEntity/]: Hanging entity at invalid position: BlockPos{x=-67, y=8, z=191}
[19Apr2026 03:02:50.201] [Worker-Main-41/ERROR] [net.minecraft.world.entity.decoration.HangingEntity/]: Hanging entity at invalid position: BlockPos{x=-68, y=8, z=191}
[19Apr2026 03:02:50.201] [Worker-Main-41/ERROR] [net.minecraft.world.entity.decoration.HangingEntity/]: Hanging entity at invalid position: BlockPos{x=-72, y=8, z=188}
[19Apr2026 03:02:50.201] [Worker-Main-41/ERROR] [net.minecraft.world.entity.decoration.HangingEntity/]: Hanging entity at invalid position: BlockPos{x=-69, y=8, z=192}
[19Apr2026 03:02:50.202] [Worker-Main-41/ERROR] [net.minecraft.world.entity.decoration.HangingEntity/]: Hanging entity at invalid position: BlockPos{x=-67, y=8, z=192}
[19Apr2026 03:02:50.202] [Worker-Main-41/ERROR] [net.minecraft.world.entity.decoration.HangingEntity/]: Hanging entity at invalid position: BlockPos{x=-66, y=8, z=192}
[19Apr2026 03:02:50.202] [Worker-Main-41/ERROR] [net.minecraft.world.entity.decoration.HangingEntity/]: Hanging entity at invalid position: BlockPos{x=-69, y=8, z=195}
[19Apr2026 03:02:50.202] [Worker-Main-41/ERROR] [net.minecraft.world.entity.decoration.HangingEntity/]: Hanging entity at invalid position: BlockPos{x=-69, y=8, z=196}
[19Apr2026 03:02:50.202] [Worker-Main-41/ERROR] [net.minecraft.world.entity.decoration.HangingEntity/]: Hanging entity at invalid position: BlockPos{x=-68, y=8, z=195}
[19Apr2026 03:02:50.203] [Worker-Main-41/ERROR] [net.minecraft.world.entity.decoration.HangingEntity/]: Hanging entity at invalid position: BlockPos{x=-67, y=8, z=196}
[19Apr2026 03:02:50.203] [Worker-Main-41/ERROR] [net.minecraft.world.entity.decoration.HangingEntity/]: Hanging entity at invalid position: BlockPos{x=-66, y=8, z=195}
[19Apr2026 03:02:50.203] [Worker-Main-41/ERROR] [net.minecraft.world.entity.decoration.HangingEntity/]: Hanging entity at invalid position: BlockPos{x=-63, y=8, z=191}
[19Apr2026 03:02:50.203] [Worker-Main-41/ERROR] [net.minecraft.world.entity.decoration.HangingEntity/]: Hanging entity at invalid position: BlockPos{x=-63, y=8, z=193}
[19Apr2026 03:02:50.203] [Worker-Main-41/ERROR] [net.minecraft.world.entity.decoration.HangingEntity/]: Hanging entity at invalid position: BlockPos{x=-62, y=8, z=193}
[19Apr2026 03:02:50.204] [Worker-Main-41/ERROR] [net.minecraft.world.entity.decoration.HangingEntity/]: Hanging entity at invalid position: BlockPos{x=-62, y=8, z=194}
[19Apr2026 03:02:50.204] [Worker-Main-41/ERROR] [net.minecraft.world.entity.decoration.HangingEntity/]: Hanging entity at invalid position: BlockPos{x=-62, y=8, z=196}
[19Apr2026 03:02:50.204] [Worker-Main-41/ERROR] [net.minecraft.world.entity.decoration.HangingEntity/]: Hanging entity at invalid position: BlockPos{x=-63, y=8, z=196}
[19Apr2026 03:02:50.206] [Worker-Main-41/ERROR] [net.minecraft.world.entity.decoration.HangingEntity/]: Hanging entity at invalid position: BlockPos{x=-67, y=8, z=191}
[19Apr2026 03:02:50.206] [Worker-Main-41/ERROR] [net.minecraft.world.entity.decoration.HangingEntity/]: Hanging entity at invalid position: BlockPos{x=-68, y=8, z=191}
[19Apr2026 03:02:50.206] [Worker-Main-41/ERROR] [net.minecraft.world.entity.decoration.HangingEntity/]: Hanging entity at invalid position: BlockPos{x=-72, y=8, z=188}
[19Apr2026 03:02:50.206] [Worker-Main-41/ERROR] [net.minecraft.world.entity.decoration.HangingEntity/]: Hanging entity at invalid position: BlockPos{x=-69, y=8, z=192}
[19Apr2026 03:02:50.206] [Worker-Main-41/ERROR] [net.minecraft.world.entity.decoration.HangingEntity/]: Hanging entity at invalid position: BlockPos{x=-67, y=8, z=192}
[19Apr2026 03:02:50.207] [Worker-Main-41/ERROR] [net.minecraft.world.entity.decoration.HangingEntity/]: Hanging entity at invalid position: BlockPos{x=-66, y=8, z=192}
[19Apr2026 03:02:50.207] [Worker-Main-41/ERROR] [net.minecraft.world.entity.decoration.HangingEntity/]: Hanging entity at invalid position: BlockPos{x=-69, y=8, z=195}
[19Apr2026 03:02:50.207] [Worker-Main-41/ERROR] [net.minecraft.world.entity.decoration.HangingEntity/]: Hanging entity at invalid position: BlockPos{x=-69, y=8, z=196}
[19Apr2026 03:02:50.207] [Worker-Main-41/ERROR] [net.minecraft.world.entity.decoration.HangingEntity/]: Hanging entity at invalid position: BlockPos{x=-68, y=8, z=195}
[19Apr2026 03:02:50.207] [Worker-Main-41/ERROR] [net.minecraft.world.entity.decoration.HangingEntity/]: Hanging entity at invalid position: BlockPos{x=-67, y=8, z=196}
[19Apr2026 03:02:50.208] [Worker-Main-41/ERROR] [net.minecraft.world.entity.decoration.HangingEntity/]: Hanging entity at invalid position: BlockPos{x=-66, y=8, z=195}
[19Apr2026 03:02:50.208] [Worker-Main-41/ERROR] [net.minecraft.world.entity.decoration.HangingEntity/]: Hanging entity at invalid position: BlockPos{x=-63, y=8, z=191}
[19Apr2026 03:02:50.208] [Worker-Main-41/ERROR] [net.minecraft.world.entity.decoration.HangingEntity/]: Hanging entity at invalid position: BlockPos{x=-63, y=8, z=193}
[19Apr2026 03:02:50.208] [Worker-Main-41/ERROR] [net.minecraft.world.entity.decoration.HangingEntity/]: Hanging entity at invalid position: BlockPos{x=-62, y=8, z=193}
[19Apr2026 03:02:50.209] [Worker-Main-41/ERROR] [net.minecraft.world.entity.decoration.HangingEntity/]: Hanging entity at invalid position: BlockPos{x=-62, y=8, z=194}
[19Apr2026 03:02:50.209] [Worker-Main-41/ERROR] [net.minecraft.world.entity.decoration.HangingEntity/]: Hanging entity at invalid position: BlockPos{x=-62, y=8, z=196}
[19Apr2026 03:02:50.209] [Worker-Main-41/ERROR] [net.minecraft.world.entity.decoration.HangingEntity/]: Hanging entity at invalid position: BlockPos{x=-63, y=8, z=196}
[19Apr2026 03:02:54.078] [Server thread/WARN] [net.minecraft.server.MinecraftServer/]: Can't keep up! Is the server overloaded? Running 8465ms or 169 ticks behind
[19Apr2026 03:02:54.103] [Server thread/WARN] [net.minecraft.server.network.ServerGamePacketListenerImpl/]: Plataer_ moved too quickly! -2.1554830484085414,-0.9375,-9.762539361587045
[19Apr2026 03:03:38.382] [Server thread/INFO] [net.minecraft.server.MinecraftServer/]: Plataer_ has made the advancement [Monster Hunter]
[19Apr2026 03:03:40.546] [Server thread/INFO] [net.minecraft.server.MinecraftServer/]: Kokuuuuuun has made the advancement ['X' Marks the Spot]
[19Apr2026 03:04:14.733] [Server thread/INFO] [net.minecraft.server.MinecraftServer/]: Plataer_ was shot by Pillager
[19Apr2026 03:04:21.639] [Server thread/INFO] [com.yesman.epicskills.EpicSkills/]: wom:acrobat is disabled.
[19Apr2026 03:04:21.639] [Server thread/INFO] [com.yesman.epicskills.EpicSkills/]: epicskills:infernal_might is disabled.
[19Apr2026 03:04:21.639] [Server thread/WARN] [com.yesman.epicskills.EpicSkills/]: Unknown skill tree id: dodge_parry_reward:passive_old
[19Apr2026 03:04:21.639] [Server thread/INFO] [com.yesman.epicskills.EpicSkills/]: sword_soaring:sword_soaring_skills is disabled.
[19Apr2026 03:06:39.825] [Server thread/INFO] [net.minecraft.server.MinecraftServer/]: Plataer_ has made the advancement [Diamonds!]
[19Apr2026 03:06:50.777] [Server thread/INFO] [net.minecraft.server.MinecraftServer/]: Kokuuuuuun has made the advancement [Monster Hunter]
[19Apr2026 03:10:12.780] [Server thread/INFO] [net.minecraft.server.MinecraftServer/]: Kokuuuuuun has made the advancement [Diamonds!]
[19Apr2026 03:10:56.678] [Server thread/INFO] [net.minecraft.server.MinecraftServer/]: Kokuuuuuun was slain by Vex
[19Apr2026 03:11:09.938] [Server thread/INFO] [com.yesman.epicskills.EpicSkills/]: wom:acrobat is disabled.
[19Apr2026 03:11:09.938] [Server thread/INFO] [com.yesman.epicskills.EpicSkills/]: epicskills:infernal_might is disabled.
[19Apr2026 03:11:09.938] [Server thread/WARN] [com.yesman.epicskills.EpicSkills/]: Unknown skill tree id: dodge_parry_reward:passive_old
[19Apr2026 03:11:09.938] [Server thread/INFO] [com.yesman.epicskills.EpicSkills/]: sword_soaring:sword_soaring_skills is disabled.
[19Apr2026 03:11:19.503] [Server thread/INFO] [net.minecraft.server.MinecraftServer/]: Plataer_ has made the advancement [Barrel Booty]
[19Apr2026 03:11:20.937] [Server thread/INFO] [net.minecraft.server.MinecraftServer/]: Plataer_ has made the advancement [Suit Up]
[19Apr2026 03:11:51.282] [Server thread/INFO] [net.minecraft.server.MinecraftServer/]: Kokuuuuuun has made the advancement [First Accessory!]
[19Apr2026 03:11:58.898] [Server thread/INFO] [net.minecraft.server.MinecraftServer/]: [Kokuuuuuun: Teleported Kokuuuuuun to Plataer_]
[19Apr2026 03:12:04.127] [Server thread/INFO] [net.minecraft.server.MinecraftServer/]: Kokuuuuuun has made the advancement [Suit Up]
[19Apr2026 03:13:01.073] [Server thread/INFO] [net.minecraft.server.MinecraftServer/]: Kokuuuuuun was slain by Vex
[19Apr2026 03:13:08.341] [Server thread/INFO] [com.yesman.epicskills.EpicSkills/]: wom:acrobat is disabled.
[19Apr2026 03:13:08.341] [Server thread/INFO] [com.yesman.epicskills.EpicSkills/]: epicskills:infernal_might is disabled.
[19Apr2026 03:13:08.341] [Server thread/WARN] [com.yesman.epicskills.EpicSkills/]: Unknown skill tree id: dodge_parry_reward:passive_old
[19Apr2026 03:13:08.341] [Server thread/INFO] [com.yesman.epicskills.EpicSkills/]: sword_soaring:sword_soaring_skills is disabled.
[19Apr2026 03:13:33.375] [Server thread/INFO] [net.minecraft.server.MinecraftServer/]: Kokuuuuuun was shot by Pillager
[19Apr2026 03:13:37.475] [Server thread/INFO] [net.minecraft.server.MinecraftServer/]: Plataer_ has made the advancement [Not Today, Thank You]
[19Apr2026 03:13:40.979] [Server thread/INFO] [com.yesman.epicskills.EpicSkills/]: wom:acrobat is disabled.
[19Apr2026 03:13:40.979] [Server thread/INFO] [com.yesman.epicskills.EpicSkills/]: epicskills:infernal_might is disabled.
[19Apr2026 03:13:40.980] [Server thread/WARN] [com.yesman.epicskills.EpicSkills/]: Unknown skill tree id: dodge_parry_reward:passive_old
[19Apr2026 03:13:40.980] [Server thread/INFO] [com.yesman.epicskills.EpicSkills/]: sword_soaring:sword_soaring_skills is disabled.
[19Apr2026 03:13:51.652] [Server thread/INFO] [net.minecraft.server.MinecraftServer/]: Kokuuuuuun has made the advancement [Barrel Booty]
[19Apr2026 03:14:35.377] [Server thread/INFO] [net.minecraft.server.MinecraftServer/]: Kokuuuuuun was slain by Vex
[19Apr2026 03:14:41.960] [Server thread/INFO] [com.yesman.epicskills.EpicSkills/]: wom:acrobat is disabled.
[19Apr2026 03:14:41.961] [Server thread/INFO] [com.yesman.epicskills.EpicSkills/]: epicskills:infernal_might is disabled.
[19Apr2026 03:14:41.961] [Server thread/WARN] [com.yesman.epicskills.EpicSkills/]: Unknown skill tree id: dodge_parry_reward:passive_old
[19Apr2026 03:14:41.961] [Server thread/INFO] [com.yesman.epicskills.EpicSkills/]: sword_soaring:sword_soaring_skills is disabled.
[19Apr2026 03:14:42.064] [Server thread/INFO] [net.minecraft.server.MinecraftServer/]: Plataer_ was killed by Evoker using magic
[19Apr2026 03:14:49.142] [Server thread/INFO] [com.yesman.epicskills.EpicSkills/]: wom:acrobat is disabled.
[19Apr2026 03:14:49.142] [Server thread/INFO] [com.yesman.epicskills.EpicSkills/]: epicskills:infernal_might is disabled.
[19Apr2026 03:14:49.142] [Server thread/WARN] [com.yesman.epicskills.EpicSkills/]: Unknown skill tree id: dodge_parry_reward:passive_old
[19Apr2026 03:14:49.142] [Server thread/INFO] [com.yesman.epicskills.EpicSkills/]: sword_soaring:sword_soaring_skills is disabled.
[19Apr2026 03:15:00.023] [Server thread/INFO] [net.minecraft.server.MinecraftServer/]: Kokuuuuuun has made the advancement [Acquire Hardware]
[19Apr2026 03:15:06.671] [Server thread/INFO] [net.minecraft.server.MinecraftServer/]: Kokuuuuuun was slain by Vindicator
[19Apr2026 03:15:13.473] [Server thread/INFO] [com.yesman.epicskills.EpicSkills/]: wom:acrobat is disabled.
[19Apr2026 03:15:13.473] [Server thread/INFO] [com.yesman.epicskills.EpicSkills/]: epicskills:infernal_might is disabled.
[19Apr2026 03:15:13.473] [Server thread/WARN] [com.yesman.epicskills.EpicSkills/]: Unknown skill tree id: dodge_parry_reward:passive_old
[19Apr2026 03:15:13.473] [Server thread/INFO] [com.yesman.epicskills.EpicSkills/]: sword_soaring:sword_soaring_skills is disabled.
[19Apr2026 03:15:28.823] [Server thread/INFO] [net.minecraft.server.MinecraftServer/]: Plataer_ was slain by Vex
[19Apr2026 03:15:35.675] [Server thread/INFO] [com.yesman.epicskills.EpicSkills/]: wom:acrobat is disabled.
[19Apr2026 03:15:35.675] [Server thread/INFO] [com.yesman.epicskills.EpicSkills/]: epicskills:infernal_might is disabled.
[19Apr2026 03:15:35.676] [Server thread/WARN] [com.yesman.epicskills.EpicSkills/]: Unknown skill tree id: dodge_parry_reward:passive_old
[19Apr2026 03:15:35.676] [Server thread/INFO] [com.yesman.epicskills.EpicSkills/]: sword_soaring:sword_soaring_skills is disabled.
[19Apr2026 03:15:40.128] [Server thread/INFO] [net.minecraft.server.MinecraftServer/]: Kokuuuuuun was slain by Vex
[19Apr2026 03:15:47.185] [Server thread/INFO] [com.yesman.epicskills.EpicSkills/]: wom:acrobat is disabled.
[19Apr2026 03:15:47.185] [Server thread/INFO] [com.yesman.epicskills.EpicSkills/]: epicskills:infernal_might is disabled.
[19Apr2026 03:15:47.186] [Server thread/WARN] [com.yesman.epicskills.EpicSkills/]: Unknown skill tree id: dodge_parry_reward:passive_old
[19Apr2026 03:15:47.186] [Server thread/INFO] [com.yesman.epicskills.EpicSkills/]: sword_soaring:sword_soaring_skills is disabled.
[19Apr2026 03:16:03.122] [Server thread/INFO] [net.minecraft.server.MinecraftServer/]: Plataer_ was slain by Vex
[19Apr2026 03:16:04.631] [Server thread/INFO] [net.minecraft.server.MinecraftServer/]: Kokuuuuuun was slain by Vex
[19Apr2026 03:16:10.068] [Server thread/INFO] [com.yesman.epicskills.EpicSkills/]: wom:acrobat is disabled.
[19Apr2026 03:16:10.068] [Server thread/INFO] [com.yesman.epicskills.EpicSkills/]: epicskills:infernal_might is disabled.
[19Apr2026 03:16:10.068] [Server thread/WARN] [com.yesman.epicskills.EpicSkills/]: Unknown skill tree id: dodge_parry_reward:passive_old
[19Apr2026 03:16:10.068] [Server thread/INFO] [com.yesman.epicskills.EpicSkills/]: sword_soaring:sword_soaring_skills is disabled.
[19Apr2026 03:16:11.792] [Server thread/INFO] [com.yesman.epicskills.EpicSkills/]: wom:acrobat is disabled.
[19Apr2026 03:16:11.792] [Server thread/INFO] [com.yesman.epicskills.EpicSkills/]: epicskills:infernal_might is disabled.
[19Apr2026 03:16:11.792] [Server thread/WARN] [com.yesman.epicskills.EpicSkills/]: Unknown skill tree id: dodge_parry_reward:passive_old
[19Apr2026 03:16:11.792] [Server thread/INFO] [com.yesman.epicskills.EpicSkills/]: sword_soaring:sword_soaring_skills is disabled.
[19Apr2026 03:16:29.022] [Server thread/INFO] [net.minecraft.server.MinecraftServer/]: Kokuuuuuun was slain by Vex
[19Apr2026 03:16:33.772] [Server thread/INFO] [net.minecraft.server.MinecraftServer/]: Plataer_ was slain by Vex
[19Apr2026 03:16:36.126] [Server thread/INFO] [com.yesman.epicskills.EpicSkills/]: wom:acrobat is disabled.
[19Apr2026 03:16:36.127] [Server thread/INFO] [com.yesman.epicskills.EpicSkills/]: epicskills:infernal_might is disabled.
[19Apr2026 03:16:36.127] [Server thread/WARN] [com.yesman.epicskills.EpicSkills/]: Unknown skill tree id: dodge_parry_reward:passive_old
[19Apr2026 03:16:36.127] [Server thread/INFO] [com.yesman.epicskills.EpicSkills/]: sword_soaring:sword_soaring_skills is disabled.
[19Apr2026 03:16:40.695] [Server thread/INFO] [com.yesman.epicskills.EpicSkills/]: wom:acrobat is disabled.
[19Apr2026 03:16:40.695] [Server thread/INFO] [com.yesman.epicskills.EpicSkills/]: epicskills:infernal_might is disabled.
[19Apr2026 03:16:40.695] [Server thread/WARN] [com.yesman.epicskills.EpicSkills/]: Unknown skill tree id: dodge_parry_reward:passive_old
[19Apr2026 03:16:40.696] [Server thread/INFO] [com.yesman.epicskills.EpicSkills/]: sword_soaring:sword_soaring_skills is disabled.
[19Apr2026 03:16:50.073] [Server thread/INFO] [net.minecraft.server.MinecraftServer/]: Kokuuuuuun was slain by Vex
[19Apr2026 03:16:52.723] [Server thread/INFO] [net.minecraft.server.MinecraftServer/]: Plataer_ was killed by Evoker using magic
[19Apr2026 03:16:57.329] [Server thread/INFO] [com.yesman.epicskills.EpicSkills/]: wom:acrobat is disabled.
[19Apr2026 03:16:57.329] [Server thread/INFO] [com.yesman.epicskills.EpicSkills/]: epicskills:infernal_might is disabled.
[19Apr2026 03:16:57.329] [Server thread/WARN] [com.yesman.epicskills.EpicSkills/]: Unknown skill tree id: dodge_parry_reward:passive_old
[19Apr2026 03:16:57.329] [Server thread/INFO] [com.yesman.epicskills.EpicSkills/]: sword_soaring:sword_soaring_skills is disabled.
[19Apr2026 03:16:59.589] [Server thread/INFO] [com.yesman.epicskills.EpicSkills/]: wom:acrobat is disabled.
[19Apr2026 03:16:59.589] [Server thread/INFO] [com.yesman.epicskills.EpicSkills/]: epicskills:infernal_might is disabled.
[19Apr2026 03:16:59.589] [Server thread/WARN] [com.yesman.epicskills.EpicSkills/]: Unknown skill tree id: dodge_parry_reward:passive_old
[19Apr2026 03:16:59.590] [Server thread/INFO] [com.yesman.epicskills.EpicSkills/]: sword_soaring:sword_soaring_skills is disabled.
[19Apr2026 03:17:12.579] [Server thread/INFO] [net.minecraft.server.MinecraftServer/]: Kokuuuuuun was slain by Vex
[19Apr2026 03:17:19.640] [Server thread/INFO] [com.yesman.epicskills.EpicSkills/]: wom:acrobat is disabled.
[19Apr2026 03:17:19.640] [Server thread/INFO] [com.yesman.epicskills.EpicSkills/]: epicskills:infernal_might is disabled.
[19Apr2026 03:17:19.640] [Server thread/WARN] [com.yesman.epicskills.EpicSkills/]: Unknown skill tree id: dodge_parry_reward:passive_old
[19Apr2026 03:17:19.640] [Server thread/INFO] [com.yesman.epicskills.EpicSkills/]: sword_soaring:sword_soaring_skills is disabled.
[19Apr2026 03:17:29.123] [Server thread/INFO] [net.minecraft.server.MinecraftServer/]: Plataer_ was slain by Vex
[19Apr2026 03:17:33.123] [Server thread/INFO] [net.minecraft.server.MinecraftServer/]: Kokuuuuuun was slain by Vex
[19Apr2026 03:17:35.929] [Server thread/INFO] [com.yesman.epicskills.EpicSkills/]: wom:acrobat is disabled.
[19Apr2026 03:17:35.929] [Server thread/INFO] [com.yesman.epicskills.EpicSkills/]: epicskills:infernal_might is disabled.
[19Apr2026 03:17:35.929] [Server thread/WARN] [com.yesman.epicskills.EpicSkills/]: Unknown skill tree id: dodge_parry_reward:passive_old
[19Apr2026 03:17:35.929] [Server thread/INFO] [com.yesman.epicskills.EpicSkills/]: sword_soaring:sword_soaring_skills is disabled.
[19Apr2026 03:17:40.077] [Server thread/INFO] [com.yesman.epicskills.EpicSkills/]: wom:acrobat is disabled.
[19Apr2026 03:17:40.077] [Server thread/INFO] [com.yesman.epicskills.EpicSkills/]: epicskills:infernal_might is disabled.
[19Apr2026 03:17:40.077] [Server thread/WARN] [com.yesman.epicskills.EpicSkills/]: Unknown skill tree id: dodge_parry_reward:passive_old
[19Apr2026 03:17:40.077] [Server thread/INFO] [com.yesman.epicskills.EpicSkills/]: sword_soaring:sword_soaring_skills is disabled.
[19Apr2026 03:17:44.822] [Server thread/INFO] [net.minecraft.server.MinecraftServer/]: Plataer_ was slain by Vex
[19Apr2026 03:17:51.690] [Server thread/INFO] [com.yesman.epicskills.EpicSkills/]: wom:acrobat is disabled.
[19Apr2026 03:17:51.690] [Server thread/INFO] [com.yesman.epicskills.EpicSkills/]: epicskills:infernal_might is disabled.
[19Apr2026 03:17:51.690] [Server thread/WARN] [com.yesman.epicskills.EpicSkills/]: Unknown skill tree id: dodge_parry_reward:passive_old
[19Apr2026 03:17:51.690] [Server thread/INFO] [com.yesman.epicskills.EpicSkills/]: sword_soaring:sword_soaring_skills is disabled.
[19Apr2026 03:17:51.977] [Server thread/INFO] [net.minecraft.server.MinecraftServer/]: Kokuuuuuun was killed by Evoker using magic
[19Apr2026 03:17:59.001] [Server thread/INFO] [com.yesman.epicskills.EpicSkills/]: wom:acrobat is disabled.
[19Apr2026 03:17:59.001] [Server thread/INFO] [com.yesman.epicskills.EpicSkills/]: epicskills:infernal_might is disabled.
[19Apr2026 03:17:59.001] [Server thread/WARN] [com.yesman.epicskills.EpicSkills/]: Unknown skill tree id: dodge_parry_reward:passive_old
[19Apr2026 03:17:59.001] [Server thread/INFO] [com.yesman.epicskills.EpicSkills/]: sword_soaring:sword_soaring_skills is disabled.
[19Apr2026 03:18:04.173] [Server thread/INFO] [net.minecraft.server.MinecraftServer/]: Plataer_ was slain by Vex
[19Apr2026 03:18:10.836] [Server thread/INFO] [com.yesman.epicskills.EpicSkills/]: wom:acrobat is disabled.
[19Apr2026 03:18:10.836] [Server thread/INFO] [com.yesman.epicskills.EpicSkills/]: epicskills:infernal_might is disabled.
[19Apr2026 03:18:10.837] [Server thread/WARN] [com.yesman.epicskills.EpicSkills/]: Unknown skill tree id: dodge_parry_reward:passive_old
[19Apr2026 03:18:10.837] [Server thread/INFO] [com.yesman.epicskills.EpicSkills/]: sword_soaring:sword_soaring_skills is disabled.
[19Apr2026 03:18:58.280] [Server thread/INFO] [net.minecraft.server.MinecraftServer/]: Plataer_ has made the advancement [Acquire Hardware]
[19Apr2026 03:19:56.625] [Server thread/INFO] [net.minecraft.server.MinecraftServer/]: Kokuuuuuun has made the advancement [Delightful Decade]
[19Apr2026 03:21:06.110] [Server thread/INFO] [net.minecraft.server.MinecraftServer/]: Plataer_ has made the advancement [Delightful Decade]
[19Apr2026 03:25:48.278] [Server thread/INFO] [net.minecraft.world.entity.npc.Villager/]: Villager Villager['Unemployed'/6006144, l='ServerLevel[world]', x=1783.50, y=121.00, z=224.30] died, message: 'Unemployed was shot by Pillager'
[19Apr2026 03:26:20.486] [Server thread/INFO] [net.minecraft.world.entity.npc.Villager/]: Villager Villager['Unemployed'/6006753, l='ServerLevel[world]', x=1786.50, y=121.00, z=224.70] died, message: 'Unemployed was shot by Pillager'
[19Apr2026 03:27:12.333] [Worker-Main-30/INFO] [net.magister.bookofdragons.worldgen.DragonSpawnProcessor/]: === ROOST CONTROLLER PLACEMENT === Archetype: cliff at worldPos: BlockPos{x=1597, y=174, z=-403}
[19Apr2026 03:27:12.333] [Worker-Main-30/INFO] [net.magister.bookofdragons.worldgen.DragonSpawnProcessor/]: Successfully returned RoostControllerBlock for placement at BlockPos{x=1597, y=174, z=-403}
[19Apr2026 03:27:27.207] [Server thread/INFO] [net.minecraft.server.MinecraftServer/]: [Not Secure] <Kokuuuuuun> as
[19Apr2026 03:28:27.620] [Worker-Main-30/ERROR] [net.minecraft.world.entity.decoration.HangingEntity/]: Hanging entity at invalid position: BlockPos{x=-67, y=5, z=289}
[19Apr2026 03:28:28.137] [Worker-Main-41/ERROR] [net.minecraft.world.entity.decoration.HangingEntity/]: Hanging entity at invalid position: BlockPos{x=-67, y=5, z=289}
[19Apr2026 03:28:28.168] [Worker-Main-41/ERROR] [net.minecraft.world.entity.decoration.HangingEntity/]: Hanging entity at invalid position: BlockPos{x=-67, y=5, z=289}
[19Apr2026 03:28:28.169] [Worker-Main-41/ERROR] [net.minecraft.world.entity.decoration.HangingEntity/]: Hanging entity at invalid position: BlockPos{x=-67, y=5, z=289}
[19Apr2026 03:28:59.705] [Server thread/INFO] [net.magister.bookofdragons.block.entity.RoostControllerBlockEntity/]: Roost at BlockPos{x=1597, y=174, z=-403} scanned. Footprint: BlockPos{x=1574, y=160, z=-435} to BlockPos{x=1624, y=185, z=-371} (Size: 51x26x65)
[19Apr2026 03:28:59.705] [Server thread/INFO] [net.magister.bookofdragons.block.entity.RoostControllerBlockEntity/]: Attempting to soft-spawn SKRILL for archetype cliff at BlockPos{x=1597, y=174, z=-403}
[19Apr2026 03:28:59.713] [Server thread/INFO] [net.magister.bookofdragons.block.entity.RoostControllerBlockEntity/]: Roost at BlockPos{x=1597, y=174, z=-403} decorated with 6/18 scale clusters for SKRILL
[19Apr2026 03:28:59.715] [Server thread/INFO] [net.magister.bookofdragons.block.entity.RoostControllerBlockEntity/]: Successfully soft-spawned SKRILL at BlockPos{x=1597, y=174, z=-403}
[19Apr2026 03:28:59.717] [Server thread/INFO] [net.magister.bookofdragons.block.entity.RoostControllerBlockEntity/]: Roost at BlockPos{x=1597, y=174, z=-403} decorated with 1/14 scale clusters for SKRILL
[19Apr2026 03:28:59.717] [Server thread/INFO] [net.magister.bookofdragons.block.entity.RoostControllerBlockEntity/]: Dragon a089fdb2-8695-4750-a9c7-2e988ed1ca16 claimed roost at BlockPos{x=1597, y=174, z=-403}
[19Apr2026 03:29:04.971] [Server thread/INFO] [net.minecraft.server.MinecraftServer/]: Kokuuuuuun has made the advancement [A test of time]
[19Apr2026 03:29:11.820] [Server thread/INFO] [net.minecraft.server.MinecraftServer/]: Plataer_ has made the advancement [A test of time]
[19Apr2026 03:30:06.956] [Server thread/INFO] [net.minecraft.server.MinecraftServer/]: Plataer_ has made the advancement [Ol' Betsy]
[19Apr2026 03:30:14.224] [Server thread/INFO] [net.minecraft.server.MinecraftServer/]: Kokuuuuuun was slain by Plataer_
[19Apr2026 03:30:21.223] [Server thread/INFO] [com.yesman.epicskills.EpicSkills/]: wom:acrobat is disabled.
[19Apr2026 03:30:21.223] [Server thread/INFO] [com.yesman.epicskills.EpicSkills/]: epicskills:infernal_might is disabled.
[19Apr2026 03:30:21.223] [Server thread/WARN] [com.yesman.epicskills.EpicSkills/]: Unknown skill tree id: dodge_parry_reward:passive_old
[19Apr2026 03:30:21.223] [Server thread/INFO] [com.yesman.epicskills.EpicSkills/]: sword_soaring:sword_soaring_skills is disabled.
